CarWaitTime,carFlex,ReqFlex
0.022603388,1.1,1.1
0.022777073,1.1,1.2
0.022537262,1.1,1.3
0.022269901,1.1,1.4
0.022719743,1.1,1.5
0.022382739,1.1,1.6
0.022574801,1.1,1.7
0.022149022,1.1,1.8
0.022659712,1.1,1.9
0.022336938,1.1,2
0.022184833,1.1,2.1
0.02239455,1.1,2.2
0.02226343,1.1,2.3
0.022710571,1.1,2.4
0.022146383,1.1,2.5
0.022439566,1.1,2.6
0.022187221,1.1,2.7
0.022066404,1.1,2.8
0.022160393,1.1,2.9
0.02222033,1.1,3
0.054271288,1.2,1.1
0.054727947,1.2,1.2
0.055509643,1.2,1.3
0.054887623,1.2,1.4
0.055092471,1.2,1.5
0.055289308,1.2,1.6
0.054872701,1.2,1.7
0.056014239,1.2,1.8
0.055183507,1.2,1.9
0.055967402,1.2,2
0.055708397,1.2,2.1
0.055036366,1.2,2.2
0.056693715,1.2,2.3
0.05579469,1.2,2.4
0.055461266,1.2,2.5
0.055590784,1.2,2.6
0.056418658,1.2,2.7
0.05607804,1.2,2.8
0.056104836,1.2,2.9
0.055308879,1.2,3
0.090167708,1.3,1.1
0.090216681,1.3,1.2
0.091146398,1.3,1.3
0.091439423,1.3,1.4
0.091766376,1.3,1.5
0.092845495,1.3,1.6
0.091480701,1.3,1.7
0.093245076,1.3,1.8
0.092672249,1.3,1.9
0.091266366,1.3,2
0.092341653,1.3,2.1
0.093376102,1.3,2.2
0.092623433,1.3,2.3
0.092974542,1.3,2.4
0.092958427,1.3,2.5
0.09314738,1.3,2.6
0.092501862,1.3,2.7
0.09346783,1.3,2.8
0.092943631,1.3,2.9
0.093071987,1.3,3
0.125207604,1.4,1.1
0.126368148,1.4,1.2
0.126246263,1.4,1.3
0.128627663,1.4,1.4
0.12767957,1.4,1.5
0.130138908,1.4,1.6
0.129457359,1.4,1.7
0.129856217,1.4,1.8
0.129678699,1.4,1.9
0.129832311,1.4,2
0.130182855,1.4,2.1
0.132216319,1.4,2.2
0.13134833,1.4,2.3
0.129554615,1.4,2.4
0.130034615,1.4,2.5
0.13274947,1.4,2.6
0.13007429,1.4,2.7
0.130609357,1.4,2.8
0.130631818,1.4,2.9
0.130970771,1.4,3
0.16157972,1.5,1.1
0.163511592,1.5,1.2
0.163761047,1.5,1.3
0.165577129,1.5,1.4
0.166431515,1.5,1.5
0.168140602,1.5,1.6
0.167910215,1.5,1.7
0.165913819,1.5,1.8
0.16870856,1.5,1.9
0.168668476,1.5,2
0.167994812,1.5,2.1
0.171011489,1.5,2.2
0.169124193,1.5,2.3
0.169477595,1.5,2.4
0.169769742,1.5,2.5
0.169218873,1.5,2.6
0.168400047,1.5,2.7
0.170137595,1.5,2.8
0.170888316,1.5,2.9
0.170607165,1.5,3
0.02125319,1.1,1.1
0.02117749,1.1,1.2
0.021073916,1.1,1.3
0.020823496,1.1,1.4
0.020675239,1.1,1.5
0.021478149,1.1,1.6
0.020916048,1.1,1.7
0.021228139,1.1,1.8
0.021058703,1.1,1.9
0.021011971,1.1,2
0.021051962,1.1,2.1
0.020681252,1.1,2.2
0.021204272,1.1,2.3
0.020830192,1.1,2.4
0.020764831,1.1,2.5
0.020815981,1.1,2.6
0.020674829,1.1,2.7
0.020770433,1.1,2.8
0.020432289,1.1,2.9
0.021099422,1.1,3
0.051496253,1.2,1.1
0.052335646,1.2,1.2
0.053543608,1.2,1.3
0.052152363,1.2,1.4
0.053204553,1.2,1.5
0.053789473,1.2,1.6
0.053221178,1.2,1.7
0.053444542,1.2,1.8
0.054043263,1.2,1.9
0.053765287,1.2,2
0.05333828,1.2,2.1
0.053501158,1.2,2.2
0.053614298,1.2,2.3
0.052856662,1.2,2.4
0.053097881,1.2,2.5
0.054410512,1.2,2.6
0.053330355,1.2,2.7
0.052903075,1.2,2.8
0.052749307,1.2,2.9
0.052872649,1.2,3
0.085954226,1.3,1.1
0.08808803,1.3,1.2
0.088583677,1.3,1.3
0.087489947,1.3,1.4
0.089260557,1.3,1.5
0.089746092,1.3,1.6
0.088936988,1.3,1.7
0.08861351,1.3,1.8
0.088725602,1.3,1.9
0.08777266,1.3,2
0.088875317,1.3,2.1
0.090093345,1.3,2.2
0.090474668,1.3,2.3
0.089954836,1.3,2.4
0.090937293,1.3,2.5
0.090095714,1.3,2.6
0.08996604,1.3,2.7
0.089832268,1.3,2.8
0.090590495,1.3,2.9
0.089347962,1.3,3
0.118678847,1.4,1.1
0.121320824,1.4,1.2
0.122265158,1.4,1.3
0.126204962,1.4,1.4
0.126655836,1.4,1.5
0.12576379,1.4,1.6
0.125427969,1.4,1.7
0.127807228,1.4,1.8
0.12844471,1.4,1.9
0.126574853,1.4,2
0.128170788,1.4,2.1
0.128819747,1.4,2.2
0.12878627,1.4,2.3
0.128679097,1.4,2.4
0.129239967,1.4,2.5
0.126177634,1.4,2.6
0.126860617,1.4,2.7
0.126560961,1.4,2.8
0.128234827,1.4,2.9
0.12895771,1.4,3
0.155048171,1.5,1.1
0.159078478,1.5,1.2
0.158927078,1.5,1.3
0.162848618,1.5,1.4
0.163123269,1.5,1.5
0.165827873,1.5,1.6
0.164095797,1.5,1.7
0.161707018,1.5,1.8
0.164967119,1.5,1.9
0.166952575,1.5,2
0.166113957,1.5,2.1
0.166980769,1.5,2.2
0.167270724,1.5,2.3
0.168513439,1.5,2.4
0.167763957,1.5,2.5
0.166217395,1.5,2.6
0.165438625,1.5,2.7
0.168526238,1.5,2.8
0.164513603,1.5,2.9
0.165528855,1.5,3
0.022311917,1.1,1.1
0.021840727,1.1,1.2
0.022052133,1.1,1.3
0.021987027,1.1,1.4
0.021971238,1.1,1.5
0.021930547,1.1,1.6
0.021264829,1.1,1.7
0.022196895,1.1,1.8
0.022122001,1.1,1.9
0.021959162,1.1,2
0.021263366,1.1,2.1
0.022066834,1.1,2.2
0.021711941,1.1,2.3
0.021729493,1.1,2.4
0.021967976,1.1,2.5
0.021106303,1.1,2.6
0.021476947,1.1,2.7
0.021132892,1.1,2.8
0.021815825,1.1,2.9
0.021305182,1.1,3
0.053158058,1.2,1.1
0.053221589,1.2,1.2
0.053597933,1.2,1.3
0.052302048,1.2,1.4
0.053285382,1.2,1.5
0.05365205,1.2,1.6
0.054469395,1.2,1.7
0.054532775,1.2,1.8
0.053611472,1.2,1.9
0.053802063,1.2,2
0.054140679,1.2,2.1
0.054095901,1.2,2.2
0.053845717,1.2,2.3
0.053620998,1.2,2.4
0.05456154,1.2,2.5
0.054206197,1.2,2.6
0.05414413,1.2,2.7
0.053816689,1.2,2.8
0.05305815,1.2,2.9
0.053822127,1.2,3
0.086689727,1.3,1.1
0.087709551,1.3,1.2
0.088516057,1.3,1.3
0.088129212,1.3,1.4
0.090184274,1.3,1.5
0.090493187,1.3,1.6
0.09019785,1.3,1.7
0.090125281,1.3,1.8
0.089648841,1.3,1.9
0.089582985,1.3,2
0.089929552,1.3,2.1
0.090202988,1.3,2.2
0.090626286,1.3,2.3
0.090158622,1.3,2.4
0.091704278,1.3,2.5
0.089354703,1.3,2.6
0.090021097,1.3,2.7
0.090441058,1.3,2.8
0.089854358,1.3,2.9
0.088660257,1.3,3
0.122368978,1.4,1.1
0.121216543,1.4,1.2
0.122431946,1.4,1.3
0.123518376,1.4,1.4
0.124059472,1.4,1.5
0.12628071,1.4,1.6
0.125505069,1.4,1.7
0.124166506,1.4,1.8
0.12627396,1.4,1.9
0.126031539,1.4,2
0.125494906,1.4,2.1
0.126304225,1.4,2.2
0.126580661,1.4,2.3
0.127937826,1.4,2.4
0.125005527,1.4,2.5
0.12627711,1.4,2.6
0.127165523,1.4,2.7
0.126525793,1.4,2.8
0.127548205,1.4,2.9
0.125720788,1.4,3
0.157237336,1.5,1.1
0.156263678,1.5,1.2
0.15773564,1.5,1.3
0.160487924,1.5,1.4
0.161134929,1.5,1.5
0.163368506,1.5,1.6
0.163570085,1.5,1.7
0.163778565,1.5,1.8
0.161022644,1.5,1.9
0.162209507,1.5,2
0.162364396,1.5,2.1
0.162616004,1.5,2.2
0.163432449,1.5,2.3
0.165855079,1.5,2.4
0.16379713,1.5,2.5
0.163236307,1.5,2.6
0.16365008,1.5,2.7
0.161880004,1.5,2.8
0.162612442,1.5,2.9
0.162142789,1.5,3
0.021244251,1.1,1.1
0.021261813,1.1,1.2
0.021183012,1.1,1.3
0.020874795,1.1,1.4
0.020996815,1.1,1.5
0.021218862,1.1,1.6
0.020867427,1.1,1.7
0.02115602,1.1,1.8
0.02143167,1.1,1.9
0.021274985,1.1,2
0.020885905,1.1,2.1
0.020599794,1.1,2.2
0.020778089,1.1,2.3
0.020597656,1.1,2.4
0.021055343,1.1,2.5
0.020757014,1.1,2.6
0.020559248,1.1,2.7
0.021241426,1.1,2.8
0.020479493,1.1,2.9
0.020278787,1.1,3
0.050842314,1.2,1.1
0.051514337,1.2,1.2
0.051723671,1.2,1.3
0.052470103,1.2,1.4
0.052539741,1.2,1.5
0.052663287,1.2,1.6
0.052769921,1.2,1.7
0.053042593,1.2,1.8
0.052631561,1.2,1.9
0.052626979,1.2,2
0.052204379,1.2,2.1
0.052239618,1.2,2.2
0.052342242,1.2,2.3
0.052352283,1.2,2.4
0.052155052,1.2,2.5
0.052530425,1.2,2.6
0.053459658,1.2,2.7
0.052532792,1.2,2.8
0.051622459,1.2,2.9
0.051990769,1.2,3
0.084720825,1.3,1.1
0.085416861,1.3,1.2
0.0868344,1.3,1.3
0.086962718,1.3,1.4
0.086847953,1.3,1.5
0.087386655,1.3,1.6
0.088000722,1.3,1.7
0.088885705,1.3,1.8
0.08806448,1.3,1.9
0.088761891,1.3,2
0.08753349,1.3,2.1
0.088770443,1.3,2.2
0.088618645,1.3,2.3
0.088112127,1.3,2.4
0.087626341,1.3,2.5
0.08990313,1.3,2.6
0.088662054,1.3,2.7
0.087256924,1.3,2.8
0.089147535,1.3,2.9
0.087628632,1.3,3
0.11996621,1.4,1.1
0.119042629,1.4,1.2
0.120207233,1.4,1.3
0.121897711,1.4,1.4
0.122795216,1.4,1.5
0.122737146,1.4,1.6
0.122935943,1.4,1.7
0.124093255,1.4,1.8
0.124972435,1.4,1.9
0.124980834,1.4,2
0.125348076,1.4,2.1
0.124642991,1.4,2.2
0.125114651,1.4,2.3
0.12410509,1.4,2.4
0.123829898,1.4,2.5
0.12557837,1.4,2.6
0.124095851,1.4,2.7
0.125304704,1.4,2.8
0.12434932,1.4,2.9
0.125301001,1.4,3
0.153467858,1.5,1.1
0.156013731,1.5,1.2
0.157019206,1.5,1.3
0.159677248,1.5,1.4
0.161783645,1.5,1.5
0.157818516,1.5,1.6
0.160172311,1.5,1.7
0.161664603,1.5,1.8
0.161228182,1.5,1.9
0.1603587,1.5,2
0.160423566,1.5,2.1
0.161099749,1.5,2.2
0.163310909,1.5,2.3
0.162380455,1.5,2.4
0.159511819,1.5,2.5
0.162240224,1.5,2.6
0.162303181,1.5,2.7
0.161641963,1.5,2.8
0.161931816,1.5,2.9
0.162135271,1.5,3
0.019341537,1.1,1.1
0.019416125,1.1,1.2
0.01943862,1.1,1.3
0.019573316,1.1,1.4
0.019238306,1.1,1.5
0.019312621,1.1,1.6
0.01950278,1.1,1.7
0.019435706,1.1,1.8
0.019293451,1.1,1.9
0.019242177,1.1,2
0.019520084,1.1,2.1
0.019515576,1.1,2.2
0.019315399,1.1,2.3
0.019624544,1.1,2.4
0.019624908,1.1,2.5
0.019297094,1.1,2.6
0.01917237,1.1,2.7
0.019053475,1.1,2.8
0.018944461,1.1,2.9
0.019162762,1.1,3
0.048160154,1.2,1.1
0.050229955,1.2,1.2
0.048640788,1.2,1.3
0.049494,1.2,1.4
0.049478608,1.2,1.5
0.051440717,1.2,1.6
0.050314516,1.2,1.7
0.050002183,1.2,1.8
0.049758155,1.2,1.9
0.050713185,1.2,2
0.050565238,1.2,2.1
0.050367019,1.2,2.2
0.050770698,1.2,2.3
0.050773794,1.2,2.4
0.050432227,1.2,2.5
0.050910403,1.2,2.6
0.050469567,1.2,2.7
0.050589327,1.2,2.8
0.050301675,1.2,2.9
0.04945534,1.2,3
0.082178046,1.3,1.1
0.083204523,1.3,1.2
0.082692924,1.3,1.3
0.084945416,1.3,1.4
0.08406247,1.3,1.5
0.085472225,1.3,1.6
0.084831394,1.3,1.7
0.086033321,1.3,1.8
0.085681236,1.3,1.9
0.084418973,1.3,2
0.086175713,1.3,2.1
0.085035032,1.3,2.2
0.086322931,1.3,2.3
0.086549201,1.3,2.4
0.085729367,1.3,2.5
0.085166996,1.3,2.6
0.084329813,1.3,2.7
0.086551068,1.3,2.8
0.086196477,1.3,2.9
0.086348432,1.3,3
0.116954662,1.4,1.1
0.115618449,1.4,1.2
0.118730938,1.4,1.3
0.119373408,1.4,1.4
0.120251345,1.4,1.5
0.120672236,1.4,1.6
0.120281536,1.4,1.7
0.121340434,1.4,1.8
0.121543343,1.4,1.9
0.12170659,1.4,2
0.121357191,1.4,2.1
0.122186587,1.4,2.2
0.122239364,1.4,2.3
0.124353699,1.4,2.4
0.123205414,1.4,2.5
0.122988115,1.4,2.6
0.12225439,1.4,2.7
0.123318616,1.4,2.8
0.120762398,1.4,2.9
0.124411576,1.4,3
0.15166261,1.5,1.1
0.15440152,1.5,1.2
0.155549806,1.5,1.3
0.157328768,1.5,1.4
0.15967256,1.5,1.5
0.160073643,1.5,1.6
0.159605485,1.5,1.7
0.162697529,1.5,1.8
0.162389203,1.5,1.9
0.158436253,1.5,2
0.162136933,1.5,2.1
0.163293552,1.5,2.2
0.164766055,1.5,2.3
0.162441433,1.5,2.4
0.161683848,1.5,2.5
0.162437426,1.5,2.6
0.161477979,1.5,2.7
0.161203304,1.5,2.8
0.163674143,1.5,2.9
0.160756003,1.5,3
0.019460068,1.1,1.1
0.019279243,1.1,1.2
0.019576731,1.1,1.3
0.019328149,1.1,1.4
0.019160531,1.1,1.5
0.019564619,1.1,1.6
0.019773038,1.1,1.7
0.01904587,1.1,1.8
0.019582104,1.1,1.9
0.019729414,1.1,2
0.019139129,1.1,2.1
0.019462754,1.1,2.2
0.019118546,1.1,2.3
0.019974581,1.1,2.4
0.019677594,1.1,2.5
0.019940474,1.1,2.6
0.019580829,1.1,2.7
0.019425187,1.1,2.8
0.019681692,1.1,2.9
0.019339943,1.1,3
0.049202568,1.2,1.1
0.049542131,1.2,1.2
0.049940209,1.2,1.3
0.049593405,1.2,1.4
0.049744358,1.2,1.5
0.050049086,1.2,1.6
0.050393931,1.2,1.7
0.050378085,1.2,1.8
0.049962704,1.2,1.9
0.049740123,1.2,2
0.049878553,1.2,2.1
0.051158165,1.2,2.2
0.05008975,1.2,2.3
0.050662731,1.2,2.4
0.050946057,1.2,2.5
0.051171644,1.2,2.6
0.050809267,1.2,2.7
0.049912158,1.2,2.8
0.049989024,1.2,2.9
0.049782335,1.2,3
0.08097325,1.3,1.1
0.084405676,1.3,1.2
0.084240152,1.3,1.3
0.084600116,1.3,1.4
0.08485439,1.3,1.5
0.085184664,1.3,1.6
0.085202195,1.3,1.7
0.083725047,1.3,1.8
0.084881802,1.3,1.9
0.086665728,1.3,2
0.085645945,1.3,2.1
0.08570883,1.3,2.2
0.086099759,1.3,2.3
0.086136188,1.3,2.4
0.085024467,1.3,2.5
0.086432309,1.3,2.6
0.086680208,1.3,2.7
0.085012309,1.3,2.8
0.085596311,1.3,2.9
0.085183935,1.3,3
0.115744038,1.4,1.1
0.117647996,1.4,1.2
0.120116877,1.4,1.3
0.118197618,1.4,1.4
0.121124638,1.4,1.5
0.12261021,1.4,1.6
0.122396646,1.4,1.7
0.120980061,1.4,1.8
0.12227643,1.4,1.9
0.122644317,1.4,2
0.123415426,1.4,2.1
0.123286787,1.4,2.2
0.121689423,1.4,2.3
0.123499714,1.4,2.4
0.122623006,1.4,2.5
0.122919446,1.4,2.6
0.122210084,1.4,2.7
0.12159448,1.4,2.8
0.123010974,1.4,2.9
0.122804468,1.4,3
0.152433583,1.5,1.1
0.153964191,1.5,1.2
0.155987818,1.5,1.3
0.156052616,1.5,1.4
0.157580355,1.5,1.5
0.158631057,1.5,1.6
0.160200188,1.5,1.7
0.159575022,1.5,1.8
0.161408582,1.5,1.9
0.159612407,1.5,2
0.163007675,1.5,2.1
0.162233697,1.5,2.2
0.165735702,1.5,2.3
0.162506914,1.5,2.4
0.16075837,1.5,2.5
0.163691857,1.5,2.6
0.16002879,1.5,2.7
0.161016697,1.5,2.8
0.160740019,1.5,2.9
0.162539063,1.5,3
0.023051048,1.1,1.1
0.022788717,1.1,1.2
0.023179698,1.1,1.3
0.023074093,1.1,1.4
0.022915547,1.1,1.5
0.022351566,1.1,1.6
0.022913488,1.1,1.7
0.023471964,1.1,1.8
0.02300171,1.1,1.9
0.022883315,1.1,2
0.023486021,1.1,2.1
0.023224126,1.1,2.2
0.023400571,1.1,2.3
0.022186922,1.1,2.4
0.023437,1.1,2.5
0.023021033,1.1,2.6
0.022818415,1.1,2.7
0.022895629,1.1,2.8
0.023119867,1.1,2.9
0.022598533,1.1,3
0.055262747,1.2,1.1
0.055401376,1.2,1.2
0.055821144,1.2,1.3
0.05710385,1.2,1.4
0.056889511,1.2,1.5
0.056734726,1.2,1.6
0.057294509,1.2,1.7
0.05677658,1.2,1.8
0.057431713,1.2,1.9
0.056941819,1.2,2
0.05651132,1.2,2.1
0.056991513,1.2,2.2
0.05814929,1.2,2.3
0.057934674,1.2,2.4
0.058126957,1.2,2.5
0.057407202,1.2,2.6
0.056267996,1.2,2.7
0.055994579,1.2,2.8
0.057529913,1.2,2.9
0.057272176,1.2,3
0.090354733,1.3,1.1
0.091670898,1.3,1.2
0.093406514,1.3,1.3
0.092931548,1.3,1.4
0.092497367,1.3,1.5
0.094421267,1.3,1.6
0.094747467,1.3,1.7
0.09423231,1.3,1.8
0.09473151,1.3,1.9
0.095353698,1.3,2
0.095037951,1.3,2.1
0.095194953,1.3,2.2
0.096324537,1.3,2.3
0.095457402,1.3,2.4
0.094998077,1.3,2.5
0.096353998,1.3,2.6
0.096385873,1.3,2.7
0.09673702,1.3,2.8
0.096766401,1.3,2.9
0.09561484,1.3,3
0.125853697,1.4,1.1
0.127622812,1.4,1.2
0.129149515,1.4,1.3
0.131353089,1.4,1.4
0.132352439,1.4,1.5
0.133030498,1.4,1.6
0.131693227,1.4,1.7
0.132195436,1.4,1.8
0.134222527,1.4,1.9
0.133062176,1.4,2
0.13422609,1.4,2.1
0.134568723,1.4,2.2
0.134745722,1.4,2.3
0.136723474,1.4,2.4
0.135911537,1.4,2.5
0.135606244,1.4,2.6
0.136299073,1.4,2.7
0.136139418,1.4,2.8
0.135253831,1.4,2.9
0.135024564,1.4,3
0.164122591,1.5,1.1
0.165565784,1.5,1.2
0.167985201,1.5,1.3
0.171010889,1.5,1.4
0.169666253,1.5,1.5
0.171452752,1.5,1.6
0.173013033,1.5,1.7
0.174573274,1.5,1.8
0.173822356,1.5,1.9
0.172578138,1.5,2
0.174646132,1.5,2.1
0.176872554,1.5,2.2
0.17530467,1.5,2.3
0.176282637,1.5,2.4
0.174380278,1.5,2.5
0.174479191,1.5,2.6
0.176475396,1.5,2.7
0.173268235,1.5,2.8
0.17550317,1.5,2.9
0.173633795,1.5,3
0.024694523,1.1,1.1
0.025080393,1.1,1.2
0.024836841,1.1,1.3
0.024988084,1.1,1.4
0.025034996,1.1,1.5
0.025170445,1.1,1.6
0.025149329,1.1,1.7
0.025113733,1.1,1.8
0.025179537,1.1,1.9
0.025264336,1.1,2
0.025081369,1.1,2.1
0.024845867,1.1,2.2
0.024803636,1.1,2.3
0.025134175,1.1,2.4
0.024637171,1.1,2.5
0.02491541,1.1,2.6
0.025025903,1.1,2.7
0.02497,1.1,2.8
0.025048635,1.1,2.9
0.024874795,1.1,3
0.059424456,1.2,1.1
0.059523399,1.2,1.2
0.059985041,1.2,1.3
0.060568392,1.2,1.4
0.060357777,1.2,1.5
0.059701785,1.2,1.6
0.060422875,1.2,1.7
0.060902939,1.2,1.8
0.060796722,1.2,1.9
0.060043572,1.2,2
0.060839828,1.2,2.1
0.061292378,1.2,2.2
0.060513162,1.2,2.3
0.062006328,1.2,2.4
0.061294938,1.2,2.5
0.061064723,1.2,2.6
0.061211857,1.2,2.7
0.061983529,1.2,2.8
0.061008684,1.2,2.9
0.060261495,1.2,3
0.096718884,1.3,1.1
0.097280581,1.3,1.2
0.097972304,1.3,1.3
0.097244749,1.3,1.4
0.098820053,1.3,1.5
0.100184977,1.3,1.6
0.099563302,1.3,1.7
0.098381276,1.3,1.8
0.099529928,1.3,1.9
0.100197741,1.3,2
0.100090985,1.3,2.1
0.099549292,1.3,2.2
0.101007906,1.3,2.3
0.099929976,1.3,2.4
0.09979877,1.3,2.5
0.100466011,1.3,2.6
0.101170599,1.3,2.7
0.101274458,1.3,2.8
0.099611662,1.3,2.9
0.099820492,1.3,3
0.132998123,1.4,1.1
0.13398526,1.4,1.2
0.136490382,1.4,1.3
0.135392987,1.4,1.4
0.135708944,1.4,1.5
0.138906059,1.4,1.6
0.138236765,1.4,1.7
0.139165102,1.4,1.8
0.14100871,1.4,1.9
0.139154258,1.4,2
0.140220805,1.4,2.1
0.139594449,1.4,2.2
0.138656985,1.4,2.3
0.141030903,1.4,2.4
0.14009647,1.4,2.5
0.140830694,1.4,2.6
0.141082327,1.4,2.7
0.140569967,1.4,2.8
0.140528713,1.4,2.9
0.14023175,1.4,3
0.170231495,1.5,1.1
0.172821517,1.5,1.2
0.173906586,1.5,1.3
0.173416217,1.5,1.4
0.176655328,1.5,1.5
0.177928988,1.5,1.6
0.178103468,1.5,1.7
0.178249996,1.5,1.8
0.180018437,1.5,1.9
0.179837356,1.5,2
0.17858397,1.5,2.1
0.180703122,1.5,2.2
0.17961977,1.5,2.3
0.180644726,1.5,2.4
0.182056192,1.5,2.5
0.181219893,1.5,2.6
0.180443944,1.5,2.7
0.179212852,1.5,2.8
0.179893226,1.5,2.9
0.181852076,1.5,3
0.025043247,1.1,1.1
0.025082514,1.1,1.2
0.024892812,1.1,1.3
0.025245477,1.1,1.4
0.024480809,1.1,1.5
0.024674754,1.1,1.6
0.025439725,1.1,1.7
0.025025129,1.1,1.8
0.024681961,1.1,1.9
0.025230996,1.1,2
0.024828355,1.1,2.1
0.025400559,1.1,2.2
0.025101744,1.1,2.3
0.024872202,1.1,2.4
0.025043011,1.1,2.5
0.024811112,1.1,2.6
0.024983976,1.1,2.7
0.025090294,1.1,2.8
0.025293096,1.1,2.9
0.024968215,1.1,3
0.059690638,1.2,1.1
0.059921459,1.2,1.2
0.059670466,1.2,1.3
0.059922301,1.2,1.4
0.060755737,1.2,1.5
0.060137901,1.2,1.6
0.060954599,1.2,1.7
0.060709869,1.2,1.8
0.062088096,1.2,1.9
0.060992789,1.2,2
0.06076089,1.2,2.1
0.061498346,1.2,2.2
0.061708894,1.2,2.3
0.060787225,1.2,2.4
0.060926176,1.2,2.5
0.061445406,1.2,2.6
0.061254088,1.2,2.7
0.061956857,1.2,2.8
0.061402603,1.2,2.9
0.061817031,1.2,3
0.095912828,1.3,1.1
0.096550264,1.3,1.2
0.09787518,1.3,1.3
0.097803381,1.3,1.4
0.098775869,1.3,1.5
0.099243809,1.3,1.6
0.099564211,1.3,1.7
0.099492142,1.3,1.8
0.100504571,1.3,1.9
0.100355416,1.3,2
0.100488372,1.3,2.1
0.101089606,1.3,2.2
0.100235795,1.3,2.3
0.100300893,1.3,2.4
0.100865149,1.3,2.5
0.099822883,1.3,2.6
0.100356426,1.3,2.7
0.100657363,1.3,2.8
0.100426238,1.3,2.9
0.099981367,1.3,3
0.131908709,1.4,1.1
0.134527289,1.4,1.2
0.136055513,1.4,1.3
0.137864298,1.4,1.4
0.135822536,1.4,1.5
0.137110441,1.4,1.6
0.138215751,1.4,1.7
0.139958732,1.4,1.8
0.138437883,1.4,1.9
0.140290819,1.4,2
0.140346757,1.4,2.1
0.138779636,1.4,2.2
0.139670862,1.4,2.3
0.139112297,1.4,2.4
0.140730842,1.4,2.5
0.140396801,1.4,2.6
0.139948561,1.4,2.7
0.140332107,1.4,2.8
0.139809038,1.4,2.9
0.14064665,1.4,3
0.170137166,1.5,1.1
0.172454877,1.5,1.2
0.174900459,1.5,1.3
0.174850314,1.5,1.4
0.174945788,1.5,1.5
0.175750329,1.5,1.6
0.176591645,1.5,1.7
0.176287273,1.5,1.8
0.180062688,1.5,1.9
0.178639099,1.5,2
0.178019478,1.5,2.1
0.180920742,1.5,2.2
0.180773776,1.5,2.3
0.180182039,1.5,2.4
0.181457114,1.5,2.5
0.181301257,1.5,2.6
0.178198268,1.5,2.7
0.181967554,1.5,2.8
0.177267675,1.5,2.9
0.180721476,1.5,3
0.024696375,1.1,1.1
0.024909112,1.1,1.2
0.024647981,1.1,1.3
0.02520008,1.1,1.4
0.024751134,1.1,1.5
0.025132592,1.1,1.6
0.025130133,1.1,1.7
0.024977813,1.1,1.8
0.024828523,1.1,1.9
0.024756724,1.1,2
0.025307914,1.1,2.1
0.025363481,1.1,2.2
0.025152427,1.1,2.3
0.02482492,1.1,2.4
0.024968821,1.1,2.5
0.024877557,1.1,2.6
0.024779052,1.1,2.7
0.025128113,1.1,2.8
0.02487786,1.1,2.9
0.024721599,1.1,3
0.059718017,1.2,1.1
0.059998815,1.2,1.2
0.059778535,1.2,1.3
0.060559434,1.2,1.4
0.060864884,1.2,1.5
0.061106145,1.2,1.6
0.060430923,1.2,1.7
0.060791603,1.2,1.8
0.061115474,1.2,1.9
0.061675891,1.2,2
0.060758667,1.2,2.1
0.062194683,1.2,2.2
0.061255199,1.2,2.3
0.06071913,1.2,2.4
0.061461234,1.2,2.5
0.061945946,1.2,2.6
0.061007775,1.2,2.7
0.060999356,1.2,2.8
0.061985718,1.2,2.9
0.061695827,1.2,3
0.094776974,1.3,1.1
0.097908487,1.3,1.2
0.097039555,1.3,1.3
0.098250678,1.3,1.4
0.098143619,1.3,1.5
0.098318166,1.3,1.6
0.100000428,1.3,1.7
0.098335644,1.3,1.8
0.100147899,1.3,1.9
0.099238623,1.3,2
0.101650056,1.3,2.1
0.100405628,1.3,2.2
0.101052292,1.3,2.3
0.10002417,1.3,2.4
0.101018143,1.3,2.5
0.100176928,1.3,2.6
0.100617893,1.3,2.7
0.100539864,1.3,2.8
0.098645438,1.3,2.9
0.100623248,1.3,3
0.131575442,1.4,1.1
0.133357758,1.4,1.2
0.134590198,1.4,1.3
0.137115594,1.4,1.4
0.136742757,1.4,1.5
0.139072861,1.4,1.6
0.1381062,1.4,1.7
0.138786944,1.4,1.8
0.13836925,1.4,1.9
0.139083267,1.4,2
0.140199084,1.4,2.1
0.140458497,1.4,2.2
0.14050524,1.4,2.3
0.139960011,1.4,2.4
0.142168744,1.4,2.5
0.141144731,1.4,2.6
0.140107314,1.4,2.7
0.140322745,1.4,2.8
0.13921656,1.4,2.9
0.140988436,1.4,3
0.171058128,1.5,1.1
0.172240692,1.5,1.2
0.172274806,1.5,1.3
0.176740126,1.5,1.4
0.177146707,1.5,1.5
0.178803071,1.5,1.6
0.177319975,1.5,1.7
0.179450577,1.5,1.8
0.176016982,1.5,1.9
0.181599836,1.5,2
0.18019844,1.5,2.1
0.180048207,1.5,2.2
0.179407066,1.5,2.3
0.181308632,1.5,2.4
0.180492776,1.5,2.5
0.177056285,1.5,2.6
0.179447613,1.5,2.7
0.17939666,1.5,2.8
0.180511635,1.5,2.9
0.179079862,1.5,3
0.024099155,1.1,1.1
0.024054655,1.1,1.2
0.023866245,1.1,1.3
0.023847873,1.1,1.4
0.024027583,1.1,1.5
0.02390237,1.1,1.6
0.024037167,1.1,1.7
0.024099007,1.1,1.8
0.023613784,1.1,1.9
0.023836136,1.1,2
0.023657989,1.1,2.1
0.02383823,1.1,2.2
0.023773559,1.1,2.3
0.024326786,1.1,2.4
0.023856396,1.1,2.5
0.024024664,1.1,2.6
0.023899745,1.1,2.7
0.023729767,1.1,2.8
0.023989188,1.1,2.9
0.023929383,1.1,3
0.0562326,1.2,1.1
0.057638904,1.2,1.2
0.056170347,1.2,1.3
0.057578096,1.2,1.4
0.05736235,1.2,1.5
0.05704451,1.2,1.6
0.057788535,1.2,1.7
0.057987826,1.2,1.8
0.057824394,1.2,1.9
0.057832917,1.2,2
0.058251081,1.2,2.1
0.058516783,1.2,2.2
0.058287589,1.2,2.3
0.057514959,1.2,2.4
0.058457774,1.2,2.5
0.058759247,1.2,2.6
0.058216106,1.2,2.7
0.058424185,1.2,2.8
0.058162051,1.2,2.9
0.057916727,1.2,3
0.091979535,1.3,1.1
0.09282642,1.3,1.2
0.09232477,1.3,1.3
0.093374987,1.3,1.4
0.093154463,1.3,1.5
0.095624195,1.3,1.6
0.094581145,1.3,1.7
0.093862629,1.3,1.8
0.095351445,1.3,1.9
0.094241365,1.3,2
0.095444662,1.3,2.1
0.095623222,1.3,2.2
0.095614788,1.3,2.3
0.096327318,1.3,2.4
0.094891789,1.3,2.5
0.096174768,1.3,2.6
0.097303014,1.3,2.7
0.094760118,1.3,2.8
0.094721221,1.3,2.9
0.095283265,1.3,3
0.128307299,1.4,1.1
0.129656836,1.4,1.2
0.129636399,1.4,1.3
0.130097441,1.4,1.4
0.130557834,1.4,1.5
0.13202707,1.4,1.6
0.130647188,1.4,1.7
0.132843639,1.4,1.8
0.132621582,1.4,1.9
0.132820903,1.4,2
0.131905366,1.4,2.1
0.13456914,1.4,2.2
0.133261567,1.4,2.3
0.13317242,1.4,2.4
0.132631785,1.4,2.5
0.133570059,1.4,2.6
0.132174489,1.4,2.7
0.133182269,1.4,2.8
0.133797749,1.4,2.9
0.132542815,1.4,3
0.163222831,1.5,1.1
0.167400429,1.5,1.2
0.168121865,1.5,1.3
0.170824478,1.5,1.4
0.169126815,1.5,1.5
0.171680239,1.5,1.6
0.172171714,1.5,1.7
0.170854203,1.5,1.8
0.169659192,1.5,1.9
0.170374907,1.5,2
0.172158208,1.5,2.1
0.17141843,1.5,2.2
0.171793656,1.5,2.3
0.172131136,1.5,2.4
0.17231182,1.5,2.5
0.171989969,1.5,2.6
0.17163913,1.5,2.7
0.17157903,1.5,2.8
0.172260655,1.5,2.9
0.173128714,1.5,3
0.023774541,1.1,1.1
0.024423366,1.1,1.2
0.024344837,1.1,1.3
0.024470855,1.1,1.4
0.024840974,1.1,1.5
0.024309654,1.1,1.6
0.024399428,1.1,1.7
0.02395785,1.1,1.8
0.024120819,1.1,1.9
0.024431173,1.1,2
0.024455979,1.1,2.1
0.024399332,1.1,2.2
0.024946782,1.1,2.3
0.024472173,1.1,2.4
0.024245584,1.1,2.5
0.024496239,1.1,2.6
0.024884994,1.1,2.7
0.024831335,1.1,2.8
0.023991876,1.1,2.9
0.024226273,1.1,3
0.059026649,1.2,1.1
0.058553872,1.2,1.2
0.059073336,1.2,1.3
0.059935318,1.2,1.4
0.060594553,1.2,1.5
0.060171803,1.2,1.6
0.061105856,1.2,1.7
0.060046299,1.2,1.8
0.060749489,1.2,1.9
0.0602583,1.2,2
0.060686127,1.2,2.1
0.060289275,1.2,2.2
0.060307686,1.2,2.3
0.05975895,1.2,2.4
0.060451184,1.2,2.5
0.060142468,1.2,2.6
0.060279475,1.2,2.7
0.060642171,1.2,2.8
0.060006199,1.2,2.9
0.060775451,1.2,3
0.096192328,1.3,1.1
0.096319149,1.3,1.2
0.097815272,1.3,1.3
0.098817731,1.3,1.4
0.098575687,1.3,1.5
0.09823468,1.3,1.6
0.099280709,1.3,1.7
0.099962885,1.3,1.8
0.100816064,1.3,1.9
0.100155704,1.3,2
0.100947769,1.3,2.1
0.101111124,1.3,2.2
0.100562999,1.3,2.3
0.100586551,1.3,2.4
0.100935077,1.3,2.5
0.099994181,1.3,2.6
0.099539911,1.3,2.7
0.101151449,1.3,2.8
0.100624948,1.3,2.9
0.09995315,1.3,3
0.133933924,1.4,1.1
0.136744404,1.4,1.2
0.135611427,1.4,1.3
0.137644975,1.4,1.4
0.138958464,1.4,1.5
0.139953534,1.4,1.6
0.13929099,1.4,1.7
0.140944587,1.4,1.8
0.140881032,1.4,1.9
0.139928022,1.4,2
0.140593843,1.4,2.1
0.14017103,1.4,2.2
0.1419768,1.4,2.3
0.142762021,1.4,2.4
0.139379254,1.4,2.5
0.141182518,1.4,2.6
0.140201651,1.4,2.7
0.141588977,1.4,2.8
0.143452776,1.4,2.9
0.141307508,1.4,3
0.174753814,1.5,1.1
0.175622415,1.5,1.2
0.178337529,1.5,1.3
0.179908099,1.5,1.4
0.178897928,1.5,1.5
0.180621957,1.5,1.6
0.181580043,1.5,1.7
0.17985158,1.5,1.8
0.18272674,1.5,1.9
0.182156315,1.5,2
0.182696022,1.5,2.1
0.182787018,1.5,2.2
0.18193249,1.5,2.3
0.183226764,1.5,2.4
0.183538147,1.5,2.5
0.182540668,1.5,2.6
0.183366535,1.5,2.7
0.183132492,1.5,2.8
0.183819102,1.5,2.9
0.182361119,1.5,3
0.025538653,1.1,1.1
0.025447088,1.1,1.2
0.025432903,1.1,1.3
0.025779932,1.1,1.4
0.025364589,1.1,1.5
0.02643542,1.1,1.6
0.025866552,1.1,1.7
0.025683352,1.1,1.8
0.025728036,1.1,1.9
0.02581627,1.1,2
0.025452858,1.1,2.1
0.02605353,1.1,2.2
0.025855561,1.1,2.3
0.026044497,1.1,2.4
0.025695682,1.1,2.5
0.0261362,1.1,2.6
0.026001634,1.1,2.7
0.025553937,1.1,2.8
0.025360743,1.1,2.9
0.025674388,1.1,3
0.060572971,1.2,1.1
0.061764871,1.2,1.2
0.061972868,1.2,1.3
0.062643984,1.2,1.4
0.062606925,1.2,1.5
0.062801596,1.2,1.6
0.062514844,1.2,1.7
0.062539744,1.2,1.8
0.062627532,1.2,1.9
0.062079958,1.2,2
0.062113823,1.2,2.1
0.062969581,1.2,2.2
0.062826428,1.2,2.3
0.062919814,1.2,2.4
0.062455391,1.2,2.5
0.063687613,1.2,2.6
0.06245285,1.2,2.7
0.063749607,1.2,2.8
0.063117611,1.2,2.9
0.063043321,1.2,3
0.09770461,1.3,1.1
0.100327971,1.3,1.2
0.100220263,1.3,1.3
0.100825262,1.3,1.4
0.101255649,1.3,1.5
0.101395917,1.3,1.6
0.102784068,1.3,1.7
0.102418423,1.3,1.8
0.102338466,1.3,1.9
0.10348527,1.3,2
0.102931479,1.3,2.1
0.104239983,1.3,2.2
0.103122613,1.3,2.3
0.102930071,1.3,2.4
0.104615484,1.3,2.5
0.102539457,1.3,2.6
0.102336302,1.3,2.7
0.103449069,1.3,2.8
0.102549108,1.3,2.9
0.103846587,1.3,3
0.136540038,1.4,1.1
0.138366749,1.4,1.2
0.139421506,1.4,1.3
0.140280424,1.4,1.4
0.14078091,1.4,1.5
0.141900786,1.4,1.6
0.143013485,1.4,1.7
0.142356829,1.4,1.8
0.143939514,1.4,1.9
0.144620521,1.4,2
0.14380457,1.4,2.1
0.144360421,1.4,2.2
0.143057791,1.4,2.3
0.142603809,1.4,2.4
0.143362849,1.4,2.5
0.145559705,1.4,2.6
0.14278852,1.4,2.7
0.143929382,1.4,2.8
0.144210296,1.4,2.9
0.144537885,1.4,3
0.176199316,1.5,1.1
0.178853175,1.5,1.2
0.179698252,1.5,1.3
0.183467007,1.5,1.4
0.180533505,1.5,1.5
0.181826038,1.5,1.6
0.183522648,1.5,1.7
0.182745679,1.5,1.8
0.184417216,1.5,1.9
0.185561066,1.5,2
0.184091035,1.5,2.1
0.18508421,1.5,2.2
0.187331279,1.5,2.3
0.184396368,1.5,2.4
0.185532868,1.5,2.5
0.186584946,1.5,2.6
0.186487301,1.5,2.7
0.184519876,1.5,2.8
0.186737304,1.5,2.9
0.185782355,1.5,3
0.025592629,1.1,1.1
0.02532012,1.1,1.2
0.024911976,1.1,1.3
0.025386683,1.1,1.4
0.024961007,1.1,1.5
0.024883314,1.1,1.6
0.024891134,1.1,1.7
0.024978721,1.1,1.8
0.024913976,1.1,1.9
0.025073655,1.1,2
0.025316337,1.1,2.1
0.025443316,1.1,2.2
0.025602231,1.1,2.3
0.025713024,1.1,2.4
0.025107155,1.1,2.5
0.025037645,1.1,2.6
0.025119885,1.1,2.7
0.025117085,1.1,2.8
0.025535632,1.1,2.9
0.024906556,1.1,3
0.060007993,1.2,1.1
0.060246492,1.2,1.2
0.059361203,1.2,1.3
0.059982895,1.2,1.4
0.060017486,1.2,1.5
0.061623948,1.2,1.6
0.060780852,1.2,1.7
0.059882578,1.2,1.8
0.061464415,1.2,1.9
0.060524093,1.2,2
0.061709752,1.2,2.1
0.061071183,1.2,2.2
0.062413939,1.2,2.3
0.060738622,1.2,2.4
0.06127571,1.2,2.5
0.061785154,1.2,2.6
0.061767949,1.2,2.7
0.062007977,1.2,2.8
0.061167281,1.2,2.9
0.06181207,1.2,3
0.094399314,1.3,1.1
0.095818999,1.3,1.2
0.09642305,1.3,1.3
0.098664334,1.3,1.4
0.098302602,1.3,1.5
0.100617287,1.3,1.6
0.098522042,1.3,1.7
0.099546495,1.3,1.8
0.100464337,1.3,1.9
0.100987167,1.3,2
0.100393701,1.3,2.1
0.101587144,1.3,2.2
0.100708802,1.3,2.3
0.100419162,1.3,2.4
0.100353908,1.3,2.5
0.100631945,1.3,2.6
0.100726625,1.3,2.7
0.100060885,1.3,2.8
0.101348717,1.3,2.9
0.101507741,1.3,3
0.131779681,1.4,1.1
0.133556769,1.4,1.2
0.133737326,1.4,1.3
0.135785578,1.4,1.4
0.137115602,1.4,1.5
0.137077774,1.4,1.6
0.138858209,1.4,1.7
0.139197099,1.4,1.8
0.140174776,1.4,1.9
0.139321895,1.4,2
0.140239957,1.4,2.1
0.140159826,1.4,2.2
0.141502,1.4,2.3
0.141383859,1.4,2.4
0.140243776,1.4,2.5
0.139932493,1.4,2.6
0.141454969,1.4,2.7
0.140257852,1.4,2.8
0.142346514,1.4,2.9
0.139784963,1.4,3
0.170312898,1.5,1.1
0.171860835,1.5,1.2
0.174679291,1.5,1.3
0.17491368,1.5,1.4
0.176236866,1.5,1.5
0.178697591,1.5,1.6
0.178257438,1.5,1.7
0.17851496,1.5,1.8
0.179508642,1.5,1.9
0.180164961,1.5,2
0.178635683,1.5,2.1
0.179421637,1.5,2.2
0.179510969,1.5,2.3
0.181107174,1.5,2.4
0.181786699,1.5,2.5
0.179798427,1.5,2.6
0.182386167,1.5,2.7
0.18252755,1.5,2.8
0.181554929,1.5,2.9
0.18084394,1.5,3
0.026025943,1.1,1.1
0.026099834,1.1,1.2
0.026000702,1.1,1.3
0.025881283,1.1,1.4
0.025883828,1.1,1.5
0.02616185,1.1,1.6
0.026191399,1.1,1.7
0.025881962,1.1,1.8
0.025723969,1.1,1.9
0.02545073,1.1,2
0.026135931,1.1,2.1
0.026283339,1.1,2.2
0.025878298,1.1,2.3
0.025890749,1.1,2.4
0.026347323,1.1,2.5
0.026345966,1.1,2.6
0.026117509,1.1,2.7
0.025350276,1.1,2.8
0.026026079,1.1,2.9
0.026197913,1.1,3
0.060021,1.2,1.1
0.061327485,1.2,1.2
0.06105316,1.2,1.3
0.060019507,1.2,1.4
0.060828503,1.2,1.5
0.061677972,1.2,1.6
0.062054583,1.2,1.7
0.061411247,1.2,1.8
0.061351097,1.2,1.9
0.062398829,1.2,2
0.062958809,1.2,2.1
0.061764416,1.2,2.2
0.062579857,1.2,2.3
0.061896998,1.2,2.4
0.06138275,1.2,2.5
0.062978656,1.2,2.6
0.062527611,1.2,2.7
0.061493212,1.2,2.8
0.061982084,1.2,2.9
0.062210948,1.2,3
0.097139067,1.3,1.1
0.098801468,1.3,1.2
0.0987499,1.3,1.3
0.099514351,1.3,1.4
0.100446566,1.3,1.5
0.100602591,1.3,1.6
0.10115833,1.3,1.7
0.101002543,1.3,1.8
0.100996572,1.3,1.9
0.101665284,1.3,2
0.102015365,1.3,2.1
0.102839051,1.3,2.2
0.101992635,1.3,2.3
0.10217061,1.3,2.4
0.10357419,1.3,2.5
0.102696426,1.3,2.6
0.102912025,1.3,2.7
0.102085252,1.3,2.8
0.101803328,1.3,2.9
0.10246227,1.3,3
0.135127061,1.4,1.1
0.135953359,1.4,1.2
0.13801527,1.4,1.3
0.139944328,1.4,1.4
0.13952419,1.4,1.5
0.141557163,1.4,1.6
0.140552211,1.4,1.7
0.142320528,1.4,1.8
0.142350824,1.4,1.9
0.140890486,1.4,2
0.141441781,1.4,2.1
0.142649168,1.4,2.2
0.142365208,1.4,2.3
0.14382765,1.4,2.4
0.143083079,1.4,2.5
0.142710065,1.4,2.6
0.140753934,1.4,2.7
0.142393876,1.4,2.8
0.142911075,1.4,2.9
0.142620297,1.4,3
0.173834418,1.5,1.1
0.176667328,1.5,1.2
0.177539731,1.5,1.3
0.178469775,1.5,1.4
0.17886647,1.5,1.5
0.180503968,1.5,1.6
0.182809162,1.5,1.7
0.180730593,1.5,1.8
0.182904358,1.5,1.9
0.18334882,1.5,2
0.180860767,1.5,2.1
0.184725803,1.5,2.2
0.183110966,1.5,2.3
0.183466034,1.5,2.4
0.183719664,1.5,2.5
0.184874127,1.5,2.6
0.186280489,1.5,2.7
0.184220104,1.5,2.8
0.182850925,1.5,2.9
0.1815631,1.5,3
0.026093268,1.1,1.1
0.026158886,1.1,1.2
0.026533177,1.1,1.3
0.02580762,1.1,1.4
0.025872697,1.1,1.5
0.025530688,1.1,1.6
0.02606354,1.1,1.7
0.026127595,1.1,1.8
0.026523709,1.1,1.9
0.025904769,1.1,2
0.025931642,1.1,2.1
0.026118968,1.1,2.2
0.026113948,1.1,2.3
0.026052418,1.1,2.4
0.026178845,1.1,2.5
0.025622458,1.1,2.6
0.026121102,1.1,2.7
0.025897405,1.1,2.8
0.026220987,1.1,2.9
0.026130691,1.1,3
0.061037691,1.2,1.1
0.060604485,1.2,1.2
0.061302298,1.2,1.3
0.062271392,1.2,1.4
0.061024586,1.2,1.5
0.061072529,1.2,1.6
0.061892562,1.2,1.7
0.061711368,1.2,1.8
0.061960915,1.2,1.9
0.061653745,1.2,2
0.062238568,1.2,2.1
0.06376976,1.2,2.2
0.062568823,1.2,2.3
0.061897612,1.2,2.4
0.06252629,1.2,2.5
0.062022716,1.2,2.6
0.061749843,1.2,2.7
0.06257763,1.2,2.8
0.061731958,1.2,2.9
0.061992868,1.2,3
0.097616859,1.3,1.1
0.096747741,1.3,1.2
0.098867243,1.3,1.3
0.099209882,1.3,1.4
0.100024173,1.3,1.5
0.10054939,1.3,1.6
0.100741375,1.3,1.7
0.100196831,1.3,1.8
0.101101298,1.3,1.9
0.10088214,1.3,2
0.099684299,1.3,2.1
0.10101037,1.3,2.2
0.100526996,1.3,2.3
0.100279402,1.3,2.4
0.100953199,1.3,2.5
0.101530747,1.3,2.6
0.101388299,1.3,2.7
0.101666102,1.3,2.8
0.1000175,1.3,2.9
0.10036047,1.3,3
0.134051685,1.4,1.1
0.136621106,1.4,1.2
0.137070123,1.4,1.3
0.13766195,1.4,1.4
0.138036542,1.4,1.5
0.137786122,1.4,1.6
0.139063348,1.4,1.7
0.138580364,1.4,1.8
0.140209127,1.4,1.9
0.138840463,1.4,2
0.139731794,1.4,2.1
0.141448629,1.4,2.2
0.140771526,1.4,2.3
0.141495521,1.4,2.4
0.141727785,1.4,2.5
0.141367531,1.4,2.6
0.140244867,1.4,2.7
0.1400622,1.4,2.8
0.140966066,1.4,2.9
0.140271409,1.4,3
0.173572401,1.5,1.1
0.175087992,1.5,1.2
0.175891583,1.5,1.3
0.176316884,1.5,1.4
0.179632152,1.5,1.5
0.178300039,1.5,1.6
0.179015707,1.5,1.7
0.178807761,1.5,1.8
0.180010922,1.5,1.9
0.179139309,1.5,2
0.180770086,1.5,2.1
0.181272187,1.5,2.2
0.179571103,1.5,2.3
0.180585886,1.5,2.4
0.18049087,1.5,2.5
0.179618686,1.5,2.6
0.179175019,1.5,2.7
0.181858362,1.5,2.8
0.179429256,1.5,2.9
0.180755748,1.5,3
0.026175347,1.1,1.1
0.026452562,1.1,1.2
0.026262219,1.1,1.3
0.026200073,1.1,1.4
0.025822574,1.1,1.5
0.025906578,1.1,1.6
0.025678576,1.1,1.7
0.025835269,1.1,1.8
0.025548732,1.1,1.9
0.02582932,1.1,2
0.025918715,1.1,2.1
0.026215318,1.1,2.2
0.026251729,1.1,2.3
0.026066937,1.1,2.4
0.026064945,1.1,2.5
0.026044548,1.1,2.6
0.025691191,1.1,2.7
0.026415593,1.1,2.8
0.025938634,1.1,2.9
0.026143318,1.1,3
0.059865401,1.2,1.1
0.061136319,1.2,1.2
0.060587414,1.2,1.3
0.060558492,1.2,1.4
0.061287303,1.2,1.5
0.06061522,1.2,1.6
0.061164444,1.2,1.7
0.061458842,1.2,1.8
0.061419722,1.2,1.9
0.061664297,1.2,2
0.061730958,1.2,2.1
0.061763465,1.2,2.2
0.061952533,1.2,2.3
0.061244199,1.2,2.4
0.062341107,1.2,2.5
0.062160113,1.2,2.6
0.062257156,1.2,2.7
0.062286211,1.2,2.8
0.062282042,1.2,2.9
0.062225818,1.2,3
0.095938844,1.3,1.1
0.097460047,1.3,1.2
0.097609145,1.3,1.3
0.098234671,1.3,1.4
0.097364703,1.3,1.5
0.098844369,1.3,1.6
0.099061695,1.3,1.7
0.09972674,1.3,1.8
0.09942772,1.3,1.9
0.100413323,1.3,2
0.099725518,1.3,2.1
0.100392395,1.3,2.2
0.101043072,1.3,2.3
0.100038241,1.3,2.4
0.100587784,1.3,2.5
0.100994869,1.3,2.6
0.099233102,1.3,2.7
0.099580776,1.3,2.8
0.099806706,1.3,2.9
0.100750241,1.3,3
0.133278292,1.4,1.1
0.135330341,1.4,1.2
0.135879858,1.4,1.3
0.134937306,1.4,1.4
0.13687457,1.4,1.5
0.137824106,1.4,1.6
0.137469023,1.4,1.7
0.137289064,1.4,1.8
0.138132023,1.4,1.9
0.138162591,1.4,2
0.139908556,1.4,2.1
0.139991073,1.4,2.2
0.138500067,1.4,2.3
0.138863888,1.4,2.4
0.138615409,1.4,2.5
0.140349901,1.4,2.6
0.139527764,1.4,2.7
0.140322732,1.4,2.8
0.139974952,1.4,2.9
0.141396853,1.4,3
0.170969902,1.5,1.1
0.172490361,1.5,1.2
0.174323942,1.5,1.3
0.175442973,1.5,1.4
0.173894973,1.5,1.5
0.178158314,1.5,1.6
0.178116644,1.5,1.7
0.17717712,1.5,1.8
0.177613658,1.5,1.9
0.177998115,1.5,2
0.177921043,1.5,2.1
0.178616603,1.5,2.2
0.179518866,1.5,2.3
0.178762222,1.5,2.4
0.178693383,1.5,2.5
0.179726498,1.5,2.6
0.179666955,1.5,2.7
0.180433983,1.5,2.8
0.180028359,1.5,2.9
0.179660634,1.5,3
0.023157963,1.1,1.1
0.022910172,1.1,1.2
0.022892203,1.1,1.3
0.022302024,1.1,1.4
0.02239705,1.1,1.5
0.022540279,1.1,1.6
0.022357586,1.1,1.7
0.022625707,1.1,1.8
0.022516024,1.1,1.9
0.022386318,1.1,2
0.022236128,1.1,2.1
0.022295094,1.1,2.2
0.022264891,1.1,2.3
0.021983738,1.1,2.4
0.022180628,1.1,2.5
0.022287674,1.1,2.6
0.022133958,1.1,2.7
0.022293776,1.1,2.8
0.022284515,1.1,2.9
0.021958226,1.1,3
0.054732727,1.2,1.1
0.054849002,1.2,1.2
0.054502996,1.2,1.3
0.054928543,1.2,1.4
0.054769339,1.2,1.5
0.054840141,1.2,1.6
0.055154717,1.2,1.7
0.055051442,1.2,1.8
0.054620376,1.2,1.9
0.054688541,1.2,2
0.055871075,1.2,2.1
0.055384937,1.2,2.2
0.055159745,1.2,2.3
0.054831064,1.2,2.4
0.055516576,1.2,2.5
0.055636776,1.2,2.6
0.054935013,1.2,2.7
0.055481497,1.2,2.8
0.055196204,1.2,2.9
0.054992967,1.2,3
0.089569741,1.3,1.1
0.088591271,1.3,1.2
0.088859423,1.3,1.3
0.090104357,1.3,1.4
0.090708764,1.3,1.5
0.090576053,1.3,1.6
0.090850276,1.3,1.7
0.092036766,1.3,1.8
0.09172866,1.3,1.9
0.090740991,1.3,2
0.091704283,1.3,2.1
0.091821079,1.3,2.2
0.092031001,1.3,2.3
0.092593,1.3,2.4
0.091253132,1.3,2.5
0.091685394,1.3,2.6
0.09214789,1.3,2.7
0.09123458,1.3,2.8
0.091933001,1.3,2.9
0.091325589,1.3,3
0.124000649,1.4,1.1
0.123679204,1.4,1.2
0.12496624,1.4,1.3
0.12707346,1.4,1.4
0.126750574,1.4,1.5
0.127025319,1.4,1.6
0.12820077,1.4,1.7
0.127633221,1.4,1.8
0.127077508,1.4,1.9
0.127822292,1.4,2
0.128440681,1.4,2.1
0.129846046,1.4,2.2
0.131198211,1.4,2.3
0.129422861,1.4,2.4
0.128833571,1.4,2.5
0.128449052,1.4,2.6
0.129268378,1.4,2.7
0.128094184,1.4,2.8
0.129899401,1.4,2.9
0.128225669,1.4,3
0.158424902,1.5,1.1
0.159253581,1.5,1.2
0.160324716,1.5,1.3
0.162556093,1.5,1.4
0.163367845,1.5,1.5
0.16401052,1.5,1.6
0.163817034,1.5,1.7
0.164578038,1.5,1.8
0.165927167,1.5,1.9
0.164912883,1.5,2
0.165153008,1.5,2.1
0.166211325,1.5,2.2
0.166768633,1.5,2.3
0.166568677,1.5,2.4
0.163664146,1.5,2.5
0.166700131,1.5,2.6
0.166343607,1.5,2.7
0.165869643,1.5,2.8
0.167933659,1.5,2.9
0.166189554,1.5,3
0.022950963,1.1,1.1
0.023044028,1.1,1.2
0.022690161,1.1,1.3
0.022900128,1.1,1.4
0.023224071,1.1,1.5
0.022973019,1.1,1.6
0.022668509,1.1,1.7
0.022656305,1.1,1.8
0.023412048,1.1,1.9
0.022725027,1.1,2
0.023124181,1.1,2.1
0.022939297,1.1,2.2
0.022995915,1.1,2.3
0.022710099,1.1,2.4
0.022992654,1.1,2.5
0.022762851,1.1,2.6
0.022122227,1.1,2.7
0.022767356,1.1,2.8
0.022700181,1.1,2.9
0.022700719,1.1,3
0.055361969,1.2,1.1
0.055531858,1.2,1.2
0.05518475,1.2,1.3
0.056525171,1.2,1.4
0.055385537,1.2,1.5
0.056521506,1.2,1.6
0.056176315,1.2,1.7
0.056164211,1.2,1.8
0.056769095,1.2,1.9
0.056643855,1.2,2
0.056677712,1.2,2.1
0.057363254,1.2,2.2
0.056687966,1.2,2.3
0.056194403,1.2,2.4
0.057337769,1.2,2.5
0.056962956,1.2,2.6
0.056083553,1.2,2.7
0.056591103,1.2,2.8
0.056340018,1.2,2.9
0.056806684,1.2,3
0.09073153,1.3,1.1
0.090867898,1.3,1.2
0.090934704,1.3,1.3
0.092648156,1.3,1.4
0.091534108,1.3,1.5
0.093513539,1.3,1.6
0.093638208,1.3,1.7
0.094028856,1.3,1.8
0.093717453,1.3,1.9
0.094196929,1.3,2
0.09441409,1.3,2.1
0.093879879,1.3,2.2
0.093723169,1.3,2.3
0.095501544,1.3,2.4
0.094657443,1.3,2.5
0.093939221,1.3,2.6
0.093836339,1.3,2.7
0.09510165,1.3,2.8
0.094510651,1.3,2.9
0.095342985,1.3,3
0.12642221,1.4,1.1
0.127763135,1.4,1.2
0.128644152,1.4,1.3
0.130334001,1.4,1.4
0.129602869,1.4,1.5
0.131688342,1.4,1.6
0.131029193,1.4,1.7
0.130779587,1.4,1.8
0.130614136,1.4,1.9
0.131822155,1.4,2
0.132839441,1.4,2.1
0.133670093,1.4,2.2
0.132183956,1.4,2.3
0.133141496,1.4,2.4
0.131415369,1.4,2.5
0.132643427,1.4,2.6
0.133337812,1.4,2.7
0.131977352,1.4,2.8
0.131352161,1.4,2.9
0.132705963,1.4,3
0.162177207,1.5,1.1
0.164711796,1.5,1.2
0.165471373,1.5,1.3
0.167661711,1.5,1.4
0.167151539,1.5,1.5
0.169580422,1.5,1.6
0.169681253,1.5,1.7
0.170319086,1.5,1.8
0.17083373,1.5,1.9
0.170045138,1.5,2
0.171564156,1.5,2.1
0.171201717,1.5,2.2
0.172078229,1.5,2.3
0.171770021,1.5,2.4
0.172565606,1.5,2.5
0.16974204,1.5,2.6
0.170291482,1.5,2.7
0.171338085,1.5,2.8
0.171136794,1.5,2.9
0.170788912,1.5,3
0.023135463,1.1,1.1
0.023924973,1.1,1.2
0.023574463,1.1,1.3
0.023414544,1.1,1.4
0.023713226,1.1,1.5
0.023364499,1.1,1.6
0.02319222,1.1,1.7
0.023288141,1.1,1.8
0.023455074,1.1,1.9
0.023201471,1.1,2
0.023298074,1.1,2.1
0.023373749,1.1,2.2
0.023694876,1.1,2.3
0.023345693,1.1,2.4
0.02366682,1.1,2.5
0.023743823,1.1,2.6
0.023487641,1.1,2.7
0.023376972,1.1,2.8
0.023211973,1.1,2.9
0.023479566,1.1,3
0.0565391,1.2,1.1
0.05689723,1.2,1.2
0.057340628,1.2,1.3
0.057448719,1.2,1.4
0.057508925,1.2,1.5
0.058334301,1.2,1.6
0.0582838,1.2,1.7
0.058598747,1.2,1.8
0.05891923,1.2,1.9
0.059141744,1.2,2
0.05796783,1.2,2.1
0.059718672,1.2,2.2
0.060094433,1.2,2.3
0.059131772,1.2,2.4
0.058290928,1.2,2.5
0.058191898,1.2,2.6
0.058935532,1.2,2.7
0.059180264,1.2,2.8
0.058751159,1.2,2.9
0.059098105,1.2,3
0.093619354,1.3,1.1
0.095080424,1.3,1.2
0.094457506,1.3,1.3
0.095611098,1.3,1.4
0.09546498,1.3,1.5
0.096059577,1.3,1.6
0.096737696,1.3,1.7
0.09559199,1.3,1.8
0.096445535,1.3,1.9
0.096925178,1.3,2
0.097426508,1.3,2.1
0.098565238,1.3,2.2
0.096996304,1.3,2.3
0.097461426,1.3,2.4
0.097731104,1.3,2.5
0.097661799,1.3,2.6
0.096884459,1.3,2.7
0.097242286,1.3,2.8
0.099086851,1.3,2.9
0.097757492,1.3,3
0.130532068,1.4,1.1
0.13188228,1.4,1.2
0.134090776,1.4,1.3
0.133129063,1.4,1.4
0.131839627,1.4,1.5
0.135906488,1.4,1.6
0.134172214,1.4,1.7
0.137342839,1.4,1.8
0.137070393,1.4,1.9
0.133902232,1.4,2
0.137428068,1.4,2.1
0.138477323,1.4,2.2
0.137363502,1.4,2.3
0.138037754,1.4,2.4
0.138295793,1.4,2.5
0.136574637,1.4,2.6
0.138346332,1.4,2.7
0.139823932,1.4,2.8
0.138916512,1.4,2.9
0.137632346,1.4,3
0.168262121,1.5,1.1
0.171970738,1.5,1.2
0.174731898,1.5,1.3
0.174299495,1.5,1.4
0.175477352,1.5,1.5
0.178367797,1.5,1.6
0.176195205,1.5,1.7
0.17791803,1.5,1.8
0.178559373,1.5,1.9
0.179067906,1.5,2
0.179651167,1.5,2.1
0.178951474,1.5,2.2
0.179554033,1.5,2.3
0.17959096,1.5,2.4
0.178112905,1.5,2.5
0.178713226,1.5,2.6
0.179394417,1.5,2.7
0.17894355,1.5,2.8
0.178546104,1.5,2.9
0.180495006,1.5,3
0.024159516,1.1,1.1
0.024635716,1.1,1.2
0.024782554,1.1,1.3
0.024429123,1.1,1.4
0.024143396,1.1,1.5
0.024411318,1.1,1.6
0.024019895,1.1,1.7
0.024241838,1.1,1.8
0.02475156,1.1,1.9
0.024482209,1.1,2
0.024315147,1.1,2.1
0.024802081,1.1,2.2
0.024282358,1.1,2.3
0.024539545,1.1,2.4
0.024712689,1.1,2.5
0.0243882,1.1,2.6
0.02461465,1.1,2.7
0.024170361,1.1,2.8
0.02431185,1.1,2.9
0.024947344,1.1,3
0.057529706,1.2,1.1
0.058299142,1.2,1.2
0.058999117,1.2,1.3
0.059259711,1.2,1.4
0.058771605,1.2,1.5
0.058722402,1.2,1.6
0.059195597,1.2,1.7
0.058976622,1.2,1.8
0.059180064,1.2,1.9
0.060220683,1.2,2
0.059345587,1.2,2.1
0.058729949,1.2,2.2
0.060092272,1.2,2.3
0.059912388,1.2,2.4
0.060538686,1.2,2.5
0.059730195,1.2,2.6
0.060972388,1.2,2.7
0.060594117,1.2,2.8
0.06106266,1.2,2.9
0.059918176,1.2,3
0.094990418,1.3,1.1
0.094479194,1.3,1.2
0.095055411,1.3,1.3
0.096714232,1.3,1.4
0.095168104,1.3,1.5
0.096826119,1.3,1.6
0.097445713,1.3,1.7
0.097143793,1.3,1.8
0.098808183,1.3,1.9
0.098099892,1.3,2
0.097027949,1.3,2.1
0.099085557,1.3,2.2
0.097362842,1.3,2.3
0.098552351,1.3,2.4
0.097386655,1.3,2.5
0.098639765,1.3,2.6
0.097752213,1.3,2.7
0.098390015,1.3,2.8
0.097333862,1.3,2.9
0.099107685,1.3,3
0.128732869,1.4,1.1
0.131573543,1.4,1.2
0.131751888,1.4,1.3
0.134512804,1.4,1.4
0.133718162,1.4,1.5
0.13433684,1.4,1.6
0.13586791,1.4,1.7
0.136696185,1.4,1.8
0.135122067,1.4,1.9
0.135302611,1.4,2
0.136669403,1.4,2.1
0.137354943,1.4,2.2
0.13689054,1.4,2.3
0.135845452,1.4,2.4
0.136185034,1.4,2.5
0.138022787,1.4,2.6
0.136177707,1.4,2.7
0.136677537,1.4,2.8
0.137308158,1.4,2.9
0.136476989,1.4,3
0.167510219,1.5,1.1
0.1687534,1.5,1.2
0.170569281,1.5,1.3
0.174001485,1.5,1.4
0.172977279,1.5,1.5
0.172772226,1.5,1.6
0.174769383,1.5,1.7
0.176288107,1.5,1.8
0.17649807,1.5,1.9
0.176295397,1.5,2
0.176814901,1.5,2.1
0.176991818,1.5,2.2
0.176813619,1.5,2.3
0.177352063,1.5,2.4
0.179004143,1.5,2.5
0.176448464,1.5,2.6
0.176141708,1.5,2.7
0.177565946,1.5,2.8
0.178510578,1.5,2.9
0.17678768,1.5,3
0.060334301,1.2,1.5
0.060594877,1.2,1.5
0.060676343,1.2,1.5
0.05699542,1.2,1.5
0.058906656,1.2,1.5
0.060079083,1.2,1.5
0.059701765,1.2,1.5
0.061004242,1.2,1.5
0.060059202,1.2,1.5
0.06044089,1.2,1.5
