 Car allowed wait time used(%),Car flexibility(param.),Request Flexibility (param.),CarWaitTime,carDis, Car delay allowance used(%)
5.3209594,1.1,1.1,719542,13522787,0.053209594
5.1406347,1.1,1.2,725071,14104698,0.051406347
4.9186827,1.1,1.3,717437,14585958,0.049186827
4.7001452,1.1,1.4,708926,15083066,0.047001452
4.7016186,1.1,1.5,723246,15382915,0.047016186
4.5930727,1.1,1.6,712518,15512883,0.045930727
4.5278297,1.1,1.7,718632,15871445,0.045278297
4.420534,1.1,1.8,705078,15950064,0.04420534
4.4750338,1.1,1.9,721335,16119096,0.044750338
4.3879486,1.1,2,711060,16204839,0.043879486
4.3348762,1.1,2.1,706218,16291538,0.043348762
4.3298603,1.1,2.2,712894,16464596,0.043298603
4.2818578,1.1,2.3,708720,16551694,0.042818578
4.3187456,1.1,2.4,722954,16739907,0.043187456
4.2012107,1.1,2.5,704994,16780734,0.042012107
4.2599612,1.1,2.6,714327,16768392,0.042599612
4.2046085,1.1,2.7,706294,16798092,0.042046085
4.1580803,1.1,2.8,702448,16893565,0.041580803
4.1513965,1.1,2.9,705440,16992836,0.041513965
4.1598602,1.1,3,707348,17004129,0.041598602
11.2150364,1.2,1.1,1727638,15404658,0.112150364
10.9273181,1.2,1.2,1742175,15943299,0.109273181
10.9085493,1.2,1.3,1767059,16198845,0.109085493
10.5316244,1.2,1.4,1747258,16590584,0.105316244
10.4579845,1.2,1.5,1753779,16769761,0.104579845
10.310919,1.2,1.6,1760045,17069720,0.10310919
10.1315002,1.2,1.7,1746783,17241109,0.101315002
10.1490828,1.2,1.8,1783122,17569292,0.101490828
9.936922,1.2,1.9,1756677,17678281,0.09936922
10.073907,1.2,2,1781631,17685601,0.10073907
9.9815688,1.2,2.1,1773386,17766606,0.099815688
9.7977572,1.2,2.2,1751993,17881572,0.097977572
9.9943581,1.2,2.3,1804752,18057708,0.099943581
9.7837092,1.2,2.4,1776133,18153984,0.097837092
9.7455546,1.2,2.5,1765519,18116147,0.097455546
9.6893847,1.2,2.6,1769642,18263719,0.096893847
9.844549,1.2,2.7,1795996,18243558,0.09844549
9.7662435,1.2,2.8,1785153,18278809,0.097662435
9.7603226,1.2,2.9,1786006,18298637,0.097603226
9.6066411,1.2,3,1760668,18327613,0.096066411
17.3753134,1.3,1.1,2870342,16519656,0.173753134
17.0120029,1.3,1.2,2871901,16881616,0.170120029
16.7592106,1.3,1.3,2901497,17312850,0.167592106
16.6035189,1.3,1.4,2910825,17531374,0.166035189
16.3626194,1.3,1.5,2921233,17853089,0.163626194
16.3793114,1.3,1.6,2955585,18044623,0.163793114
16.0174994,1.3,1.7,2912139,18180984,0.160174994
16.2571398,1.3,1.8,2968305,18258470,0.162571398
16.0355016,1.3,1.9,2950070,18397117,0.160355016
15.62272,1.3,2,2905316,18596736,0.1562272
15.7719411,1.3,2.1,2939546,18637820,0.157719411
15.781697,1.3,2.2,2972476,18834958,0.15781697
15.5213481,1.3,2.3,2948516,18996520,0.155213481
15.6497851,1.3,2.4,2959693,18912036,0.156497851
15.6244868,1.3,2.5,2959180,18939374,0.156244868
15.5002522,1.3,2.6,2965195,19129979,0.155002522
15.5238992,1.3,2.7,2944646,18968469,0.155238992
15.5753768,1.3,2.8,2975396,19103204,0.155753768
15.509826,1.3,2.9,2958709,19076352,0.15509826
15.4493866,1.3,3,2962795,19177428,0.154493866
23.2821882,1.4,1.1,3985780,17119439,0.232821882
22.8451961,1.4,1.2,4022724,17608621,0.228451961
22.5363856,1.4,1.3,4018844,17832691,0.225363856
22.5395756,1.4,1.4,4094652,18166500,0.225395756
22.1611728,1.4,1.5,4064471,18340505,0.221611728
22.0822562,1.4,1.6,4142760,18760583,0.220822562
21.9847662,1.4,1.7,4121064,18745089,0.219847662
21.9883688,1.4,1.8,4133761,18799762,0.219883688
21.7314915,1.4,1.9,4128110,18995981,0.217314915
21.7754855,1.4,2,4133000,18980059,0.217754855
21.6775363,1.4,2.1,4144159,19117297,0.216775363
21.7815897,1.4,2.2,4208891,19323158,0.217815897
21.6703522,1.4,2.3,4181260,19294841,0.216703522
21.3244702,1.4,2.4,4124160,19340035,0.213244702
21.3824343,1.4,2.5,4139440,19359068,0.213824343
21.6155337,1.4,2.6,4225863,19550121,0.216155337
21.3347077,1.4,2.7,4140703,19408295,0.213347077
21.3319132,1.4,2.8,4157736,19490685,0.213319132
21.2519419,1.4,2.9,4158451,19567393,0.212519419
21.2890861,1.4,3,4169241,19583936,0.212890861
29.4872143,1.5,1.1,5143627,17443584,0.294872143
29.0408768,1.5,1.2,5205125,17923443,0.290408768
28.6252472,1.5,1.3,5213066,18211427,0.286252472
28.4963864,1.5,1.4,5270878,18496654,0.284963864
28.2604628,1.5,1.5,5298076,18747308,0.282604628
28.1328941,1.5,1.6,5352482,19025707,0.281328941
28.1366376,1.5,1.7,5345148,18997110,0.281366376
27.5836475,1.5,1.8,5281596,19147562,0.275836475
27.7554692,1.5,1.9,5370562,19349563,0.277554692
27.5720293,1.5,2,5369286,19473670,0.275720293
27.4604073,1.5,2.1,5347841,19474733,0.274604073
27.7967982,1.5,2.2,5443872,19584529,0.277967982
27.5800802,1.5,2.3,5383793,19520585,0.275800802
27.515212,1.5,2.4,5395043,19607492,0.27515212
27.4075155,1.5,2.5,5404343,19718471,0.274075155
27.2052716,1.5,2.6,5386807,19800600,0.272052716
27.1098223,1.5,2.7,5360741,19774165,0.271098223
27.4013513,1.5,2.8,5416053,19765642,0.274013513
27.3544925,1.5,2.9,5439951,19886865,0.273544925
27.5278044,1.5,3,5431001,19729147,0.275278044
5.3926625,1.1,1.1,466617,8652813,0.053926625
5.0667216,1.1,1.2,464955,9176644,0.050667216
4.9102008,1.1,1.3,462681,9422853,0.049102008
4.7567773,1.1,1.4,457183,9611192,0.047567773
4.6001618,1.1,1.5,453928,9867653,0.046001618
4.6729937,1.1,1.6,471556,10091090,0.046729937
4.4934632,1.1,1.7,459215,10219623,0.044934632
4.5102513,1.1,1.8,466067,10333504,0.045102513
4.3809212,1.1,1.9,462347,10553648,0.043809212
4.3776371,1.1,2,461321,10538128,0.043776371
4.3306105,1.1,2.1,462199,10672837,0.043306105
4.2094017,1.1,2.2,454060,10786806,0.042094017
4.2901052,1.1,2.3,465543,10851552,0.042901052
4.177493,1.1,2.4,457330,10947475,0.04177493
4.1476062,1.1,2.5,455895,10991762,0.041476062
4.1506965,1.1,2.6,457018,11010634,0.041506965
4.1112977,1.1,2.7,453919,11040772,0.041112977
4.0870398,1.1,2.8,456018,11157660,0.040870398
4.0552061,1.1,2.9,448594,11062175,0.040552061
4.1400637,1.1,3,463241,11189224,0.041400637
11.1530347,1.2,1.1,1130608,10137223,0.111530347
11.0376593,1.2,1.2,1149037,10410151,0.110376593
10.9548934,1.2,1.3,1175558,10730894,0.109548934
10.4803814,1.2,1.4,1145013,10925299,0.104803814
10.4603736,1.2,1.5,1168114,11167039,0.104603736
10.4704139,1.2,1.6,1180956,11278981,0.104704139
10.2555229,1.2,1.7,1168479,11393656,0.102555229
10.1696468,1.2,1.8,1173383,11538090,0.101696468
10.1800143,1.2,1.9,1186528,11655465,0.101800143
9.962297,1.2,2,1180425,11848924,0.09962297
9.8805367,1.2,2.1,1171050,11852089,0.098805367
9.7616169,1.2,2.2,1174626,12033109,0.097616169
9.8320776,1.2,2.3,1177110,11972139,0.098320776
9.5855599,1.2,2.4,1160476,12106502,0.095855599
9.6336672,1.2,2.5,1165772,12101020,0.096336672
9.7838134,1.2,2.6,1194591,12209871,0.097838134
9.6470877,1.2,2.7,1170876,12137093,0.096470877
9.4689861,1.2,2.8,1161495,12266308,0.094689861
9.4183751,1.2,2.9,1158119,12296378,0.094183751
9.4507437,1.2,3,1160827,12282917,0.094507437
17.3705282,1.3,1.1,1887138,10864022,0.173705282
17.2691414,1.3,1.2,1933986,11199086,0.172691414
16.9277901,1.3,1.3,1944868,11489202,0.169277901
16.3737287,1.3,1.4,1920855,11731323,0.163737287
16.6726943,1.3,1.5,1959729,11754123,0.166726943
16.2889008,1.3,1.6,1970389,12096513,0.162889008
16.1907418,1.3,1.7,1952625,12060133,0.161907418
15.8292286,1.3,1.8,1945523,12290700,0.158292286
15.739377,1.3,1.9,1947984,12376500,0.15739377
15.5636472,1.3,2,1927062,12381815,0.155636472
15.6127247,1.3,2.1,1951271,12497953,0.156127247
15.6560829,1.3,2.2,1978013,12634150,0.156560829
15.598725,1.3,2.3,1986385,12734278,0.15598725
15.3857815,1.3,2.4,1974972,12836345,0.153857815
15.555559,1.3,2.5,1996542,12834910,0.15555559
15.4644205,1.3,2.6,1978065,12791071,0.154644205
15.3577347,1.3,2.7,1975218,12861389,0.153577347
15.3422698,1.3,2.8,1972281,12855210,0.153422698
15.3560426,1.3,2.9,1988928,12952087,0.153560426
15.1690145,1.3,3,1961648,12931941,0.151690145
22.9578664,1.4,1.1,2605612,11349539,0.229578664
23.0226341,1.4,1.2,2663617,11569558,0.230226341
22.7638726,1.4,1.3,2684350,11792150,0.227638726
22.7112274,1.4,1.4,2770849,12200349,0.227112274
22.5201388,1.4,1.5,2780748,12347828,0.225201388
22.2514369,1.4,1.6,2761163,12408920,0.222514369
21.9663172,1.4,1.7,2753790,12536421,0.219663172
21.9360582,1.4,1.8,2806027,12791847,0.219360582
22.0418979,1.4,1.9,2820023,12793921,0.220418979
21.5596341,1.4,2,2778970,12889690,0.215596341
21.696621,1.4,2.1,2814009,12969803,0.21696621
21.4183117,1.4,2.2,2828257,13204855,0.214183117
21.4859842,1.4,2.3,2827522,13159844,0.214859842
21.4169745,1.4,2.4,2825169,13191261,0.214169745
21.3494868,1.4,2.5,2837483,13290638,0.213494868
20.964687,1.4,2.6,2770249,13213882,0.20964687
21.0250906,1.4,2.7,2785244,13247239,0.210250906
21.0889286,1.4,2.8,2778665,13175942,0.210889286
21.2622412,1.4,2.9,2815415,13241384,0.212622412
21.3152219,1.4,3,2831286,13282930,0.213152219
29.2545554,1.5,1.1,3404106,11636157,0.292545554
28.9826074,1.5,1.2,3492592,12050648,0.289826074
28.555781,1.5,1.3,3489268,12219130,0.28555781
28.4880278,1.5,1.4,3575366,12550416,0.284880278
28.4283872,1.5,1.5,3581396,12597957,0.284283872
28.2084386,1.5,1.6,3640776,12906691,0.282084386
27.8006911,1.5,1.7,3602748,12959203,0.278006911
27.2634934,1.5,1.8,3550302,13022183,0.272634934
27.531499,1.5,1.9,3621878,13155397,0.27531499
27.6736874,1.5,2,3665469,13245322,0.276736874
27.3941715,1.5,2.1,3647057,13313259,0.273941715
27.2860811,1.5,2.2,3666088,13435744,0.272860811
27.28959,1.5,2.3,3672454,13457344,0.2728959
27.4093466,1.5,2.4,3699738,13498089,0.274093466
27.1750046,1.5,2.5,3683283,13553937,0.271750046
26.9007002,1.5,2.6,3649328,13565922,0.269007002
26.7688111,1.5,2.7,3632230,13568888,0.267688111
27.3320005,1.5,2.8,3700019,13537315,0.273320005
26.6750854,1.5,2.9,3611921,13540429,0.266750854
26.6966542,1.5,3,3634211,13612983,0.266966542
5.2153014,1.1,1.1,594934,11407471,0.052153014
4.9649317,1.1,1.2,582370,11729668,0.049649317
4.8905112,1.1,1.3,588007,12023426,0.048905112
4.7083044,1.1,1.4,586271,12451850,0.047083044
4.6432279,1.1,1.5,585850,12617300,0.046432279
4.5755311,1.1,1.6,584765,12780265,0.045755311
4.4085994,1.1,1.7,567014,12861545,0.044085994
4.5383941,1.1,1.8,591867,13041331,0.045383941
4.4450654,1.1,1.9,589870,13270221,0.044450654
4.4083804,1.1,2,585528,13282157,0.044083804
4.2798754,1.1,2.1,566975,13247465,0.042798754
4.3377481,1.1,2.2,588399,13564619,0.043377481
4.2450312,1.1,2.3,578936,13637968,0.042450312
4.2029977,1.1,2.4,579404,13785494,0.042029977
4.2588754,1.1,2.5,585763,13753936,0.042588754
4.1016355,1.1,2.6,562787,13721039,0.041016355
4.2040311,1.1,2.7,572670,13621926,0.042040311
4.0884543,1.1,2.8,563496,13782617,0.040884543
4.1573175,1.1,2.9,581706,13992340,0.041573175
4.0846372,1.1,3,568090,13907967,0.040846372
11.0091965,1.2,1.1,1417428,12874945,0.110091965
10.7389495,1.2,1.2,1419122,13214719,0.107389495
10.6273611,1.2,1.3,1429157,13447901,0.106273611
10.2115356,1.2,1.4,1394603,13657133,0.102115356
10.2949214,1.2,1.5,1420823,13801203,0.102949214
10.1083128,1.2,1.6,1430600,14152708,0.101083128
10.1879568,1.2,1.7,1452394,14255989,0.101879568
10.0737991,1.2,1.8,1454084,14434316,0.100737991
9.8549795,1.2,1.9,1429518,14505540,0.098549795
9.8225599,1.2,2,1434600,14605154,0.098225599
9.8461646,1.2,2.1,1443629,14661841,0.098461646
9.7374569,1.2,2.2,1442435,14813262,0.097374569
9.5962471,1.2,2.3,1435764,14961724,0.095962471
9.5975456,1.2,2.4,1429772,14897267,0.095975456
9.6320976,1.2,2.5,1454851,15104197,0.096320976
9.5249273,1.2,2.6,1445376,15174667,0.095249273
9.5440734,1.2,2.7,1443721,15126885,0.095440734
9.4718799,1.2,2.8,1434990,15150002,0.094718799
9.3197896,1.2,2.9,1414764,15180214,0.093197896
9.3266663,1.2,3,1435135,15387438,0.093266663
16.8354953,1.3,1.1,2311530,13730098,0.168354953
16.6608108,1.3,1.2,2338723,14037270,0.166608108
16.4721742,1.3,1.3,2360228,14328576,0.164721742
16.1492929,1.3,1.4,2349913,14551182,0.161492929
16.1509678,1.3,1.5,2404710,14888953,0.161509678
15.975595,1.3,1.6,2412947,15103957,0.15975595
15.8707676,1.3,1.7,2405072,15154100,0.158707676
15.7514925,1.3,1.8,2403137,15256567,0.157514925
15.6952807,1.3,1.9,2390433,15230266,0.156952807
15.4790691,1.3,2,2388677,15431658,0.154790691
15.4035505,1.3,2.1,2397918,15567307,0.154035505
15.3907007,1.3,2.2,2405209,15627677,0.153907007
15.3958031,1.3,2.3,2416496,15695810,0.153958031
15.2620253,1.3,2.4,2404026,15751684,0.152620253
15.3778253,1.3,2.5,2445240,15901078,0.153778253
15.0782587,1.3,2.6,2382590,15801493,0.150782587
15.152317,1.3,2.7,2400359,15841531,0.15152317
15.0728068,1.3,2.8,2411557,15999389,0.150728068
15.0105679,1.3,2.9,2395913,15961508,0.150105679
14.9096158,1.3,3,2364073,15856029,0.149096158
22.7451139,1.4,1.1,3262896,14345481,0.227451139
22.090901,1.4,1.2,3232167,14631214,0.22090901
21.9425982,1.4,1.3,3264575,14877796,0.219425982
21.9170695,1.4,1.4,3293544,15027301,0.219170695
21.5088187,1.4,1.5,3307972,15379608,0.215088187
21.7848531,1.4,1.6,3367200,15456611,0.217848531
21.3659651,1.4,1.7,3346518,15662845,0.213659651
21.1304511,1.4,1.8,3310826,15668506,0.211304511
21.2293666,1.4,1.9,3367020,15860200,0.212293666
21.1847115,1.4,2,3360556,15863119,0.211847115
21.098951,1.4,2.1,3346247,15859779,0.21098951
21.0163749,1.4,2.2,3367827,16024776,0.210163749
20.7792571,1.4,2.3,3375198,16243112,0.207792571
21.0459862,1.4,2.4,3411386,16209200,0.210459862
20.5539075,1.4,2.5,3333198,16216858,0.205539075
20.6538613,1.4,2.6,3367104,16302540,0.206538613
20.8148808,1.4,2.7,3390793,16290235,0.208148808
20.6099824,1.4,2.8,3373735,16369422,0.206099824
20.7760208,1.4,2.9,3400997,16369819,0.207760208
20.5318509,1.4,3,3352270,16327169,0.205318509
28.4591763,1.5,1.1,4192640,14732120,0.284591763
27.8525557,1.5,1.2,4166678,14959769,0.278525557
27.6914193,1.5,1.3,4205927,15188557,0.276914193
27.6206601,1.5,1.4,4279315,15493167,0.276206601
27.3497085,1.5,1.5,4296567,15709736,0.273497085
27.3956916,1.5,1.6,4356124,15900763,0.273956916
27.2844944,1.5,1.7,4361499,15985266,0.272844944
27.0768277,1.5,1.8,4367058,16128396,0.270768277
26.521267,1.5,1.9,4293573,16189170,0.26521267
26.7979138,1.5,2,4325220,16140137,0.267979138
26.5852957,1.5,2.1,4329350,16284754,0.265852957
26.3551665,1.5,2.2,4336059,16452406,0.263551665
26.3938105,1.5,2.3,4357829,16510799,0.263938105
26.6629034,1.5,2.4,4422427,16586442,0.266629034
26.2232227,1.5,2.5,4367553,16655287,0.262232227
26.17959,1.5,2.6,4352599,16625925,0.2617959
26.3852901,1.5,2.7,4363632,16538124,0.263852901
26.113275,1.5,2.8,4316434,16529654,0.26113275
26.0386777,1.5,2.9,4335964,16652013,0.260386777
26.0860995,1.5,3,4323441,16573735,0.260860995
5.0864159,1.1,1.1,556442,10939766,0.050864159
4.9214158,1.1,1.2,556902,11315890,0.049214158
4.7895868,1.1,1.3,554838,11584256,0.047895868
4.5686876,1.1,1.4,546765,11967660,0.045686876
4.5244893,1.1,1.5,549961,12155206,0.045244893
4.4500199,1.1,1.6,555777,12489315,0.044500199
4.322621,1.1,1.7,546572,12644458,0.04322621
4.3375854,1.1,1.8,554131,12775103,0.043375854
4.3038254,1.1,1.9,561351,13043071,0.043038254
4.2584681,1.1,2,557247,13085621,0.042584681
4.1509385,1.1,2.1,547056,13179092,0.041509385
4.0606864,1.1,2.2,539562,13287458,0.040606864
4.0528381,1.1,2.3,544232,13428417,0.040528381
4.0177572,1.1,2.4,539506,13428039,0.040177572
4.0999281,1.1,2.5,551494,13451309,0.040999281
3.9919248,1.1,2.6,543680,13619495,0.039919248
3.964433,1.1,2.7,538500,13583279,0.03964433
4.0494522,1.1,2.8,556368,13739340,0.040494522
3.914409,1.1,2.9,536411,13703499,0.03914409
3.8793278,1.1,3,531154,13691908,0.038793278
10.6827289,1.2,1.1,1331692,12465841,0.106827289
10.5651781,1.2,1.2,1349294,12771143,0.105651781
10.3541519,1.2,1.3,1354777,13084384,0.103541519
10.2814969,1.2,1.4,1374328,13367003,0.102814969
10.1604689,1.2,1.5,1376152,13544178,0.101604689
9.9967185,1.2,1.6,1379388,13798408,0.099967185
9.9130278,1.2,1.7,1382181,13943076,0.099130278
9.8513222,1.2,1.8,1389323,14102909,0.098513222
9.7500463,1.2,1.9,1378557,14138979,0.097500463
9.5714629,1.2,2,1378437,14401529,0.095714629
9.4612176,1.2,2.1,1367368,14452347,0.094612176
9.4310476,1.2,2.2,1368291,14508367,0.094310476
9.357931,1.2,2.3,1370979,14650450,0.09357931
9.3730643,1.2,2.4,1371242,14629602,0.093730643
9.2222305,1.2,2.5,1366076,14812859,0.092222305
9.2996459,1.2,2.6,1375908,14795273,0.092996459
9.4253388,1.2,2.7,1400247,14856198,0.094253388
9.2728605,1.2,2.8,1375970,14838679,0.092728605
9.1026333,1.2,2.9,1352126,14854229,0.091026333
9.1380797,1.2,3,1361773,14902179,0.091380797
16.7162416,1.3,1.1,2219058,13274862,0.167162416
16.2961003,1.3,1.2,2237289,13728984,0.162961003
16.1907861,1.3,1.3,2274418,14047607,0.161907861
15.8921869,1.3,1.4,2277779,14332697,0.158921869
15.735289,1.3,1.5,2274773,14456506,0.15735289
15.5809553,1.3,1.6,2288883,14690261,0.155809553
15.555965,1.3,1.7,2304967,14817255,0.15555965
15.4356179,1.3,1.8,2328147,15082953,0.154356179
15.2752986,1.3,1.9,2306637,15100438,0.152752986
15.371385,1.3,2,2324904,15124883,0.15371385
15.0988393,1.3,2.1,2292729,15184803,0.150988393
15.21887,1.3,2.2,2325128,15277928,0.1521887
15.0735089,1.3,2.3,2321152,15398883,0.150735089
14.8262763,1.3,2.4,2307885,15566181,0.148262763
14.7886267,1.3,2.5,2295161,15519771,0.147886267
15.068756,1.3,2.6,2354796,15627010,0.15068756
14.8257707,1.3,2.7,2322289,15663867,0.148257707
14.5885724,1.3,2.8,2285485,15666269,0.145885724
14.8649382,1.3,2.9,2335005,15708138,0.148649382
14.6672891,1.3,3,2295221,15648570,0.146672891
22.5511351,1.4,1.1,3142226,13933782,0.225511351
21.8433844,1.4,1.2,3118035,14274505,0.218433844
21.7129585,1.4,1.3,3148539,14500737,0.217129585
21.4691972,1.4,1.4,3192817,14871618,0.214691972
21.4964165,1.4,1.5,3216325,14962145,0.214964165
21.1774358,1.4,1.6,3214804,15180327,0.211774358
20.952894,1.4,1.7,3220011,15367858,0.20952894
20.9200493,1.4,1.8,3250324,15536885,0.209200493
20.9506529,1.4,1.9,3273352,15624105,0.209506529
20.9231178,1.4,2,3273572,15645718,0.209231178
20.6987212,1.4,2.1,3283191,15861806,0.206987212
20.6763678,1.4,2.2,3264723,15789635,0.206763678
20.5256986,1.4,2.3,3277077,15965727,0.205256986
20.3255544,1.4,2.4,3250634,15992843,0.203255544
20.1250805,1.4,2.5,3243426,16116338,0.201250805
20.4721113,1.4,2.6,3289223,16066848,0.204721113
20.2624803,1.4,2.7,3250392,16041432,0.202624803
20.2112203,1.4,2.8,3282055,16238777,0.202112203
20.1369634,1.4,2.9,3257031,16174390,0.201369634
20.2956725,1.4,3,3281958,16170728,0.202956725
28.0968671,1.5,1.1,4019721,14306652,0.280968671
27.7222532,1.5,1.2,4086404,14740519,0.277222532
27.3547544,1.5,1.3,4112740,15034827,0.273547544
27.256613,1.5,1.4,4182361,15344390,0.27256613
27.4208295,1.5,1.5,4237533,15453701,0.274208295
26.5027496,1.5,1.6,4133676,15597159,0.265027496
26.5990113,1.5,1.7,4195328,15772496,0.265990113
26.6770076,1.5,1.8,4234415,15872901,0.266770076
26.4794218,1.5,1.9,4222984,15948173,0.264794218
26.1284094,1.5,2,4200210,16075261,0.261284094
26.0444826,1.5,2.1,4201909,16133586,0.260444826
26.1476133,1.5,2.2,4219620,16137687,0.261476133
26.2100388,1.5,2.3,4277536,16320220,0.262100388
26.1558912,1.5,2.4,4253165,16260830,0.261558912
25.6052039,1.5,2.5,4178028,16317105,0.256052039
25.8347648,1.5,2.6,4249492,16448735,0.258347648
25.7973317,1.5,2.7,4251141,16478995,0.257973317
25.7617609,1.5,2.8,4233822,16434521,0.257617609
25.7334594,1.5,2.9,4241414,16482098,0.257334594
25.7898114,1.5,3,4246743,16466747,0.257898114
5.1930565,1.1,1.1,424751,8179210,0.051930565
4.9810967,1.1,1.2,426389,8560143,0.049810967
4.7512696,1.1,1.3,426883,8984609,0.047512696
4.6489235,1.1,1.4,429841,9246033,0.046489235
4.4691066,1.1,1.5,422484,9453433,0.044691066
4.3561153,1.1,1.6,424116,9736106,0.043561153
4.3747473,1.1,1.7,428292,9790097,0.043747473
4.3331526,1.1,1.8,426819,9850080,0.043331526
4.2280765,1.1,1.9,423695,10020987,0.042280765
4.119833,1.1,2,422569,10256945,0.04119833
4.1960353,1.1,2.1,428672,10216120,0.041960353
4.111322,1.1,2.2,428573,10424214,0.04111322
4.0546941,1.1,2.3,424177,10461381,0.040546941
4.0702365,1.1,2.4,430966,10588230,0.040702365
4.0809223,1.1,2.5,430974,10560701,0.040809223
3.9699964,1.1,2.6,423775,10674443,0.039699964
3.9452624,1.1,2.7,421036,10671939,0.039452624
3.8659665,1.1,2.8,418425,10823296,0.038659665
3.8518853,1.1,2.9,416031,10800711,0.038518853
3.9105514,1.1,3,420825,10761270,0.039105514
10.9747587,1.2,1.1,1057624,9636877,0.109747587
11.050886,1.2,1.2,1103078,9981806,0.11050886
10.5212826,1.2,1.3,1068179,10152555,0.105212826
10.4485625,1.2,1.4,1086916,10402541,0.104485625
10.2024216,1.2,1.5,1086578,10650197,0.102024216
10.3079754,1.2,1.6,1129667,10959155,0.103079754
9.8984041,1.2,1.7,1104935,11162759,0.098984041
9.8404312,1.2,1.8,1098076,11158820,0.098404312
9.7441511,1.2,1.9,1092717,11214081,0.097441511
9.8198049,1.2,2,1113690,11341264,0.098198049
9.5593528,1.2,2.1,1110441,11616278,0.095593528
9.5359706,1.2,2.2,1106088,11599113,0.095359706
9.5195116,1.2,2.3,1114953,11712292,0.095195116
9.4118196,1.2,2.4,1115021,11847029,0.094118196
9.4408589,1.2,2.5,1107520,11731136,0.094408589
9.4110946,1.2,2.6,1118021,11879819,0.094110946
9.4135061,1.2,2.7,1108340,11773934,0.094135061
9.3462056,1.2,2.8,1110970,11886856,0.093462056
9.2934413,1.2,2.9,1104653,11886372,0.092934413
9.1535996,1.2,3,1086067,11864917,0.091535996
17.3455272,1.3,1.1,1804676,10404273,0.173455272
16.7202942,1.3,1.2,1827218,10928145,0.167202942
16.3884544,1.3,1.3,1815983,11080868,0.163884544
16.2192774,1.3,1.4,1865449,11501431,0.162192774
16.2296936,1.3,1.5,1846059,11374577,0.162296936
15.9693983,1.3,1.6,1877018,11753843,0.159693983
15.7320912,1.3,1.7,1862945,11841687,0.157320912
15.7189292,1.3,1.8,1889340,12019521,0.157189292
15.5899038,1.3,1.9,1881608,12069401,0.155899038
15.2171809,1.3,2,1853888,12182861,0.152171809
15.4285096,1.3,2.1,1892467,12266039,0.154285096
15.071006,1.3,2.2,1867417,12390792,0.15071006
15.287378,1.3,2.3,1895700,12400426,0.15287378
15.24084,1.3,2.4,1900669,12470894,0.1524084
15.0702138,1.3,2.5,1882665,12492623,0.150702138
14.9369754,1.3,2.6,1870315,12521377,0.149369754
14.9047265,1.3,2.7,1851930,12425119,0.149047265
15.0719257,1.3,2.8,1900710,12610930,0.150719257
15.0586244,1.3,2.9,1892923,12570358,0.150586244
15.0260451,1.3,3,1896260,12619821,0.150260451
23.2706772,1.4,1.1,2568390,11037023,0.232706772
22.5472616,1.4,1.2,2539046,11260995,0.225472616
22.4475879,1.4,1.3,2607398,11615493,0.224475879
22.1265167,1.4,1.4,2621507,11847807,0.221265167
22.1357054,1.4,1.5,2640787,11929988,0.221357054
21.5661713,1.4,1.6,2650030,12287902,0.215661713
21.4112307,1.4,1.7,2641450,12336750,0.214112307
21.4861539,1.4,1.8,2664704,12401959,0.214861539
21.1148294,1.4,1.9,2669160,12641163,0.211148294
21.1750912,1.4,2,2672745,12622118,0.211750912
20.8386888,1.4,2.1,2665072,12789058,0.208386888
20.8357903,1.4,2.2,2683286,12878254,0.208357903
20.8080785,1.4,2.3,2684445,12900975,0.208080785
21.0457228,1.4,2.4,2730877,12975924,0.210457228
20.7853565,1.4,2.5,2705660,13017145,0.207853565
20.7082293,1.4,2.6,2700888,13042583,0.207082293
20.6532052,1.4,2.7,2684775,12999314,0.206532052
20.7302027,1.4,2.8,2708146,13063770,0.207302027
20.2752826,1.4,2.9,2652010,13080015,0.202752826
21.0489303,1.4,3,2732148,12979985,0.210489303
29.1384863,1.5,1.1,3330596,11430230,0.291384863
28.8092977,1.5,1.2,3390744,11769617,0.288092977
28.5144122,1.5,1.3,3415961,11979770,0.285144122
28.450815,1.5,1.4,3455028,12143863,0.28450815
28.0278051,1.5,1.5,3506499,12510787,0.280278051
27.8136775,1.5,1.6,3515307,12638771,0.278136775
27.5286897,1.5,1.7,3505026,12732266,0.275286897
27.7133224,1.5,1.8,3572929,12892460,0.277133224
27.2695149,1.5,1.9,3566158,13077453,0.272695149
26.6139281,1.5,2,3479349,13073414,0.266139281
27.0328517,1.5,2.1,3560618,13171448,0.270328517
27.1117231,1.5,2.2,3586018,13226817,0.271117231
27.1642726,1.5,2.3,3618355,13320272,0.271642726
26.9202792,1.5,2.4,3567305,13251367,0.269202792
26.6938457,1.5,2.5,3550668,13301448,0.266938457
26.8711487,1.5,2.6,3567217,13275268,0.268711487
26.6043698,1.5,2.7,3546147,13329190,0.266043698
26.3779498,1.5,2.8,3540115,13420736,0.263779498
26.9191963,1.5,2.9,3594376,13352464,0.269191963
26.3410771,1.5,3,3530292,13402231,0.263410771
5.1819297,1.1,1.1,427354,8247005,0.051819297
4.9848793,1.1,1.2,423383,8493345,0.049848793
4.8863508,1.1,1.3,429916,8798304,0.048863508
4.6427783,1.1,1.4,424457,9142306,0.046427783
4.4404334,1.1,1.5,420776,9476012,0.044404334
4.4613607,1.1,1.6,429650,9630470,0.044613607
4.3885574,1.1,1.7,434227,9894527,0.043885574
4.2518801,1.1,1.8,418258,9837013,0.042518801
4.2321037,1.1,1.9,430034,10161235,0.042321037
4.2462757,1.1,2,433269,10203506,0.042462757
4.0775039,1.1,2.1,420306,10307924,0.040775039
4.0945347,1.1,2.2,427413,10438622,0.040945347
3.999121,1.1,2.3,419854,10498657,0.03999121
4.1245893,1.1,2.4,438653,10635071,0.041245893
4.0692003,1.1,2.5,432131,10619556,0.040692003
4.080208,1.1,2.6,437904,10732394,0.04080208
4.0019317,1.1,2.7,430006,10744961,0.040019317
3.9763044,1.1,2.8,426588,10728253,0.039763044
3.9910705,1.1,2.9,432221,10829701,0.039910705
3.9491236,1.1,3,424716,10754690,0.039491236
11.2478354,1.2,1.1,1080516,9606435,0.112478354
10.8443795,1.2,1.2,1087973,10032598,0.108443795
10.738265,1.2,1.3,1096715,10213149,0.10738265
10.3885122,1.2,1.4,1089099,10483686,0.103885122
10.270971,1.2,1.5,1092414,10635937,0.10270971
10.058677,1.2,1.6,1099106,10926944,0.10058677
10.0752274,1.2,1.7,1106679,10984159,0.100752274
9.8760066,1.2,1.8,1106331,11202210,0.098760066
9.7090306,1.2,1.9,1097209,11300912,0.097090306
9.6608465,1.2,2,1092321,11306680,0.096608465
9.5109988,1.2,2.1,1095361,11516782,0.095109988
9.6272999,1.2,2.2,1123462,11669544,0.096272999
9.4432033,1.2,2.3,1099999,11648579,0.094432033
9.3892944,1.2,2.4,1112582,11849474,0.093892944
9.5317482,1.2,2.5,1118804,11737658,0.095317482
9.5114473,1.2,2.6,1123758,11814795,0.095114473
9.4239427,1.2,2.7,1115800,11840055,0.094239427
9.2811226,1.2,2.8,1096099,11809983,0.092811226
9.1827306,1.2,2.9,1097787,11954908,0.091827306
9.153418,1.2,3,1093248,11943604,0.09153418
17.0554785,1.3,1.1,1778218,10426081,0.170554785
17.1319156,1.3,1.2,1853596,10819549,0.171319156
16.6872992,1.3,1.3,1849961,11086042,0.166872992
16.4208517,1.3,1.4,1857866,11314066,0.164208517
16.1802364,1.3,1.5,1863450,11516828,0.161802364
15.8933129,1.3,1.6,1870703,11770378,0.158933129
15.8666672,1.3,1.7,1871088,11792571,0.158666672
15.4999969,1.3,1.8,1838649,11862254,0.154999969
15.3982085,1.3,1.9,1864052,12105642,0.153982085
15.7194214,1.3,2,1903228,12107494,0.157194214
15.2870722,1.3,2.1,1880833,12303422,0.152870722
15.2686725,1.3,2.2,1882214,12327293,0.152686725
15.2393006,1.3,2.3,1890799,12407387,0.152393006
15.1947941,1.3,2.4,1891599,12448994,0.151947941
14.9295637,1.3,2.5,1867185,12506628,0.149295637
15.2741109,1.3,2.6,1898102,12426923,0.152741109
15.080423,1.3,2.7,1903546,12622630,0.15080423
14.804982,1.3,2.8,1866918,12610066,0.14804982
14.9119937,1.3,2.9,1879743,12605578,0.149119937
14.769949,1.3,3,1870687,12665494,0.14769949
23.0998604,1.4,1.1,2541804,11003547,0.230998604
22.7846163,1.4,1.2,2583616,11339300,0.227846163
22.8367525,1.4,1.3,2637834,11550828,0.228367525
21.9910902,1.4,1.4,2595686,11803353,0.219910902
22.0453936,1.4,1.5,2659965,12065854,0.220453936
21.8845356,1.4,1.6,2692589,12303615,0.218845356
21.7151212,1.4,1.7,2687899,12378006,0.217151212
21.2936912,1.4,1.8,2656790,12476888,0.212936912
21.2984048,1.4,1.9,2685259,12607794,0.212984048
21.3260966,1.4,2,2693338,12629306,0.213260966
21.3051549,1.4,2.1,2710272,12721203,0.213051549
21.0039226,1.4,2.2,2707447,12890197,0.210039226
20.6846289,1.4,2.3,2672368,12919584,0.206846289
20.8965734,1.4,2.4,2712123,12978793,0.208965734
20.7144595,1.4,2.5,2692870,12999953,0.207144595
20.8412503,1.4,2.6,2699380,12952102,0.208412503
20.5983194,1.4,2.7,2683802,13029228,0.205983194
20.5037884,1.4,2.8,2670283,13023364,0.205037884
20.7933524,1.4,2.9,2701390,12991604,0.207933524
20.5124806,1.4,3,2696855,13147386,0.205124806
29.3036853,1.5,1.1,3347527,11423570,0.293036853
28.7988874,1.5,1.2,3381140,11740523,0.287988874
28.582731,1.5,1.3,3425580,11984789,0.28582731
27.8703985,1.5,1.4,3427003,12296211,0.278703985
27.7908809,1.5,1.5,3460553,12452117,0.277908809
27.7258221,1.5,1.6,3483627,12564558,0.277258221
27.535579,1.5,1.7,3518086,12776510,0.27535579
27.4411051,1.5,1.8,3504357,12770466,0.274411051
27.0641945,1.5,1.9,3544623,13097094,0.270641945
26.9260811,1.5,2,3505178,13017780,0.269260811
27.1287437,1.5,2.1,3579740,13195377,0.271287437
27.0403298,1.5,2.2,3562743,13175664,0.270403298
27.2650407,1.5,2.3,3639649,13349142,0.272650407
27.0690032,1.5,2.4,3568743,13183873,0.270690032
26.6176688,1.5,2.5,3530344,13263160,0.266176688
26.8199355,1.5,2.6,3594765,13403332,0.268199355
26.2737135,1.5,2.7,3514322,13375810,0.262737135
26.5404933,1.5,2.8,3536017,13323102,0.265404933
26.2771602,1.5,2.9,3529941,13433495,0.262771602
26.5459865,1.5,3,3569449,13446285,0.265459865
5.421845,1.1,1.1,582141,10736954,0.05421845
5.0733093,1.1,1.2,575516,11343996,0.050733093
5.0021777,1.1,1.3,585390,11702703,0.050021777
4.9069365,1.1,1.4,582723,11875495,0.049069365
4.8320389,1.1,1.5,578719,11976704,0.048320389
4.6393856,1.1,1.6,564476,12167042,0.046393856
4.7398007,1.1,1.7,578667,12208678,0.047398007
4.7897099,1.1,1.8,592771,12375927,0.047897099
4.5841442,1.1,1.9,580895,12671831,0.045841442
4.5593349,1.1,2,577905,12675204,0.045593349
4.6330918,1.1,2.1,593126,12801948,0.046330918
4.5361276,1.1,2.2,586512,12929795,0.045361276
4.551919,1.1,2.3,590968,12982832,0.04551919
4.3584058,1.1,2.4,560318,12856031,0.043584058
4.5189358,1.1,2.5,591888,13097951,0.045189358
4.447344,1.1,2.6,581383,13072589,0.04447344
4.3556665,1.1,2.7,576266,13230260,0.043556665
4.3855953,1.1,2.8,578216,13184436,0.043855953
4.393856,1.1,2.9,583879,13288533,0.04393856
4.3194282,1.1,3,570713,13212698,0.043194282
11.4853842,1.2,1.1,1395629,12151348,0.114853842
11.2752174,1.2,1.2,1399130,12408896,0.112752174
11.0440032,1.2,1.3,1409731,12764674,0.110440032
10.9729725,1.2,1.4,1442125,13142519,0.109729725
10.8768243,1.2,1.5,1436712,13208929,0.108768243
10.636987,1.2,1.6,1432803,13470008,0.10636987
10.6329647,1.2,1.7,1446940,13608058,0.106329647
10.5476237,1.2,1.8,1433860,13594152,0.105476237
10.5158773,1.2,1.9,1450405,13792525,0.105158773
10.4123078,1.2,2,1438033,13810896,0.104123078
10.2207124,1.2,2.1,1427161,13963420,0.102207124
10.2023691,1.2,2.2,1439288,14107390,0.102023691
10.3439969,1.2,2.3,1468527,14196901,0.103439969
10.3100396,1.2,2.4,1463107,14191090,0.103100396
10.3214561,1.2,2.5,1467963,14222441,0.103214561
10.2056244,1.2,2.6,1449786,14205755,0.102056244
9.9247155,1.2,2.7,1421016,14317952,0.099247155
9.8480984,1.2,2.8,1414111,14359229,0.098480984
10.1332619,1.2,2.9,1452885,14337782,0.101332619
10.144063,1.2,3,1446376,14258350,0.10144063
17.5761305,1.3,1.1,2281857,12982704,0.175761305
17.5043863,1.3,1.2,2315096,13225805,0.175043863
17.5284711,1.3,1.3,2358928,13457694,0.175284711
17.0575008,1.3,1.4,2346933,13758950,0.170575008
16.9402673,1.3,1.5,2335968,13789440,0.169402673
16.9195794,1.3,1.6,2384555,14093465,0.169195794
16.6382027,1.3,1.7,2392793,14381319,0.166382027
16.5757737,1.3,1.8,2379783,14356995,0.165757737
16.5672746,1.3,1.9,2392390,14440456,0.165672746
16.5305086,1.3,2,2408103,14567628,0.165305086
16.3607351,1.3,2.1,2400129,14670056,0.163607351
16.2839633,1.3,2.2,2404094,14763568,0.162839633
16.324787,1.3,2.3,2432621,14901395,0.16324787
16.3132312,1.3,2.4,2410722,14777710,0.163132312
16.0754035,1.3,2.5,2399122,14924179,0.160754035
16.3054061,1.3,2.6,2433365,14923670,0.163054061
16.245757,1.3,2.7,2434170,14983420,0.16245757
16.2427505,1.3,2.8,2443038,15040790,0.162427505
16.334622,1.3,2.9,2443780,14960738,0.16334622
16.1248625,1.3,3,2414698,14974999,0.161248625
23.6558193,1.4,1.1,3178363,13435861,0.236558193
23.4990732,1.4,1.2,3223041,13715609,0.234990732
23.2745352,1.4,1.3,3261597,14013586,0.232745352
23.3883938,1.4,1.4,3317247,14183304,0.233883938
23.1211148,1.4,1.5,3342485,14456418,0.231211148
23.18983,1.4,1.6,3359609,14487424,0.2318983
22.687405,1.4,1.7,3325837,14659398,0.22687405
22.7389228,1.4,1.8,3338520,14681962,0.227389228
22.5987526,1.4,1.9,3389713,14999558,0.225987526
22.630492,1.4,2,3360409,14849032,0.22630492
22.5555319,1.4,2.1,3389803,15028699,0.225555319
22.4313273,1.4,2.2,3398456,15150490,0.224313273
22.3934609,1.4,2.3,3402926,15196070,0.223934609
22.6346539,1.4,2.4,3452873,15254808,0.226346539
22.3281292,1.4,2.5,3432368,15372394,0.223281292
22.2711666,1.4,2.6,3424658,15377093,0.222711666
22.5007246,1.4,2.7,3442155,15297974,0.225007246
22.564652,1.4,2.8,3438123,15236765,0.22564652
22.3025895,1.4,2.9,3415758,15315522,0.223025895
22.2549472,1.4,3,3409968,15322292,0.222549472
30.369702,1.5,1.1,4144822,13647885,0.30369702
29.8373629,1.5,1.2,4181269,14013534,0.298373629
29.6203942,1.5,1.3,4242370,14322463,0.296203942
29.5822122,1.5,1.4,4318782,14599253,0.295822122
29.1986644,1.5,1.5,4284824,14674726,0.291986644
29.1252923,1.5,1.6,4329941,14866601,0.291252923
29.3196008,1.5,1.7,4369345,14902471,0.293196008
29.1141239,1.5,1.8,4408748,15142987,0.291141239
28.9715632,1.5,1.9,4389784,15152044,0.289715632
28.7771721,1.5,2,4358362,15145206,0.287771721
28.6496716,1.5,2.1,4410588,15394899,0.286496716
28.7882475,1.5,2.2,4466815,15516106,0.287882475
28.6334556,1.5,2.3,4427219,15461700,0.286334556
28.6643411,1.5,2.4,4451917,15531203,0.286643411
28.4249127,1.5,2.5,4403874,15493008,0.284249127
28.4318732,1.5,2.6,4406372,15498001,0.284318732
28.6669219,1.5,2.7,4456785,15546786,0.286669219
28.0129534,1.5,2.8,4375790,15620595,0.280129534
28.2903237,1.5,2.9,4432232,15666954,0.282903237
28.2880336,1.5,3,4385022,15501332,0.282880336
5.5321449,1.1,1.1,733278,13254859,0.055321449
5.3443168,1.1,1.2,744736,13935102,0.053443168
5.1935519,1.1,1.3,737504,14200378,0.051935519
5.1419446,1.1,1.4,741995,14430241,0.051419446
5.057813,1.1,1.5,743388,14697815,0.05057813
4.9886039,1.1,1.6,747410,14982348,0.049886039
4.9555839,1.1,1.7,746783,15069526,0.049555839
4.8970943,1.1,1.8,745726,15227928,0.048970943
4.864773,1.1,1.9,747680,15369268,0.04864773
4.839185,1.1,2,750198,15502569,0.04839185
4.8235047,1.1,2.1,744765,15440329,0.048235047
4.6958393,1.1,2.2,737772,15711185,0.046958393
4.6973366,1.1,2.3,736518,15679481,0.046973366
4.6798892,1.1,2.4,746333,15947664,0.046798892
4.6115968,1.1,2.5,731575,15863811,0.046115968
4.6237457,1.1,2.6,739837,16000815,0.046237457
4.6523774,1.1,2.7,743118,15972866,0.046523774
4.6181389,1.1,2.8,741458,16055342,0.046181389
4.5985766,1.1,2.9,743793,16174418,0.045985766
4.6026083,1.1,3,738631,16048096,0.046026083
11.9132686,1.2,1.1,1764547,14811611,0.119132686
11.5508729,1.2,1.2,1767485,15301744,0.115508729
11.5037305,1.2,1.3,1781193,15483612,0.115037305
11.3107827,1.2,1.4,1798515,15900889,0.113107827
11.2703416,1.2,1.5,1792261,15902455,0.112703416
10.9607124,1.2,1.6,1772782,16173967,0.109607124
11.0068802,1.2,1.7,1794194,16300659,0.110068802
10.9585708,1.2,1.8,1808449,16502599,0.109585708
10.9023286,1.2,1.9,1805295,16558802,0.109023286
10.7240113,1.2,2,1782931,16625598,0.107240113
10.7940274,1.2,2.1,1806575,16736802,0.107940274
10.7055892,1.2,2.2,1820013,17000587,0.107055892
10.5928925,1.2,2.3,1796875,16963025,0.105928925
10.8070906,1.2,2.4,1841213,17037083,0.108070906
10.6057195,1.2,2.5,1820089,17161391,0.106057195
10.5792896,1.2,2.6,1813253,17139648,0.105792896
10.5436559,1.2,2.7,1817622,17239011,0.105436559
10.6391615,1.2,2.8,1840536,17299634,0.106391615
10.5200573,1.2,2.9,1811589,17220334,0.105200573
10.3436446,1.2,3,1789402,17299531,0.103436446
18.3481253,1.3,1.1,2871966,15652640,0.183481253
17.8902992,1.3,1.2,2888645,16146432,0.178902992
17.9346956,1.3,1.3,2909185,16220989,0.179346956
17.5058997,1.3,1.4,2887581,16494902,0.175058997
17.5909449,1.3,1.5,2934358,16681071,0.175909449
17.5063633,1.3,1.6,2974888,16993181,0.175063633
17.366442,1.3,1.7,2956428,17023798,0.17366442
17.0472902,1.3,1.8,2921329,17136618,0.170472902
17.1365126,1.3,1.9,2955437,17246432,0.171365126
17.1448458,1.3,2,2975267,17353711,0.171448458
17.0674339,1.3,2.1,2972097,17413848,0.170674339
16.7022266,1.3,2.2,2956012,17698311,0.167022266
16.9857652,1.3,2.3,2999324,17657868,0.169857652
16.8161379,1.3,2.4,2967316,17645645,0.168161379
16.633342,1.3,2.5,2963420,17816143,0.16633342
16.7378019,1.3,2.6,2983233,17823326,0.167378019
16.7882016,1.3,2.7,3004155,17894442,0.167882016
16.767366,1.3,2.8,3007239,17935071,0.16767366
16.5952723,1.3,2.9,2957864,17823534,0.165952723
16.5493276,1.3,3,2964065,17910486,0.165493276
24.4828597,1.4,1.1,3949240,16130632,0.244828597
24.0213779,1.4,1.2,3978552,16562547,0.240213779
24.1761508,1.4,1.3,4052939,16764203,0.241761508
23.6964585,1.4,1.4,4020353,16966050,0.236964585
23.5642052,1.4,1.5,4029735,17101086,0.235642052
23.6288404,1.4,1.6,4124670,17456083,0.236288404
23.3144319,1.4,1.7,4104796,17606245,0.233144319
23.4090532,1.4,1.8,4132362,17652837,0.234090532
23.43451,1.4,1.9,4187106,17867265,0.2343451
23.2240843,1.4,2,4132040,17792047,0.232240843
23.270847,1.4,2.1,4163710,17892387,0.23270847
22.9703942,1.4,2.2,4145111,18045450,0.229703942
22.8342729,1.4,2.3,4117274,18031115,0.228342729
23.0170481,1.4,2.4,4187765,18194188,0.230170481
22.9915872,1.4,2.5,4160018,18093653,0.229915872
22.8710308,1.4,2.6,4181820,18284353,0.228710308
23.0624172,1.4,2.7,4189292,18165017,0.230624172
22.7666604,1.4,2.8,4174078,18334169,0.227666604
22.897985,1.4,2.9,4172853,18223669,0.22897985
22.9200315,1.4,3,4164035,18167667,0.229200315
30.6004049,1.5,1.1,5054846,16518886,0.306004049
30.4503522,1.5,1.2,5131754,16852856,0.304503522
30.1560789,1.5,1.3,5163974,17124156,0.301560789
29.7857266,1.5,1.4,5149413,17288190,0.297857266
30.0288513,1.5,1.5,5245595,17468517,0.300288513
29.8059051,1.5,1.6,5283415,17726068,0.298059051
29.5945196,1.5,1.7,5288596,17870187,0.295945196
29.5070226,1.5,1.8,5292947,17937923,0.295070226
29.6685505,1.5,1.9,5345459,18017257,0.296685505
29.5868203,1.5,2,5340082,18048854,0.295868203
29.2245701,1.5,2.1,5302864,18145225,0.292245701
29.2372023,1.5,2.2,5365790,18352611,0.292372023
29.32243,1.5,2.3,5333621,18189560,0.2932243
29.2985971,1.5,2.4,5364056,18308235,0.292985971
29.5460415,1.5,2.5,5405968,18296759,0.295460415
29.1282761,1.5,2.6,5381135,18473922,0.291282761
29.1393984,1.5,2.7,5358094,18387799,0.291393984
28.7635264,1.5,2.8,5321538,18500993,0.287635264
28.9814491,1.5,2.9,5341741,18431587,0.289814491
29.2257352,1.5,3,5399907,18476548,0.292257352
5.5334452,1.1,1.1,743633,13438879,0.055334452
5.399589,1.1,1.2,744799,13793624,0.05399589
5.2058119,1.1,1.3,739166,14198861,0.052058119
5.1587303,1.1,1.4,749638,14531444,0.051587303
4.9977731,1.1,1.5,726932,14545118,0.049977731
4.8860937,1.1,1.6,732691,14995435,0.048860937
4.9801957,1.1,1.7,755406,15168199,0.049801957
4.9091848,1.1,1.8,743095,15136831,0.049091848
4.7861552,1.1,1.9,732905,15313022,0.047861552
4.8497701,1.1,2,749208,15448320,0.048497701
4.7350569,1.1,2.1,737252,15570077,0.047350569
4.8068725,1.1,2.2,754243,15690930,0.048068725
4.7174042,1.1,2.3,745370,15800427,0.047174042
4.6723242,1.1,2.4,738554,15806994,0.046723242
4.6590956,1.1,2.5,743626,15960737,0.046590956
4.609099,1.1,2.6,736740,15984469,0.04609099
4.5857072,1.1,2.7,741873,16177941,0.045857072
4.6158901,1.1,2.8,745030,16140549,0.046158901
4.6234327,1.1,2.9,751052,16244467,0.046234327
4.5870203,1.1,3,741405,16163107,0.045870203
11.8854611,1.2,1.1,1772451,14912766,0.118854611
11.6303072,1.2,1.2,1779305,15298865,0.116303072
11.4096639,1.2,1.3,1771852,15529397,0.114096639
11.2339581,1.2,1.4,1779330,15838852,0.112339581
11.329449,1.2,1.5,1804078,15923793,0.11329449
11.0655465,1.2,1.6,1785732,16137766,0.110655465
11.1362592,1.2,1.7,1809983,16253061,0.111362592
10.9621891,1.2,1.8,1802716,16444854,0.109621891
10.9952167,1.2,1.9,1843641,16767664,0.109952167
10.8305561,1.2,2,1811117,16722290,0.108305561
10.7944861,1.2,2.1,1804231,16714376,0.107944861
10.7121989,1.2,2.2,1826129,17047191,0.107121989
10.7424018,1.2,2.3,1832381,17057461,0.107424018
10.5815552,1.2,2.4,1805013,17058107,0.105815552
10.5202482,1.2,2.5,1809139,17196733,0.105202482
10.6409427,1.2,2.6,1824557,17146573,0.106409427
10.4854337,1.2,2.7,1818876,17346693,0.104854337
10.6429915,1.2,2.8,1839744,17285967,0.106429915
10.5810641,1.2,2.9,1823286,17231594,0.105810641
10.6000022,1.2,3,1835592,17316902,0.106000022
18.2337537,1.3,1.1,2848031,15619554,0.182337537
17.813377,1.3,1.2,2866959,16094416,0.17813377
17.7454532,1.3,1.3,2906301,16377722,0.177454532
17.6666059,1.3,1.4,2904169,16438749,0.176666059
17.4382117,1.3,1.5,2933046,16819649,0.174382117
17.4236406,1.3,1.6,2946941,16913463,0.174236406
17.2674666,1.3,1.7,2956455,17121533,0.172674666
17.2280523,1.3,1.8,2954315,17148282,0.172280523
17.1834077,1.3,1.9,2984378,17367789,0.171834077
17.0751625,1.3,2,2979949,17451951,0.170751625
17.101721,1.3,2.1,2983897,17447934,0.17101721
17.0323499,1.3,2.2,3001750,17623816,0.170323499
16.7883699,1.3,2.3,2976397,17728922,0.167883699
16.7275233,1.3,2.4,2978330,17804967,0.167275233
16.8811137,1.3,2.5,2995085,17742224,0.168811137
16.613393,1.3,2.6,2964136,17841846,0.16613393
16.7763961,1.3,2.7,2979979,17762927,0.167763961
16.7566425,1.3,2.8,2988915,17837195,0.167566425
16.6751747,1.3,2.9,2982052,17883183,0.166751747
16.5874452,1.3,3,2968842,17898127,0.165874452
24.4403827,1.4,1.1,3916891,16026308,0.244403827
24.3265695,1.4,1.2,3994647,16420922,0.243265695
23.9953312,1.4,1.3,4040026,16836717,0.239953312
23.9327352,1.4,1.4,4093736,17105174,0.239327352
23.5951161,1.4,1.5,4033108,17092978,0.235951161
23.5653289,1.4,1.6,4071351,17276869,0.235653289
23.5953032,1.4,1.7,4104172,17394021,0.235953032
23.4752236,1.4,1.8,4155928,17703465,0.234752236
23.1532821,1.4,1.9,4110768,17754580,0.231532821
23.4042373,1.4,2,4165789,17799294,0.234042373
23.3696967,1.4,2.1,4167450,17832709,0.233696967
22.9859086,1.4,2.2,4120916,17928010,0.229859086
22.9844812,1.4,2.3,4147380,18044262,0.229844812
22.8514361,1.4,2.4,4130794,18076737,0.228514361
23.1173913,1.4,2.5,4178855,18076672,0.231173913
22.9050927,1.4,2.6,4168936,18200913,0.229050927
22.7881309,1.4,2.7,4155626,18235923,0.227881309
23.0167003,1.4,2.8,4167015,18104311,0.230167003
22.8185307,1.4,2.9,4151483,18193472,0.228185307
22.7965582,1.4,3,4176355,18320112,0.227965582
30.6425414,1.5,1.1,5052045,16487030,0.306425414
30.1941278,1.5,1.2,5120867,16959811,0.301941278
30.5076735,1.5,1.3,5193486,17023540,0.305076735
30.0600147,1.5,1.4,5191997,17272104,0.300600147
29.7682466,1.5,1.5,5194832,17450917,0.297682466
29.5343984,1.5,1.6,5218722,17669979,0.295343984
29.4950864,1.5,1.7,5243704,17778229,0.294950864
29.3355481,1.5,1.8,5234666,17844105,0.293355481
29.5825737,1.5,1.9,5346773,18074063,0.295825737
29.5160526,1.5,2,5304501,17971580,0.295160526
29.1830204,1.5,2.1,5286102,18113622,0.291830204
29.3379011,1.5,2.2,5372252,18311644,0.293379011
29.4307321,1.5,2.3,5367888,18239057,0.294307321
29.3482684,1.5,2.4,5350317,18230435,0.293482684
29.3862962,1.5,2.5,5388179,18335686,0.293862962
29.2068333,1.5,2.6,5383551,18432505,0.292068333
28.8680905,1.5,2.7,5291411,18329619,0.288680905
29.3791164,1.5,2.8,5403336,18391758,0.293791164
28.65216,1.5,2.9,5263778,18371313,0.2865216
29.0623735,1.5,3,5366335,18464889,0.290623735
5.4990618,1.1,1.1,733333,13335602,0.054990618
5.2857205,1.1,1.2,739650,13993362,0.052857205
5.1810933,1.1,1.3,731896,14126285,0.051810933
5.1559036,1.1,1.4,748290,14513266,0.051559036
5.0513795,1.1,1.5,734959,14549669,0.050513795
5.0574286,1.1,1.6,746286,14756234,0.050574286
4.9640905,1.1,1.7,746213,15032220,0.049640905
4.8947499,1.1,1.8,741690,15152766,0.048947499
4.7866996,1.1,1.9,737257,15402199,0.047866996
4.7645003,1.1,2,735125,15429215,0.047645003
4.8494627,1.1,2.1,751492,15496397,0.048494627
4.7923942,1.1,2.2,753142,15715360,0.047923942
4.7293228,1.1,2.3,746875,15792430,0.047293228
4.6442694,1.1,2.4,737150,15872249,0.046442694
4.6298525,1.1,2.5,741423,16013966,0.046298525
4.6271739,1.1,2.6,738713,15964669,0.046271739
4.624886,1.1,2.7,735788,15909322,0.04624886
4.6170466,1.1,2.8,746153,16160829,0.046170466
4.5745235,1.1,2.9,738722,16148611,0.045745235
4.5367753,1.1,3,734082,16180700,0.045367753
12.012977,1.2,1.1,1773264,14761237,0.12012977
11.6580838,1.2,1.2,1781602,15282117,0.116580838
11.4383491,1.2,1.3,1775061,15518507,0.114383491
11.3597364,1.2,1.4,1798249,15830024,0.113597364
11.227994,1.2,1.5,1807319,16096544,0.11227994
11.1571098,1.2,1.6,1814483,16263020,0.111571098
11.0286206,1.2,1.7,1794433,16270693,0.110286206
10.9183168,1.2,1.8,1805143,16533162,0.109183168
10.9898422,1.2,1.9,1814760,16513067,0.109898422
10.8696853,1.2,2,1831401,16848703,0.108696853
10.758893,1.2,2.1,1804165,16769058,0.10758893
10.8575681,1.2,2.2,1846806,17009389,0.108575681
10.7193074,1.2,2.3,1818909,16968531,0.107193074
10.5449842,1.2,2.4,1802991,17098091,0.105449842
10.6782827,1.2,2.5,1825027,17091016,0.106782827
10.6855321,1.2,2.6,1839420,17214117,0.106855321
10.563988,1.2,2.7,1811562,17148467,0.10563988
10.5855674,1.2,2.8,1811312,17111147,0.105855674
10.6749504,1.2,2.9,1840601,17242244,0.106749504
10.5796125,1.2,3,1831993,17316258,0.105796125
17.9543473,1.3,1.1,2814303,15674772,0.179543473
18.1004222,1.3,1.2,2907290,16062001,0.181004222
17.6947775,1.3,1.3,2881488,16284398,0.176947775
17.594328,1.3,1.4,2917451,16581770,0.17594328
17.475288,1.3,1.5,2914272,16676532,0.17475288
17.3619906,1.3,1.6,2919455,16815209,0.173619906
17.4191469,1.3,1.7,2969408,17046805,0.174191469
16.9889268,1.3,1.8,2919974,17187513,0.169889268
17.1125504,1.3,1.9,2973787,17377813,0.171125504
16.9066859,1.3,2,2946787,17429714,0.169066859
17.1583173,1.3,2.1,3018392,17591422,0.171583173
17.0526658,1.3,2.2,2981440,17483718,0.170526658
16.9926509,1.3,2.3,3000642,17658469,0.169926509
16.720396,1.3,2.4,2970113,17763413,0.16720396
16.9133322,1.3,2.5,2999628,17735287,0.169133322
16.6839162,1.3,2.6,2974649,17829441,0.166839162
16.66422,1.3,2.7,2987743,17929090,0.1666422
16.6691467,1.3,2.8,2985426,17909891,0.166691467
16.4102527,1.3,2.9,2929173,17849652,0.164102527
16.7262405,1.3,3,2987902,17863560,0.167262405
24.3130058,1.4,1.1,3906995,16069568,0.243130058
23.9951638,1.4,1.2,3959919,16502988,0.239951638
23.8280194,1.4,1.3,3996515,16772334,0.238280194
23.8612331,1.4,1.4,4071504,17063259,0.238612331
23.6862877,1.4,1.5,4060433,17142547,0.236862877
23.7955391,1.4,1.6,4129623,17354610,0.237955391
23.5281384,1.4,1.7,4100919,17429849,0.235281384
23.4052607,1.4,1.8,4121133,17607721,0.234052607
23.1061718,1.4,1.9,4108730,17781959,0.231061718
23.2614,1.4,2,4129932,17754443,0.232614
23.2404315,1.4,2.1,4163065,17913028,0.232404315
23.2085492,1.4,2.2,4170768,17970826,0.232085492
23.1092128,1.4,2.3,4172156,18054081,0.231092128
23.0294465,1.4,2.4,4155966,18046313,0.230294465
23.1121661,1.4,2.5,4221552,18265497,0.231121661
23.1706683,1.4,2.6,4191145,18088149,0.231706683
22.8523788,1.4,2.7,4160340,18205282,0.228523788
22.9629308,1.4,2.8,4166737,18145493,0.229629308
22.7262344,1.4,2.9,4133890,18189947,0.227262344
22.889151,1.4,3,4186504,18290342,0.22889151
30.7519026,1.5,1.1,5079392,16517326,0.307519026
30.2064186,1.5,1.2,5114507,16931855,0.302064186
30.0583572,1.5,1.3,5115520,17018628,0.300583572
30.1785106,1.5,1.4,5248113,17390232,0.301785106
29.8279036,1.5,1.5,5260186,17635118,0.298279036
30.206772,1.5,1.6,5309370,17576754,0.30206772
29.8082952,1.5,1.7,5265331,17663979,0.298082952
29.58074,1.5,1.8,5328597,18013738,0.2958074
29.0106149,1.5,1.9,5226640,18016302,0.290106149
29.7066841,1.5,2,5392417,18152201,0.297066841
29.4340782,1.5,2.1,5350804,18178942,0.294340782
29.2543225,1.5,2.2,5346343,18275395,0.292543225
29.0497264,1.5,2.3,5327305,18338572,0.290497264
29.3911145,1.5,2.4,5383770,18317679,0.293911145
29.2010767,1.5,2.5,5359544,18353926,0.292010767
28.6916266,1.5,2.6,5257501,18324165,0.286916266
28.9882826,1.5,2.7,5328509,18381596,0.289882826
28.6691416,1.5,2.8,5326996,18580940,0.286691416
29.1980285,1.5,2.9,5360104,18357760,0.291980285
28.8020165,1.5,3,5317589,18462558,0.288020165
5.285275,1.1,1.1,817206,15461939,0.05285275
5.1099646,1.1,1.2,815697,15962870,0.051099646
4.9446641,1.1,1.3,809308,16367300,0.049446641
4.8447628,1.1,1.4,808685,16691942,0.048447628
4.7964573,1.1,1.5,814779,16987100,0.047964573
4.6971741,1.1,1.6,810533,17255758,0.046971741
4.7004294,1.1,1.7,815104,17341054,0.047004294
4.6423094,1.1,1.8,817201,17603329,0.046423094
4.5660474,1.1,1.9,800747,17536984,0.045660474
4.5639933,1.1,2,808287,17710083,0.045639933
4.4900232,1.1,2.1,802246,17867302,0.044900232
4.4446426,1.1,2.2,808358,18187244,0.044446426
4.4287619,1.1,2.3,806165,18202943,0.044287619
4.4684346,1.1,2.4,824925,18461163,0.044684346
4.4352989,1.1,2.5,808974,18239447,0.044352989
4.4322729,1.1,2.6,814680,18380637,0.044322729
4.4033033,1.1,2.7,810444,18405364,0.044033033
4.3434863,1.1,2.8,804680,18526132,0.043434863
4.3550742,1.1,2.9,813477,18678832,0.043550742
4.3856267,1.1,3,811449,18502464,0.043856267
11.11677,1.2,1.1,1906856,17152968,0.1111677
10.9599187,1.2,1.2,1954544,17833563,0.109599187
10.6281361,1.2,1.3,1904745,17921722,0.106281361
10.6607789,1.2,1.4,1952482,18314628,0.106607789
10.5312055,1.2,1.5,1945166,18470497,0.105312055
10.348215,1.2,1.6,1934388,18692963,0.10348215
10.4346412,1.2,1.7,1959618,18779927,0.104346412
10.3669034,1.2,1.8,1966376,18967824,0.103669034
10.2834697,1.2,1.9,1960834,19067825,0.102834697
10.1853202,1.2,2,1961123,19254407,0.101853202
10.2221319,1.2,2.1,1975303,19323787,0.102221319
10.1908961,1.2,2.2,1984313,19471428,0.101908961
10.0936301,1.2,2.3,1976541,19582063,0.100936301
9.9616335,1.2,2.4,1950341,19578526,0.099616335
10.0140058,1.2,2.5,1982312,19795395,0.100140058
10.0516314,1.2,2.6,1992535,19823001,0.100516314
9.9802111,1.2,2.7,1974117,19780313,0.099802111
10.0105346,1.2,2.8,1981173,19790881,0.100105346
9.9153905,1.2,2.9,1972284,19891138,0.099153905
9.9498925,1.2,3,1963965,19738555,0.099498925
17.1449519,1.3,1.1,3119040,18192177,0.171449519
16.8971187,1.3,1.2,3147758,18628963,0.168971187
16.6870132,1.3,1.3,3130747,18761578,0.166870132
16.529055,1.3,1.4,3166360,19156328,0.16529055
16.3994718,1.3,1.5,3158882,19262096,0.163994718
16.5294476,1.3,1.6,3242631,19617298,0.165294476
16.2770565,1.3,1.7,3207261,19704183,0.162770565
16.1360931,1.3,1.8,3182896,19725320,0.161360931
16.1911068,1.3,1.9,3233382,19970111,0.161911068
15.9582469,1.3,2,3195739,20025627,0.159582469
16.1329794,1.3,2.1,3236543,20061657,0.161329794
15.9851158,1.3,2.2,3242598,20285108,0.159851158
16.0160378,1.3,2.3,3242312,20244158,0.160160378
15.9848005,1.3,2.4,3266474,20434875,0.159848005
15.7076613,1.3,2.5,3217795,20485513,0.157076613
16.0093051,1.3,2.6,3261301,20371284,0.160093051
16.0667077,1.3,2.7,3299560,20536628,0.160667077
15.6225721,1.3,2.8,3213330,20568508,0.156225721
15.7835416,1.3,2.9,3212011,20350382,0.157835416
15.6792922,1.3,3,3231070,20607244,0.156792922
23.0918674,1.4,1.1,4350920,18841785,0.230918674
22.912846,1.4,1.2,4396683,19188725,0.22912846
22.669849,1.4,1.3,4395990,19391351,0.22669849
22.3989616,1.4,1.4,4411624,19695663,0.223989616
22.3131995,1.4,1.5,4427236,19841332,0.223131995
22.3283349,1.4,1.6,4477058,20051016,0.223283349
22.0271695,1.4,1.7,4430266,20112734,0.220271695
22.3593452,1.4,1.8,4504748,20147048,0.223593452
22.0656132,1.4,1.9,4497218,20381115,0.220656132
21.9196899,1.4,2,4503977,20547631,0.219196899
21.7045017,1.4,2.1,4472931,20608310,0.217045017
21.9662279,1.4,2.2,4563260,20773981,0.219662279
21.8643007,1.4,2.3,4518920,20668029,0.218643007
21.6882758,1.4,2.4,4515897,20821835,0.216882758
21.5624492,1.4,2.5,4497564,20858317,0.215624492
21.7077652,1.4,2.6,4529381,20865257,0.217077652
21.4991365,1.4,2.7,4482057,20847614,0.214991365
21.658374,1.4,2.8,4516231,20852124,0.21658374
21.6464966,1.4,2.9,4537102,20959983,0.216464966
21.3333212,1.4,3,4494547,21068201,0.213333212
28.8297832,1.5,1.1,5534911,19198587,0.288297832
28.9441816,1.5,1.2,5676574,19612142,0.289441816
28.7371288,1.5,1.3,5701038,19838579,0.287371288
28.759625,1.5,1.4,5792684,20141723,0.28759625
28.2795406,1.5,1.5,5735116,20280089,0.282795406
28.4535693,1.5,1.6,5821703,20460361,0.284535693
28.4022676,1.5,1.7,5838369,20555996,0.284022676
28.0500006,1.5,1.8,5793692,20654873,0.280500006
27.7659474,1.5,1.9,5753169,20720233,0.277659474
27.6434657,1.5,2,5777439,20899836,0.276434657
27.8559965,1.5,2.1,5837911,20957466,0.278559965
27.7648468,1.5,2.2,5812825,20935916,0.277648468
27.6518103,1.5,2.3,5825549,21067514,0.276518103
27.6314633,1.5,2.4,5836993,21124444,0.276314633
27.6280207,1.5,2.5,5843120,21149253,0.276280207
27.5651094,1.5,2.6,5832206,21157928,0.275651094
27.6018195,1.5,2.7,5820309,21086686,0.276018195
27.2666439,1.5,2.8,5818271,21338420,0.272666439
27.4526744,1.5,2.9,5841385,21278018,0.274526744
27.5457422,1.5,3,5870821,21312989,0.275457422
5.5882528,1.1,1.1,739922,13240668,0.055882528
5.4391752,1.1,1.2,760115,13974821,0.054391752
5.3121928,1.1,1.3,757671,14262867,0.053121928
5.1563277,1.1,1.4,761593,14770066,0.051563277
5.1883543,1.1,1.5,773112,14900910,0.051883543
5.0070495,1.1,1.6,756576,15110216,0.050070495
4.9559769,1.1,1.7,759370,15322307,0.049559769
4.8154866,1.1,1.8,745627,15483939,0.048154866
4.8544042,1.1,1.9,750699,15464287,0.048544042
4.8544172,1.1,2,760358,15663219,0.048544172
4.804978,1.1,2.1,761130,15840447,0.04804978
4.7572497,1.1,2.2,759367,15962311,0.047572497
4.8509883,1.1,2.3,776405,16005089,0.048509883
4.7412215,1.1,2.4,761634,16064088,0.047412215
4.6656664,1.1,2.5,754582,16173081,0.046656664
4.7504941,1.1,2.6,762383,16048499,0.047504941
4.7359753,1.1,2.7,774482,16353168,0.047359753
4.7433109,1.1,2.8,772812,16292670,0.047433109
4.6216052,1.1,2.9,746686,16156421,0.046216052
4.6002184,1.1,3,753981,16390113,0.046002184
12.2196205,1.2,1.1,1837054,15033642,0.122196205
11.8028188,1.2,1.2,1822340,15439871,0.118028188
11.6810346,1.2,1.3,1838507,15739248,0.116810346
11.5756023,1.2,1.4,1865334,16114358,0.115756023
11.6169883,1.2,1.5,1885851,16233562,0.116169883
11.3245304,1.2,1.6,1872694,16536615,0.113245304
11.3825172,1.2,1.7,1901764,16707763,0.113825172
11.1287427,1.2,1.8,1868788,16792445,0.111287427
11.1067705,1.2,1.9,1890673,17022707,0.111067705
10.9899265,1.2,2,1875386,17064591,0.109899265
11.0113994,1.2,2.1,1888701,17152234,0.110113994
10.7983605,1.2,2.2,1876350,17376249,0.107983605
10.8515918,1.2,2.3,1876923,17296292,0.108515918
10.7002068,1.2,2.4,1859845,17381393,0.107002068
10.8468965,1.2,2.5,1881389,17344952,0.108468965
10.8071414,1.2,2.6,1871781,17319853,0.108071414
10.7526607,1.2,2.7,1876045,17447263,0.107526607
10.7511978,1.2,2.8,1887333,17554630,0.107511978
10.677738,1.2,2.9,1867540,17490034,0.10677738
10.719875,1.2,3,1891481,17644618,0.10719875
18.8248315,1.3,1.1,2993741,15903149,0.188248315
18.4510737,1.3,1.2,2997688,16246686,0.184510737
18.3721327,1.3,1.3,3044251,16569938,0.183721327
18.1888582,1.3,1.4,3075450,16908428,0.181888582
18.0635365,1.3,1.5,3067917,16984033,0.180635365
17.6541202,1.3,1.6,3057304,17317793,0.176541202
17.6718914,1.3,1.7,3089859,17484597,0.176718914
17.6851306,1.3,1.8,3111090,17591558,0.176851306
17.7410355,1.3,1.9,3137643,17685794,0.177410355
17.5729346,1.3,2,3117091,17738022,0.175729346
17.5553915,1.3,2.1,3141742,17896166,0.175553915
17.5076497,1.3,2.2,3146826,17974006,0.175076497
17.3011961,1.3,2.3,3129767,18089888,0.173011961
17.3633268,1.3,2.4,3130500,18029379,0.173633268
17.2338573,1.3,2.5,3141347,18227765,0.172338573
17.1399205,1.3,2.6,3112064,18156817,0.171399205
17.140227,1.3,2.7,3097926,18074008,0.17140227
17.2905884,1.3,2.8,3148081,18206905,0.172905884
17.2449975,1.3,2.9,3131695,18160020,0.172449975
16.9720481,1.3,3,3110787,18328884,0.169720481
25.3219067,1.4,1.1,4168352,16461446,0.253219067
25.4625802,1.4,1.2,4255821,16714021,0.254625802
24.6008101,1.4,1.3,4220560,17156183,0.246008101
24.5680947,1.4,1.4,4283849,17436635,0.245680947
24.4965431,1.4,1.5,4324728,17654442,0.244965431
24.4303507,1.4,1.6,4355697,17829040,0.244303507
24.1564829,1.4,1.7,4335077,17945812,0.241564829
24.2369708,1.4,1.8,4386541,18098553,0.242369708
24.0626499,1.4,1.9,4384563,18221447,0.240626499
23.9694806,1.4,2,4354903,18168533,0.239694806
23.8566422,1.4,2.1,4375625,18341328,0.238566422
23.6537393,1.4,2.2,4362466,18443029,0.236537393
23.8442026,1.4,2.3,4418666,18531406,0.238442026
23.9356198,1.4,2.4,4443104,18562728,0.239356198
23.534716,1.4,2.5,4337824,18431597,0.23534716
23.5897489,1.4,2.6,4393946,18626506,0.235897489
23.3400758,1.4,2.7,4363419,18694965,0.233400758
23.6483897,1.4,2.8,4406596,18633810,0.236483897
23.6849691,1.4,2.9,4464602,18849938,0.236849691
23.6264391,1.4,3,4397836,18614045,0.236264391
32.1153313,1.5,1.1,5438767,16935111,0.321153313
31.7442452,1.5,1.2,5465800,17218239,0.317442452
31.598517,1.5,1.3,5550301,17565068,0.31598517
31.3662475,1.5,1.4,5599181,17850975,0.313662475
31.1436143,1.5,1.5,5567742,17877636,0.311436143
31.0559273,1.5,1.6,5621398,18100886,0.310559273
30.9687149,1.5,1.7,5651216,18248145,0.309687149
30.1676049,1.5,1.8,5597422,18554413,0.301676049
30.6226838,1.5,1.9,5686904,18570887,0.306226838
30.5822387,1.5,2,5669151,18537397,0.305822387
30.5191316,1.5,2.1,5685948,18630766,0.305191316
30.0722634,1.5,2.2,5688780,18917033,0.300722634
30.0710225,1.5,2.3,5662185,18829373,0.300710225
30.1571236,1.5,2.4,5702466,18909184,0.301571236
30.1686249,1.5,2.5,5712157,18934098,0.301686249
30.1183153,1.5,2.6,5681113,18862652,0.301183153
30.2079637,1.5,2.7,5706816,18891760,0.302079637
30.1327648,1.5,2.8,5699532,18914733,0.301327648
30.0656837,1.5,2.9,5720901,19028009,0.300656837
30.0150146,1.5,3,5675525,18908953,0.300150146
5.5895799,1.1,1.1,743576,13302896,0.055895799
5.4377087,1.1,1.2,740910,13625408,0.054377087
5.2960175,1.1,1.3,740497,13982148,0.052960175
5.2179927,1.1,1.4,750601,14384861,0.052179927
5.1634755,1.1,1.5,738508,14302537,0.051634755
5.2286512,1.1,1.6,769686,14720546,0.052286512
5.1297122,1.1,1.7,753123,14681584,0.051297122
5.0128249,1.1,1.8,747789,14917517,0.050128249
5.0256661,1.1,1.9,749090,14905288,0.050256661
5.0103362,1.1,2,751659,15002167,0.050103362
4.9396019,1.1,2.1,741078,15002788,0.049396019
4.9937158,1.1,2.2,758567,15190432,0.049937158
4.9231204,1.1,2.3,752803,15291176,0.049231204
4.9092175,1.1,2.4,758304,15446535,0.049092175
4.8261152,1.1,2.5,748148,15502075,0.048261152
4.8868206,1.1,2.6,760974,15571965,0.048868206
4.8727699,1.1,2.7,757056,15536461,0.048727699
4.768357,1.1,2.8,744021,15603299,0.04768357
4.7238125,1.1,2.9,738396,15631357,0.047238125
4.7762193,1.1,3,747528,15651040,0.047762193
11.9776134,1.2,1.1,1763625,14724344,0.119776134
11.9094506,1.2,1.2,1798328,15100008,0.119094506
11.8548856,1.2,1.3,1804384,15220594,0.118548856
11.6633097,1.2,1.4,1823924,15638134,0.116633097
11.6834854,1.2,1.5,1822845,15601894,0.116834854
11.5799675,1.2,1.6,1828513,15790312,0.115799675
11.4520494,1.2,1.7,1820164,15893784,0.114520494
11.3768545,1.2,1.8,1820889,16005206,0.113768545
11.3375145,1.2,1.9,1823445,16083287,0.113375145
11.2524747,1.2,2,1807502,16063151,0.112524747
11.1352536,1.2,2.1,1808488,16241103,0.111352536
11.2390908,1.2,2.2,1833404,16312743,0.112390908
11.133949,1.2,2.3,1829236,16429355,0.11133949
11.1308207,1.2,2.4,1831955,16458400,0.111308207
11.0685107,1.2,2.5,1818433,16428886,0.110685107
11.2196966,1.2,2.6,1854310,16527274,0.112196966
11.0137253,1.2,2.7,1818359,16509936,0.110137253
11.174246,1.2,2.8,1856115,16610651,0.11174246
11.0367957,1.2,2.9,1837714,16650793,0.110367957
10.9802891,1.2,3,1835551,16716782,0.109802891
18.6692456,1.3,1.1,2844739,15237568,0.186692456
18.5543438,1.3,1.2,2921120,15743591,0.185543438
18.3739934,1.3,1.3,2917984,15881055,0.183739934
18.1082677,1.3,1.4,2935599,16211374,0.181082677
18.1004846,1.3,1.5,2948130,16287575,0.181004846
18.0466813,1.3,1.6,2952214,16358764,0.180466813
18.0549332,1.3,1.7,2992631,16575143,0.180549332
18.0195137,1.3,1.8,2981985,16548643,0.180195137
17.9174076,1.3,1.9,2979657,16629956,0.179174076
17.9036544,1.3,2,3013047,16829229,0.179036544
17.7051838,1.3,2.1,2996923,16926811,0.177051838
17.8402994,1.3,2.2,3035021,17012164,0.178402994
17.6030501,1.3,2.3,3002488,17056635,0.176030501
17.6288317,1.3,2.4,2996882,16999890,0.176288317
17.8143602,1.3,2.5,3045954,17098307,0.178143602
17.4688505,1.3,2.6,2985509,17090472,0.174688505
17.4117007,1.3,2.7,2979594,17112596,0.174117007
17.6466601,1.3,2.8,3011993,17068346,0.176466601
17.4288847,1.3,2.9,2985790,17131274,0.174288847
17.5996957,1.3,3,3023567,17179655,0.175996957
25.1811375,1.4,1.1,3975460,15787452,0.251811375
25.0392201,1.4,1.2,4028646,16089343,0.250392201
24.884343,1.4,1.3,4059356,16312892,0.24884343
24.6688141,1.4,1.4,4084364,16556791,0.246688141
24.7119065,1.4,1.5,4098936,16586887,0.247119065
24.5552873,1.4,1.6,4131542,16825468,0.245552873
24.6718475,1.4,1.7,4163939,16877289,0.246718475
24.237941,1.4,1.8,4144820,17100545,0.24237941
24.4195785,1.4,1.9,4190901,17162053,0.244195785
24.3656213,1.4,2,4210729,17281435,0.243656213
24.3847739,1.4,2.1,4186972,17170436,0.243847739
24.1796135,1.4,2.2,4203156,17383057,0.241796135
24.1436574,1.4,2.3,4165229,17251856,0.241436574
23.9103418,1.4,2.4,4152011,17364917,0.239103418
24.1012992,1.4,2.5,4174111,17319029,0.241012992
24.2899776,1.4,2.6,4238074,17447830,0.242899776
24.0102558,1.4,2.7,4157389,17315055,0.240102558
24.0027759,1.4,2.8,4190606,17458839,0.240027759
24.0497059,1.4,2.9,4198785,17458779,0.240497059
24.0135897,1.4,3,4208323,17524756,0.240135897
31.8541982,1.5,1.1,5130168,16105155,0.318541982
31.8447776,1.5,1.2,5207437,16352562,0.318447776
31.5143196,1.5,1.3,5232042,16602110,0.315143196
31.6864533,1.5,1.4,5341772,16858220,0.316864533
31.1593438,1.5,1.5,5256361,16869293,0.311593438
30.8653484,1.5,1.6,5293994,17151901,0.308653484
31.0804482,1.5,1.7,5343392,17192133,0.310804482
31.0104849,1.5,1.8,5320770,17157971,0.310104849
30.8187994,1.5,1.9,5369438,17422606,0.308187994
30.8675516,1.5,2,5402742,17502982,0.308675516
30.7730258,1.5,2.1,5359941,17417660,0.307730258
30.8356381,1.5,2.2,5388858,17476071,0.308356381
31.0160052,1.5,2.3,5454283,17585382,0.310160052
30.7454709,1.5,2.4,5368831,17462185,0.307454709
30.6717228,1.5,2.5,5401921,17612056,0.306717228
30.4978463,1.5,2.6,5432553,17812907,0.304978463
30.7719118,1.5,2.7,5429710,17645020,0.307719118
30.5557752,1.5,2.8,5372427,17582362,0.305557752
30.7162875,1.5,2.9,5436989,17700671,0.307162875
30.5216134,1.5,3,5409185,17722474,0.305216134
5.4936,1.1,1.1,703611,12807831,0.054936
5.3376539,1.1,1.2,696119,13041666,0.053376539
5.1705037,1.1,1.3,684898,13246253,0.051705037
5.1449652,1.1,1.4,697949,13565670,0.051449652
5.0486089,1.1,1.5,686246,13592774,0.050486089
4.9289055,1.1,1.6,684110,13879552,0.049289055
4.9324482,1.1,1.7,684325,13873942,0.049324482
4.8744027,1.1,1.8,686733,14088557,0.048744027
4.8229449,1.1,1.9,684953,14201966,0.048229449
4.8209701,1.1,2,689343,14298844,0.048209701
4.8608463,1.1,2.1,696015,14318803,0.048608463
4.7959642,1.1,2.2,699506,14585305,0.047959642
4.8433733,1.1,2.3,703875,14532743,0.048433733
4.818486,1.1,2.4,706921,14671019,0.04818486
4.7184307,1.1,2.5,690264,14629101,0.047184307
4.6966824,1.1,2.6,688353,14656154,0.046966824
4.7078333,1.1,2.7,690614,14669466,0.047078333
4.6957932,1.1,2.8,690537,14705439,0.046957932
4.7512697,1.1,2.9,702044,14775924,0.047512697
4.6271423,1.1,3,684749,14798529,0.046271423
11.8110048,1.2,1.1,1649783,13968185,0.118110048
11.618809,1.2,1.2,1656340,14255678,0.11618809
11.4164792,1.2,1.3,1632001,14295134,0.114164792
11.2093827,1.2,1.4,1649093,14711720,0.112093827
11.1186589,1.2,1.5,1650044,14840315,0.111186589
11.280933,1.2,1.6,1694210,15018350,0.11280933
11.0383186,1.2,1.7,1671031,15138456,0.110383186
10.8190553,1.2,1.8,1646335,15216994,0.108190553
11.0462633,1.2,1.9,1689824,15297698,0.110462633
10.8331842,1.2,2,1663972,15359953,0.108331842
10.9510127,1.2,2.1,1696569,15492348,0.109510127
10.7783535,1.2,2.2,1679013,15577639,0.107783535
10.9503399,1.2,2.3,1715929,15670098,0.109503399
10.7750684,1.2,2.4,1669870,15497535,0.107750684
10.8128564,1.2,2.5,1684636,15579935,0.108128564
10.8512397,1.2,2.6,1698642,15653898,0.108512397
10.8088519,1.2,2.7,1698169,15710910,0.108088519
10.7177419,1.2,2.8,1704768,15906037,0.107177419
10.6816087,1.2,2.9,1681655,15743462,0.106816087
10.699213,1.2,3,1699382,15883243,0.10699213
17.8058917,1.3,1.1,2595294,14575479,0.178058917
17.6758613,1.3,1.2,2634325,14903517,0.176758613
17.4910096,1.3,1.3,2650932,15155969,0.174910096
17.6395999,1.3,1.4,2712551,15377622,0.176395999
17.4957119,1.3,1.5,2702606,15447248,0.174957119
17.598187,1.3,1.6,2766243,15718909,0.17598187
17.2463316,1.3,1.7,2708639,15705595,0.172463316
17.351974,1.3,1.8,2736804,15772292,0.17351974
17.3120737,1.3,1.9,2762038,15954403,0.173120737
17.3626258,1.3,2,2776412,15990738,0.173626258
17.2086088,1.3,2.1,2760096,16039042,0.172086088
17.2766182,1.3,2.2,2792907,16165820,0.172766182
17.1595876,1.3,2.3,2768759,16135347,0.171595876
16.9275683,1.3,2.4,2760796,16309466,0.169275683
16.9109694,1.3,2.5,2759002,16314866,0.169109694
17.0714555,1.3,2.6,2766646,16206269,0.170714555
17.0155974,1.3,2.7,2769249,16274768,0.170155974
16.8367821,1.3,2.8,2750946,16338906,0.168367821
17.0753603,1.3,2.9,2786352,16317969,0.170753603
17.0428235,1.3,3,2790724,16374775,0.170428235
24.1579257,1.4,1.1,3622982,14997074,0.241579257
24.0130385,1.4,1.2,3671839,15291022,0.240130385
23.7882975,1.4,1.3,3676803,15456352,0.237882975
23.810236,1.4,1.4,3733115,15678614,0.23810236
23.7321669,1.4,1.5,3769681,15884268,0.237321669
23.5211061,1.4,1.6,3768641,16022380,0.235211061
23.6996229,1.4,1.7,3817590,16108231,0.236996229
23.6064369,1.4,1.8,3826907,16211286,0.236064369
23.5230817,1.4,1.9,3853786,16382998,0.235230817
23.3510692,1.4,2,3830338,16403266,0.233510692
23.435473,1.4,2.1,3855578,16451889,0.23435473
23.5278828,1.4,2.2,3853375,16377908,0.235278828
23.4873339,1.4,2.3,3890275,16563289,0.234873339
23.5890943,1.4,2.4,3887027,16478068,0.235890943
23.2252991,1.4,2.5,3855683,16601220,0.232252991
23.1912652,1.4,2.6,3847125,16588681,0.231912652
23.2800908,1.4,2.7,3888982,16705184,0.232800908
23.0570208,1.4,2.8,3856070,16724060,0.230570208
23.4195907,1.4,2.9,3913493,16710339,0.234195907
23.015282,1.4,3,3843069,16697901,0.23015282
30.4697038,1.5,1.1,4682365,15367281,0.304697038
30.1265393,1.5,1.2,4724922,15683587,0.301265393
30.3956728,1.5,1.3,4802409,15799647,0.303956728
30.1778552,1.5,1.4,4808853,15935039,0.301778552
30.1667103,1.5,1.5,4845231,16061516,0.301667103
29.998501,1.5,1.6,4912883,16377095,0.29998501
29.8419609,1.5,1.7,4900782,16422453,0.298419609
29.8245371,1.5,1.8,4907862,16455786,0.298245371
29.5084597,1.5,1.9,4935181,16724631,0.295084597
29.8459991,1.5,2,4953225,16595943,0.298459991
29.5217159,1.5,2.1,4911181,16635825,0.295217159
29.4655,1.5,2.2,4932789,16740897,0.294655
29.3336992,1.5,2.3,4935245,16824489,0.293336992
29.6045596,1.5,2.4,4979129,16818791,0.296045596
29.6234883,1.5,2.5,4997811,16871109,0.296234883
29.1970025,1.5,2.6,4943148,16930327,0.291970025
29.5239508,1.5,2.7,5014292,16983811,0.295239508
29.6503791,1.5,2.8,5018179,16924502,0.296503791
29.6497039,1.5,2.9,4991439,16834701,0.296497039
29.4502836,1.5,3,4971892,16882323,0.294502836
5.6391632,1.1,1.1,767142,13603827,0.056391632
5.5083274,1.1,1.2,769320,13966490,0.055083274
5.3257148,1.1,1.3,766398,14390519,0.053257148
5.1944421,1.1,1.4,762878,14686428,0.051944421
5.1568269,1.1,1.5,762953,14795009,0.051568269
5.161893,1.1,1.6,771148,14939248,0.05161893
5.0755128,1.1,1.7,772019,15210660,0.050755128
4.9825538,1.1,1.8,762898,15311385,0.049825538
4.9894446,1.1,1.9,758241,15196902,0.049894446
4.9146248,1.1,2,750187,15264380,0.049146248
4.9395464,1.1,2.1,770384,15596250,0.049395464
4.9608888,1.1,2.2,774729,15616738,0.049608888
4.8976809,1.1,2.3,762790,15574514,0.048976809
4.8697464,1.1,2.4,763157,15671391,0.048697464
4.9013433,1.1,2.5,776615,15844942,0.049013433
4.8974158,1.1,2.6,776575,15856832,0.048974158
4.8682484,1.1,2.7,769841,15813511,0.048682484
4.7372424,1.1,2.8,747226,15773438,0.047372424
4.7826771,1.1,2.9,767146,16040096,0.047826771
4.8169885,1.1,3,772211,16030991,0.048169885
11.8764044,1.2,1.1,1769182,14896613,0.118764044
11.8022617,1.2,1.2,1807692,15316488,0.118022617
11.6881842,1.2,1.3,1799606,15396797,0.116881842
11.3466718,1.2,1.4,1769138,15591691,0.113466718
11.3314045,1.2,1.5,1792984,15823140,0.113314045
11.3379709,1.2,1.6,1818023,16034818,0.113379709
11.3310048,1.2,1.7,1829124,16142646,0.113310048
11.1969301,1.2,1.8,1810161,16166583,0.111969301
11.0330645,1.2,1.9,1808388,16390623,0.110330645
11.1434608,1.2,2,1839271,16505384,0.111434608
11.2159665,1.2,2.1,1855777,16545850,0.112159665
10.9814189,1.2,2.2,1820571,16578650,0.109814189
11.0477413,1.2,2.3,1844607,16696689,0.110477413
10.923857,1.2,2.4,1824479,16701784,0.10923857
10.799362,1.2,2.5,1809321,16753962,0.10799362
11.0482797,1.2,2.6,1856362,16802272,0.110482797
10.8589065,1.2,2.7,1843067,16972860,0.108589065
10.7780109,1.2,2.8,1812577,16817361,0.107780109
10.7607333,1.2,2.9,1826987,16978276,0.107607333
10.8248343,1.2,3,1833733,16940056,0.108248343
18.3576507,1.3,1.1,2863276,15597181,0.183576507
18.3952144,1.3,1.2,2912277,15831710,0.183952144
18.0632316,1.3,1.3,2910757,16114265,0.180632316
17.8872944,1.3,1.4,2933290,16398735,0.178872944
18.0036668,1.3,1.5,2960768,16445361,0.180036668
17.9429548,1.3,1.6,2965367,16526637,0.179429548
17.8351395,1.3,1.7,2981748,16718389,0.178351395
17.7310222,1.3,1.8,2977156,16790662,0.177310222
17.5138713,1.3,1.9,2976980,16997841,0.175138713
17.5981917,1.3,2,2996691,17028403,0.175981917
17.6168805,1.3,2.1,3007010,17068913,0.176168805
17.5204019,1.3,2.2,3031289,17301481,0.175204019
17.403045,1.3,2.3,3006340,17274793,0.17403045
17.4474529,1.3,2.4,3011586,17260892,0.174474529
17.5693179,1.3,2.5,3052958,17376645,0.175693179
17.4168514,1.3,2.6,3027085,17380208,0.174168514
17.4691873,1.3,2.7,3033440,17364517,0.174691873
17.2828976,1.3,2.8,3009070,17410680,0.172828976
17.2677476,1.3,2.9,3000760,17377831,0.172677476
17.3397637,1.3,3,3020183,17417671,0.173397637
24.9106895,1.4,1.1,3983012,15989168,0.249106895
24.7303058,1.4,1.2,4007368,16204280,0.247303058
24.7380358,1.4,1.3,4068145,16444899,0.247380358
24.6747587,1.4,1.4,4125006,16717513,0.246747587
24.3560626,1.4,1.5,4112622,16885414,0.243560626
24.57009,1.4,1.6,4172546,16982217,0.2457009
24.2219683,1.4,1.7,4142924,17103994,0.242219683
24.2537278,1.4,1.8,4195047,17296504,0.242537278
24.1536836,1.4,1.9,4195940,17371843,0.241536836
23.9936121,1.4,2,4152895,17308336,0.239936121
23.9685916,1.4,2.1,4169145,17394201,0.239685916
23.9125255,1.4,2.2,4204734,17583814,0.239125255
23.9429227,1.4,2.3,4196364,17526532,0.239429227
23.9101936,1.4,2.4,4239471,17730810,0.239101936
23.8071433,1.4,2.5,4217524,17715372,0.238071433
23.5832382,1.4,2.6,4206529,17836944,0.235832382
23.42926,1.4,2.7,4148870,17708071,0.2342926
23.7625397,1.4,2.8,4197209,17663133,0.237625397
23.5938222,1.4,2.9,4212454,17854055,0.235938222
23.5897811,1.4,3,4203883,17820780,0.235897811
31.3398997,1.5,1.1,5123952,16349612,0.313398997
31.4763506,1.5,1.2,5207455,16544024,0.314763506
31.2650891,1.5,1.3,5233170,16738062,0.312650891
31.0007687,1.5,1.4,5260584,16969205,0.310007687
30.9123145,1.5,1.5,5272277,17055588,0.309123145
30.7283746,1.5,1.6,5320544,17314759,0.307283746
30.9724318,1.5,1.7,5388492,17397704,0.309724318
30.5036539,1.5,1.8,5327224,17464216,0.305036539
30.7156493,1.5,1.9,5391298,17552284,0.307156493
30.6442547,1.5,2,5404399,17635929,0.306442547
30.3451181,1.5,2.1,5331061,17568101,0.303451181
30.4253128,1.5,2.2,5444987,17896240,0.304253128
30.0253559,1.5,2.3,5397388,17976100,0.300253559
30.1060582,1.5,2.4,5407854,17962677,0.301060582
30.1828518,1.5,2.5,5415330,17941744,0.301828518
30.4013483,1.5,2.6,5449359,17924728,0.304013483
30.493876,1.5,2.7,5490813,18006281,0.30493876
30.3185748,1.5,2.8,5430081,17910080,0.303185748
29.9488621,1.5,2.9,5389723,17996420,0.299488621
29.7583909,1.5,3,5351763,17984047,0.297583909
5.6020094,1.1,1.1,868076,15495797,0.056020094
5.4795041,1.1,1.2,870259,15882076,0.054795041
5.4222839,1.1,1.3,882711,16279321,0.054222839
5.2301025,1.1,1.4,858573,16415988,0.052301025
5.2008656,1.1,1.5,860738,16549899,0.052008656
5.0508658,1.1,1.6,849360,16816127,0.050508658
5.1121265,1.1,1.7,867087,16961376,0.051121265
5.0400733,1.1,1.8,869218,17246138,0.050400733
5.1353028,1.1,1.9,882396,17182940,0.051353028
4.9808359,1.1,2,861805,17302417,0.049808359
4.9621323,1.1,2.1,862699,17385651,0.049621323
4.9426238,1.1,2.2,868931,17580359,0.049426238
4.9236039,1.1,2.3,868764,17644880,0.049236039
4.8678194,1.1,2.4,866717,17805036,0.048678194
4.9283585,1.1,2.5,870923,17671665,0.049283585
4.769093,1.1,2.6,852413,17873692,0.04769093
4.8475975,1.1,2.7,869002,17926447,0.048475975
4.8024122,1.1,2.8,861560,17940151,0.048024122
4.8979209,1.1,2.9,872325,17810108,0.048979209
4.8552708,1.1,3,869321,17904686,0.048552708
11.9866881,1.2,1.1,2030614,16940576,0.119866881
11.6841719,1.2,1.2,2016202,17255840,0.116841719
11.6618194,1.2,1.3,2039417,17487983,0.116618194
11.5705416,1.2,1.4,2071657,17904581,0.115705416
11.3662953,1.2,1.5,2030178,17861387,0.113662953
11.2095613,1.2,1.6,2031773,18125357,0.112095613
11.3590809,1.2,1.7,2059054,18126942,0.113590809
11.1706023,1.2,1.8,2053026,18378830,0.111706023
11.167041,1.2,1.9,2061328,18459035,0.11167041
11.0327267,1.2,2,2051109,18591134,0.110327267
11.0592011,1.2,2.1,2070565,18722555,0.110592011
11.2276423,1.2,2.2,2121505,18895374,0.112276423
10.9860207,1.2,2.3,2081552,18947279,0.109860207
10.9316963,1.2,2.4,2059222,18837168,0.109316963
10.9601156,1.2,2.5,2080137,18979152,0.109601156
10.8538,1.2,2.6,2063384,19010706,0.108538
10.7582747,1.2,2.7,2054306,19095125,0.107582747
10.9706126,1.2,2.8,2081845,18976561,0.109706126
10.7357271,1.2,2.9,2053711,19129687,0.107357271
10.7566556,1.2,3,2062391,19173162,0.107566556
18.2374537,1.3,1.1,3247537,17806965,0.182374537
18.0624342,1.3,1.2,3218623,17819431,0.180624342
18.0423083,1.3,1.3,3289135,18230123,0.180423083
17.8904336,1.3,1.4,3300534,18448597,0.178904336
17.8755332,1.3,1.5,3327624,18615523,0.178755332
17.7164071,1.3,1.6,3345097,18881351,0.177164071
17.6947582,1.3,1.7,3351484,18940547,0.176947582
17.6151461,1.3,1.8,3333368,18923306,0.176151461
17.6490056,1.3,1.9,3363458,19057493,0.176490056
17.5038453,1.3,2,3356167,19173884,0.175038453
17.2854034,1.3,2.1,3316317,19185650,0.172854034
17.2436348,1.3,2.2,3360433,19487962,0.172436348
17.2354399,1.3,2.3,3344352,19403926,0.172354399
17.1453485,1.3,2.4,3336115,19457843,0.171453485
17.2134348,1.3,2.5,3358531,19511103,0.172134348
17.2562521,1.3,2.6,3377745,19574036,0.172562521
17.2048692,1.3,2.7,3373006,19604950,0.172048692
17.2063592,1.3,2.8,3382248,19656965,0.172063592
16.9905971,1.3,2.9,3327402,19583785,0.169905971
17.0412751,1.3,3,3338812,19592501,0.170412751
24.6299181,1.4,1.1,4459658,18106670,0.246299181
24.6391891,1.4,1.2,4545138,18446784,0.246391891
24.3921586,1.4,1.3,4560076,18694844,0.243921586
24.2589683,1.4,1.4,4579765,18878647,0.242589683
24.1512507,1.4,1.5,4592227,19014448,0.241512507
23.8741363,1.4,1.6,4583896,19200259,0.238741363
23.951566,1.4,1.7,4626387,19315593,0.23951566
23.809119,1.4,1.8,4610319,19363669,0.23809119
23.8411913,1.4,1.9,4664505,19564899,0.238411913
23.6525129,1.4,2,4618972,19528462,0.236525129
23.5597898,1.4,2.1,4648625,19731182,0.235597898
23.7121875,1.4,2.2,4705741,19845242,0.237121875
23.5042996,1.4,2.3,4683215,19924929,0.235042996
23.5677653,1.4,2.4,4707301,19973472,0.235677653
23.6708317,1.4,2.5,4715028,19919148,0.236708317
23.5130824,1.4,2.6,4703043,20001814,0.235130824
23.3259998,1.4,2.7,4665694,20002118,0.233259998
23.3261218,1.4,2.8,4659617,19975961,0.233261218
23.4242588,1.4,2.9,4689687,20020642,0.234242588
23.1879695,1.4,3,4666577,20124992,0.231879695
31.1241509,1.5,1.1,5774441,18552927,0.311241509
31.0101125,1.5,1.2,5824862,18783750,0.310101125
30.7842071,1.5,1.3,5851596,19008435,0.307842071
30.5409662,1.5,1.4,5865745,19206154,0.305409662
30.8219787,1.5,1.5,5976038,19388885,0.308219787
30.3933802,1.5,1.6,5931721,19516490,0.303933802
30.2174054,1.5,1.7,5955530,19708939,0.302174054
30.0520841,1.5,1.8,5948612,19794341,0.300520841
30.2373301,1.5,1.9,5988639,19805449,0.302373301
29.9100857,1.5,2,5959642,19925192,0.299100857
30.0133126,1.5,2.1,6013895,20037425,0.300133126
29.9383371,1.5,2.2,6030599,20143400,0.299383371
29.8265762,1.5,2.3,5974007,20029141,0.298265762
29.8884959,1.5,2.4,6007767,20100600,0.298884959
29.7663046,1.5,2.5,6004606,20172494,0.297663046
29.6877465,1.5,2.6,5975590,20128136,0.296877465
29.6250591,1.5,2.7,5960830,20120905,0.296250591
29.7778862,1.5,2.8,6050100,20317426,0.297778862
29.5064592,1.5,2.9,5969288,20230445,0.295064592
29.7996796,1.5,3,6013418,20179472,0.297996796
5.505855,1.1,1.1,985583,17900635,0.05505855
5.3956525,1.1,1.2,996021,18459695,0.053956525
5.2677743,1.1,1.3,988854,18771761,0.052677743
5.1522652,1.1,1.4,986514,19147190,0.051522652
5.0213618,1.1,1.5,972300,19363273,0.050213618
4.9517153,1.1,1.6,975463,19699497,0.049517153
4.8702501,1.1,1.7,966878,19852738,0.048702501
4.8563832,1.1,1.8,972778,20030915,0.048563832
4.7743975,1.1,1.9,961989,20148909,0.047743975
4.7909701,1.1,2,972554,20299730,0.047909701
4.8083115,1.1,2.1,975920,20296522,0.048083115
4.7917412,1.1,2.2,987088,20599777,0.047917412
4.7552606,1.1,2.3,988459,20786642,0.047552606
4.7126282,1.1,2.4,981501,20827041,0.047126282
4.6929041,1.1,2.5,981426,20912978,0.046929041
4.6779229,1.1,2.6,980658,20963535,0.046779229
4.6068355,1.1,2.7,967353,20998210,0.046068355
4.726851,1.1,2.8,994629,21042106,0.04726851
4.6492297,1.1,2.9,976670,21007136,0.046492297
4.6265905,1.1,3,984377,21276510,0.046265905
11.5190914,1.2,1.1,2254118,19568540,0.115190914
11.4626282,1.2,1.2,2301972,20082410,0.114626282
11.2210341,1.2,1.3,2281304,20330604,0.112210341
11.0762146,1.2,1.4,2280215,20586591,0.110762146
11.0253415,1.2,1.5,2307657,20930481,0.110253415
10.8640732,1.2,1.6,2282351,21008244,0.108640732
10.8740134,1.2,1.7,2303031,21179218,0.108740134
10.769346,1.2,1.8,2314116,21487990,0.10769346
10.7315544,1.2,1.9,2312643,21549935,0.107315544
10.7584311,1.2,2,2321852,21581697,0.107584311
10.7005297,1.2,2.1,2324362,21721934,0.107005297
10.6329593,1.2,2.2,2325586,21871484,0.106329593
10.5681763,1.2,2.3,2332705,22072919,0.105681763
10.5410419,1.2,2.4,2306034,21876718,0.105410419
10.6551658,1.2,2.5,2347336,22030028,0.106551658
10.5451636,1.2,2.6,2340521,22195208,0.105451636
10.5654196,1.2,2.7,2344175,22187240,0.105654196
10.5377836,1.2,2.8,2345269,22255809,0.105377836
10.4587357,1.2,2.9,2345112,22422519,0.104587357
10.5641841,1.2,3,2342995,22178665,0.105641841
17.626518,1.3,1.1,3612395,20494093,0.17626518
17.5574518,1.3,1.2,3669673,20900943,0.175574518
17.3227918,1.3,1.3,3675287,21216482,0.173227918
17.3343077,1.3,1.4,3698840,21338262,0.173343077
16.9763672,1.3,1.5,3666083,21595215,0.169763672
17.0321565,1.3,1.6,3721797,21851590,0.170321565
16.9907692,1.3,1.7,3729980,21952979,0.169907692
16.9836047,1.3,1.8,3755021,22109682,0.169836047
16.8795752,1.3,1.9,3743762,22179243,0.168795752
16.9236051,1.3,2,3780873,22340825,0.169236051
16.7805937,1.3,2.1,3754975,22376890,0.167805937
16.7440026,1.3,2.2,3780085,22575755,0.167440026
16.8370768,1.3,2.3,3804585,22596470,0.168370768
16.5329698,1.3,2.4,3766750,22783263,0.165329698
16.6930211,1.3,2.5,3787442,22688775,0.166930211
16.7584722,1.3,2.6,3802770,22691627,0.167584722
16.4280487,1.3,2.7,3736434,22744235,0.164280487
16.5209314,1.3,2.8,3749525,22695603,0.165209314
16.4995961,1.3,2.9,3758032,22776509,0.164995961
16.5797201,1.3,3,3793559,22880718,0.165797201
23.687411,1.4,1.1,5018341,21185688,0.23687411
23.7429401,1.4,1.2,5095607,21461567,0.237429401
23.5044737,1.4,1.3,5116298,21767337,0.235044737
23.0961377,1.4,1.4,5080808,21998518,0.230961377
23.1295458,1.4,1.5,5153752,22282115,0.231295458
23.1384563,1.4,1.6,5189505,22428052,0.231384563
22.9728131,1.4,1.7,5176135,22531568,0.229728131
22.840953,1.4,1.8,5169359,22631976,0.22840953
22.8536971,1.4,1.9,5201099,22758239,0.228536971
22.7025131,1.4,2,5202250,22914864,0.227025131
22.8719697,1.4,2.1,5267991,23032520,0.228719697
22.7939777,1.4,2.2,5271098,23124959,0.227939777
22.598291,1.4,2.3,5214957,23076776,0.22598291
22.4710711,1.4,2.4,5228656,23268388,0.224710711
22.554142,1.4,2.5,5219300,23141204,0.22554142
22.828871,1.4,2.6,5284609,23148797,0.22828871
22.5318094,1.4,2.7,5253653,23316605,0.225318094
22.7162832,1.4,2.8,5283586,23259025,0.227162832
22.6378498,1.4,2.9,5270491,23281765,0.226378498
22.7712186,1.4,3,5324030,23380523,0.227712186
29.95141,1.5,1.1,6437547,21493302,0.2995141
29.5897075,1.5,1.2,6494797,21949514,0.295897075
29.733833,1.5,1.3,6563837,22075314,0.29733833
29.5313701,1.5,1.4,6605972,22369338,0.295313701
29.0288526,1.5,1.5,6547685,22555783,0.290288526
29.4039163,1.5,1.6,6708213,22814012,0.294039163
29.1959983,1.5,1.7,6706644,22971107,0.291959983
28.8338837,1.5,1.8,6671268,23136904,0.288338837
29.0468996,1.5,1.9,6687705,23023817,0.290468996
28.9784846,1.5,2,6702181,23128128,0.289784846
28.9807331,1.5,2.1,6699279,23116320,0.289807331
28.786073,1.5,2.2,6725469,23363621,0.28786073
28.8513623,1.5,2.3,6759442,23428502,0.288513623
28.7460107,1.5,2.4,6730952,23415256,0.287460107
28.7518248,1.5,2.5,6728360,23401506,0.287518248
28.7397678,1.5,2.6,6767260,23546676,0.287397678
28.7938144,1.5,2.7,6765018,23494692,0.287938144
28.7916262,1.5,2.8,6793899,23596788,0.287916262
28.7553998,1.5,2.9,6778626,23573402,0.287553998
28.8311223,1.5,3,6764780,23463464,0.288311223
5.2574346,1.1,1.1,755231,14365010,0.052574346
5.0074061,1.1,1.2,747150,14920899,0.050074061
4.8782101,1.1,1.3,746564,15304056,0.048782101
4.6468814,1.1,1.4,727317,15651723,0.046468814
4.5749401,1.1,1.5,730416,15965586,0.045749401
4.5491148,1.1,1.6,735087,16158902,0.045491148
4.4825473,1.1,1.7,729129,16265952,0.044825473
4.4492856,1.1,1.8,737873,16584078,0.044492856
4.3912652,1.1,1.9,734296,16721741,0.043912652
4.3731647,1.1,2,730066,16694226,0.043731647
4.2825257,1.1,2.1,725168,16933185,0.042825257
4.259178,1.1,2.2,727091,17071158,0.04259178
4.2436411,1.1,2.3,726106,17110448,0.042436411
4.153242,1.1,2.4,716937,17262105,0.04153242
4.1909771,1.1,2.5,723358,17259889,0.041909771
4.1877712,1.1,2.6,726849,17356464,0.041877712
4.1522518,1.1,2.7,721836,17384206,0.041522518
4.184198,1.1,2.8,727048,17376042,0.04184198
4.1449132,1.1,2.9,726746,17533443,0.041449132
4.0981697,1.1,3,716105,17473776,0.040981697
10.9713704,1.2,1.1,1784952,16269180,0.109713704
10.6862243,1.2,1.2,1788744,16738784,0.106862243
10.477132,1.2,1.3,1777460,16965139,0.10477132
10.3064038,1.2,1.4,1791338,17380825,0.103064038
10.2417686,1.2,1.5,1786146,17439820,0.102417686
10.0924944,1.2,1.6,1788455,17720644,0.100924944
10.0824567,1.2,1.7,1798714,17840037,0.100824567
9.9418313,1.2,1.8,1795346,18058504,0.099418313
9.797381,1.2,1.9,1781288,18181267,0.09797381
9.7667302,1.2,2,1783511,18261086,0.097667302
9.9205383,1.2,2.1,1822076,18366705,0.099205383
9.762855,1.2,2.2,1806222,18500961,0.09762855
9.6719643,1.2,2.3,1798878,18598890,0.096719643
9.5987845,1.2,2.4,1788159,18629015,0.095987845
9.6677674,1.2,2.5,1810515,18727333,0.096677674
9.7037379,1.2,2.6,1814435,18698310,0.097037379
9.5497329,1.2,2.7,1791549,18760200,0.095497329
9.5908906,1.2,2.8,1809371,18865516,0.095908906
9.5872129,1.2,2.9,1800067,18775707,0.095872129
9.5381359,1.2,3,1793439,18802825,0.095381359
16.9747776,1.3,1.1,2921062,17208249,0.169747776
16.3603847,1.3,1.2,2889152,17659438,0.163603847
16.1326844,1.3,1.3,2897897,17962894,0.161326844
16.1125289,1.3,1.4,2938497,18237342,0.161125289
15.9315648,1.3,1.5,2958208,18568220,0.159315648
15.900301,1.3,1.6,2953880,18577510,0.15900301
15.7636973,1.3,1.7,2962823,18795229,0.157636973
15.8484884,1.3,1.8,3001517,18938822,0.158484884
15.7665415,1.3,1.9,2991469,18973527,0.157665415
15.4894275,1.3,2,2959259,19105025,0.154894275
15.5473818,1.3,2.1,2990674,19235869,0.155473818
15.4402022,1.3,2.2,2994483,19394066,0.154402022
15.4120917,1.3,2.3,3001329,19473859,0.154120917
15.4889846,1.3,2.4,3019657,19495513,0.154889846
15.2724451,1.3,2.5,2975961,19485819,0.152724451
15.3385399,1.3,2.6,2990058,19493759,0.153385399
15.4289855,1.3,2.7,3005141,19477243,0.154289855
15.2364369,1.3,2.8,2975356,19527899,0.152364369
15.2949418,1.3,2.9,2998133,19602121,0.152949418
15.1479968,1.3,3,2978324,19661504,0.151479968
22.6055925,1.4,1.1,4043928,17889060,0.226055925
21.9690041,1.4,1.2,4033445,18359708,0.219690041
21.8699585,1.4,1.3,4075418,18634777,0.218699585
21.9486274,1.4,1.4,4144139,18881085,0.219486274
21.7203629,1.4,1.5,4133609,19031031,0.217203629
21.5113897,1.4,1.6,4142569,19257561,0.215113897
21.522262,1.4,1.7,4180903,19425946,0.21522262
21.3153141,1.4,1.8,4162394,19527716,0.213153141
21.1272367,1.4,1.9,4144271,19615774,0.211272367
21.096955,1.4,2,4168560,19759060,0.21096955
21.2302099,1.4,2.1,4188727,19730031,0.212302099
21.2221918,1.4,2.2,4234559,19953448,0.212221918
21.3766575,1.4,2.3,4278656,20015552,0.213766575
21.0869068,1.4,2.4,4220758,20016013,0.210869068
20.8984201,1.4,2.5,4201540,20104582,0.208984201
20.9303048,1.4,2.6,4189000,20014042,0.209303048
20.9570491,1.4,2.7,4215720,20116000,0.209570491
20.7719607,1.4,2.8,4177427,20110894,0.207719607
20.9383847,1.4,2.9,4236299,20232215,0.209383847
20.8661624,1.4,3,4181715,20040652,0.208661624
27.9979588,1.5,1.1,5166577,18453406,0.279979588
27.5745604,1.5,1.2,5193602,18834759,0.275745604
27.5346788,1.5,1.3,5228534,18988905,0.275346788
27.3662386,1.5,1.4,5301304,19371694,0.273662386
27.2240747,1.5,1.5,5327777,19570094,0.272240747
27.2444868,1.5,1.6,5348736,19632361,0.272444868
26.9429747,1.5,1.7,5342426,19828642,0.269429747
26.8172924,1.5,1.8,5367244,20014116,0.268172924
27.0423251,1.5,1.9,5411242,20010269,0.270423251
26.9463618,1.5,2,5378164,19958776,0.269463618
26.6504175,1.5,2.1,5385995,20209796,0.266504175
26.7190663,1.5,2.2,5420509,20287045,0.267190663
26.744274,1.5,2.3,5438684,20335882,0.26744274
26.6916099,1.5,2.4,5432163,20351575,0.266916099
26.1589744,1.5,2.5,5337440,20403858,0.261589744
26.6906299,1.5,2.6,5436450,20368384,0.266906299
26.5102904,1.5,2.7,5424823,20463084,0.265102904
26.4034402,1.5,2.8,5409366,20487353,0.264034402
26.688071,1.5,2.9,5476678,20521071,0.26688071
26.4097327,1.5,3,5419799,20521976,0.264097327
5.3953249,1.1,1.1,682628,12652213,0.053953249
5.1833067,1.1,1.2,685396,13223142,0.051833067
5.0125207,1.1,1.3,674871,13463705,0.050125207
4.9058716,1.1,1.4,681116,13883690,0.049058716
4.8899465,1.1,1.5,690751,14125942,0.048899465
4.7208798,1.1,1.6,683284,14473658,0.047208798
4.6261504,1.1,1.7,674227,14574256,0.046261504
4.5446566,1.1,1.8,673864,14827611,0.045446566
4.6794992,1.1,1.9,696342,14880695,0.046794992
4.545346,1.1,2,675908,14870331,0.04545346
4.5189118,1.1,2.1,687780,15220036,0.045189118
4.4706497,1.1,2.2,682281,15261339,0.044706497
4.4715209,1.1,2.3,683965,15296026,0.044715209
4.3677307,1.1,2.4,675464,15464873,0.043677307
4.4512201,1.1,2.5,683868,15363608,0.044512201
4.3667448,1.1,2.6,677033,15504295,0.043667448
4.2549007,1.1,2.7,657979,15464027,0.042549007
4.3327056,1.1,2.8,677167,15629195,0.043327056
4.3167027,1.1,2.9,675169,15640850,0.043167027
4.3142045,1.1,3,675185,15650278,0.043142045
11.3391392,1.2,1.1,1646625,14521605,0.113391392
11.1609472,1.2,1.2,1651678,14798726,0.111609472
10.8610613,1.2,1.3,1641354,15112280,0.108610613
10.8794791,1.2,1.4,1681222,15453148,0.108794791
10.576349,1.2,1.5,1647326,15575564,0.10576349
10.628014,1.2,1.6,1681113,15817753,0.10628014
10.4288552,1.2,1.7,1670846,16021375,0.104288552
10.3206675,1.2,1.8,1670486,16185833,0.103206675
10.4156734,1.2,1.9,1688477,16210925,0.104156734
10.2610822,1.2,2,1684752,16418853,0.102610822
10.2580125,1.2,2.1,1685759,16433583,0.102580125
10.2630263,1.2,2.2,1706149,16624229,0.102630263
10.1145074,1.2,2.3,1686064,16669759,0.101145074
10.0729582,1.2,2.4,1671384,16592782,0.100729582
10.2453127,1.2,2.5,1705391,16645573,0.102453127
10.0643623,1.2,2.6,1694243,16834082,0.100643623
9.9185231,1.2,2.7,1668087,16817897,0.099185231
9.9745904,1.2,2.8,1683183,16874708,0.099745904
9.9668054,1.2,2.9,1675715,16812960,0.099668054
9.9704732,1.2,3,1689595,16945986,0.099704732
17.4565013,1.3,1.1,2698618,15459100,0.174565013
17.2570551,1.3,1.2,2702674,15661270,0.172570551
16.9339063,1.3,1.3,2704661,15971867,0.169339063
16.9661609,1.3,1.4,2755624,16241883,0.169661609
16.6601994,1.3,1.5,2722489,16341275,0.166601994
16.6077678,1.3,1.6,2781363,16747362,0.166077678
16.4628828,1.3,1.7,2785071,16917274,0.164628828
16.4425366,1.3,1.8,2796690,17008872,0.164425366
16.3542672,1.3,1.9,2787428,17044041,0.163542672
16.3635062,1.3,2,2801689,17121569,0.163635062
16.2952715,1.3,2.1,2808148,17232901,0.162952715
16.0123378,1.3,2.2,2792259,17438172,0.160123378
15.9591995,1.3,2.3,2787598,17467029,0.159591995
16.2301262,1.3,2.4,2840492,17501355,0.162301262
16.0182042,1.3,2.5,2815386,17576165,0.160182042
15.9262061,1.3,2.6,2794024,17543563,0.159262061
15.8965059,1.3,2.7,2790964,17557091,0.158965059
16.1193322,1.3,2.8,2828598,17547861,0.161193322
15.9067823,1.3,2.9,2811020,17671833,0.159067823
15.9685892,1.3,3,2835776,17758463,0.159685892
23.6388016,1.4,1.1,3760162,15906737,0.236388016
23.2049476,1.4,1.2,3800045,16376012,0.232049476
22.9963496,1.4,1.3,3826249,16638506,0.229963496
23.0169151,1.4,1.4,3876510,16842005,0.230169151
22.818167,1.4,1.5,3854764,16893399,0.22818167
22.7294776,1.4,1.6,3916792,17232213,0.227294776
22.452162,1.4,1.7,3897187,17357736,0.22452162
22.2384685,1.4,1.8,3889763,17491146,0.222384685
22.1121459,1.4,1.9,3884842,17568815,0.221121459
22.1053401,1.4,2,3920772,17736764,0.221053401
22.2521061,1.4,2.1,3951029,17755753,0.222521061
22.293039,1.4,2.2,3975735,17833975,0.22293039
21.9590319,1.4,2.3,3931533,17903945,0.219590319
22.015264,1.4,2.4,3960013,17987579,0.22015264
21.7562521,1.4,2.5,3908673,17965746,0.217562521
21.8864916,1.4,2.6,3945199,18025726,0.218864916
21.9996558,1.4,2.7,3965852,18026882,0.219996558
21.8000181,1.4,2.8,3925388,18006352,0.218000181
21.6213555,1.4,2.9,3906793,18069140,0.216213555
21.783568,1.4,3,3947059,18119433,0.21783568
29.5919485,1.5,1.1,4823619,16300444,0.295919485
29.2276789,1.5,1.2,4899005,16761526,0.292276789
28.9862219,1.5,1.3,4921597,16979091,0.289862219
28.9487427,1.5,1.4,4986744,17226116,0.289487427
28.5962853,1.5,1.5,4971570,17385370,0.285962853
28.6958262,1.5,1.6,5043812,17576814,0.286958262
28.4818439,1.5,1.7,5046811,17719397,0.284818439
28.3135693,1.5,1.8,5065782,17891711,0.283135693
28.4423467,1.5,1.9,5081089,17864521,0.284423467
28.1074514,1.5,2,5057634,17993926,0.281074514
28.3008238,1.5,2.1,5102814,18030620,0.283008238
28.1905112,1.5,2.2,5092034,18062936,0.281905112
28.0156453,1.5,2.3,5118104,18268735,0.280156453
28.196831,1.5,2.4,5108937,18118834,0.28196831
28.2001227,1.5,2.5,5132600,18200630,0.282001227
27.6086965,1.5,2.6,5048619,18286336,0.276086965
27.5526893,1.5,2.7,5064961,18382819,0.275526893
27.8254981,1.5,2.8,5096090,18314461,0.278254981
27.7472749,1.5,2.9,5090103,18344515,0.277472749
27.6634075,1.5,3,5079756,18362727,0.276634075
5.5128502,1.1,1.1,610218,11069011,0.055128502
5.4444108,1.1,1.2,631042,11590639,0.054444108
5.1972994,1.1,1.3,621797,11963848,0.051972994
5.0706937,1.1,1.4,617579,12179379,0.050706937
5.0612797,1.1,1.5,625457,12357685,0.050612797
4.8697398,1.1,1.6,616259,12654865,0.048697398
4.7680316,1.1,1.7,611715,12829508,0.047680316
4.7886681,1.1,1.8,614245,12827053,0.047886681
4.7531781,1.1,1.9,618648,13015460,0.047531781
4.6758856,1.1,2,611959,13087553,0.046758856
4.6333777,1.1,2.1,614507,13262614,0.046333777
4.635517,1.1,2.2,616503,13299552,0.04635517
4.6617876,1.1,2.3,624973,13406295,0.046617876
4.5816558,1.1,2.4,615763,13439748,0.045816558
4.5940433,1.1,2.5,624233,13587878,0.045940433
4.6146025,1.1,2.6,626264,13571353,0.046146025
4.549212,1.1,2.7,619507,13617897,0.04549212
4.5439157,1.1,2.8,616588,13569530,0.045439157
4.4851744,1.1,2.9,612236,13650216,0.044851744
4.5319228,1.1,3,619294,13665149,0.045319228
11.8613718,1.2,1.1,1491268,12572475,0.118613718
11.6501892,1.2,1.2,1500714,12881456,0.116501892
11.4161962,1.2,1.3,1512409,13247924,0.114161962
11.297713,1.2,1.4,1515260,13412095,0.11297713
11.2087999,1.2,1.5,1516848,13532653,0.112087999
11.098628,1.2,1.6,1538618,13863137,0.11098628
10.9446003,1.2,1.7,1537286,14046068,0.109446003
10.8909095,1.2,1.8,1545593,14191588,0.108909095
10.8636371,1.2,1.9,1554046,14305025,0.108636371
10.8110346,1.2,2,1559915,14428915,0.108110346
10.5981899,1.2,2.1,1528952,14426539,0.105981899
10.8424945,1.2,2.2,1575132,14527395,0.108424945
10.8439987,1.2,2.3,1585043,14616776,0.108439987
10.6380068,1.2,2.4,1559652,14661130,0.106380068
10.5545912,1.2,2.5,1537474,14566874,0.105545912
10.4584469,1.2,2.6,1534862,14675812,0.104584469
10.5265738,1.2,2.7,1554476,14767160,0.105265738
10.5752771,1.2,2.8,1560931,14760190,0.105752771
10.4397281,1.2,2.9,1549613,14843423,0.104397281
10.4910699,1.2,3,1558764,14858008,0.104910699
18.4032243,1.3,1.1,2469292,13417714,0.184032243
18.1110713,1.3,1.2,2507829,13846939,0.181110713
17.8124356,1.3,1.3,2491399,13986852,0.178124356
17.6745388,1.3,1.4,2521826,14268129,0.176745388
17.4664767,1.3,1.5,2517972,14416027,0.174664767
17.416478,1.3,1.6,2533655,14547459,0.17416478
17.1941823,1.3,1.7,2551541,14839560,0.171941823
16.9865882,1.3,1.8,2521322,14843016,0.169865882
17.0917117,1.3,1.9,2543835,14883442,0.170917117
17.0830013,1.3,2,2556486,14965087,0.170830013
16.9705386,1.3,2.1,2569709,15142177,0.169705386
17.0330163,1.3,2.2,2599744,15262969,0.170330163
16.7690342,1.3,2.3,2558362,15256466,0.167690342
16.7315,1.3,2.4,2570630,15364014,0.167315
16.8074107,1.3,2.5,2577743,15336943,0.168074107
16.7766903,1.3,2.6,2575915,15354131,0.167766903
16.6627304,1.3,2.7,2555412,15336094,0.166627304
16.672776,1.3,2.8,2564850,15383461,0.16672776
16.8879077,1.3,2.9,2613502,15475582,0.168879077
16.7986134,1.3,3,2578439,15349118,0.167986134
24.8094576,1.4,1.1,3442897,13877357,0.248094576
24.3860667,1.4,1.2,3478510,14264334,0.243860667
24.2363409,1.4,1.3,3536761,14592801,0.242363409
23.8683748,1.4,1.4,3511395,14711496,0.238683748
23.5017883,1.4,1.5,3477385,14796257,0.235017883
23.7878468,1.4,1.6,3584652,15069258,0.237878468
23.5971016,1.4,1.7,3538909,14997219,0.235971016
23.5746358,1.4,1.8,3622537,15366248,0.235746358
23.6635515,1.4,1.9,3615351,15278142,0.236635515
23.110969,1.4,2,3531788,15281869,0.23110969
23.4738654,1.4,2.1,3624785,15441790,0.234738654
23.3545821,1.4,2.2,3652460,15639158,0.233545821
23.1567059,1.4,2.3,3623082,15645930,0.231567059
23.1653096,1.4,2.4,3640866,15716889,0.231653096
23.1974802,1.4,2.5,3647672,15724432,0.231974802
22.6287585,1.4,2.6,3602275,15919013,0.226287585
22.969864,1.4,2.7,3649005,15886054,0.22969864
23.1364086,1.4,2.8,3687978,15940149,0.231364086
23.1733542,1.4,2.9,3664044,15811453,0.231733542
23.0611236,1.4,3,3630173,15741527,0.230611236
31.0277817,1.5,1.1,4438060,14303504,0.310277817
30.9229276,1.5,1.2,4535878,14668333,0.309229276
30.7996401,1.5,1.3,4608706,14963506,0.307996401
30.4242358,1.5,1.4,4597301,15110654,0.304242358
30.1285341,1.5,1.5,4628368,15362075,0.301285341
30.4661182,1.5,1.6,4704606,15442092,0.304661182
29.9323998,1.5,1.7,4647302,15525992,0.299323998
30.1010702,1.5,1.8,4692743,15589954,0.301010702
29.8285841,1.5,1.9,4709659,15789080,0.298285841
29.905991,1.5,2,4723072,15793063,0.29905991
30.0111882,1.5,2.1,4738456,15788965,0.300111882
29.6087184,1.5,2.2,4720001,15941254,0.296087184
29.6962382,1.5,2.3,4735894,15947791,0.296962382
29.7645388,1.5,2.4,4736868,15914468,0.297645388
29.3887917,1.5,2.5,4697883,15985288,0.293887917
29.2735016,1.5,2.6,4713717,16102334,0.292735016
29.4049335,1.5,2.7,4731684,16091463,0.294049335
29.1838807,1.5,2.8,4719792,16172599,0.291838807
29.2880516,1.5,2.9,4709309,16079284,0.292880516
29.5269145,1.5,3,4760713,16123300,0.295269145
5.3854559,1.1,1.1,659441,12244850,0.053854559
5.314999,1.1,1.2,672439,12651724,0.05314999
5.2337232,1.1,1.3,676447,12924776,0.052337232
5.0859839,1.1,1.4,666800,13110541,0.050859839
4.9500693,1.1,1.5,659001,13312965,0.049500693
4.884102,1.1,1.6,666314,13642508,0.04884102
4.796838,1.1,1.7,655630,13667962,0.04796838
4.8288451,1.1,1.8,661688,13702821,0.048288451
4.8558094,1.1,1.9,675601,13913252,0.048558094
4.7604234,1.1,2,668249,14037596,0.047604234
4.7200875,1.1,2.1,663689,14060947,0.047200875
4.7425786,1.1,2.2,676980,14274513,0.047425786
4.6307683,1.1,2.3,662794,14312830,0.046307683
4.652743,1.1,2.4,669814,14396110,0.04652743
4.6611316,1.1,2.5,674540,14471593,0.046611316
4.6072255,1.1,2.6,665683,14448674,0.046072255
4.6451825,1.1,2.7,671864,14463673,0.046451825
4.5524223,1.1,2.8,659737,14491999,0.045524223
4.5189568,1.1,2.9,663599,14684783,0.045189568
4.6597263,1.1,3,680945,14613412,0.046597263
11.5028774,1.2,1.1,1570290,13651280,0.115028774
11.3514686,1.2,1.2,1591292,14018380,0.113514686
11.335102,1.2,1.3,1610398,14207177,0.11335102
11.248022,1.2,1.4,1617511,14380404,0.11248022
11.1223092,1.2,1.5,1604188,14423156,0.111223092
10.8542931,1.2,1.6,1602845,14766922,0.108542931
10.8811932,1.2,1.7,1615761,14849116,0.108811932
10.7657365,1.2,1.8,1609784,14952846,0.107657365
10.7428412,1.2,1.9,1615337,15036404,0.107428412
10.835902,1.2,2,1643741,15169397,0.10835902
10.6852236,1.2,2.1,1619855,15159767,0.106852236
10.4247126,1.2,2.2,1603051,15377412,0.104247126
10.6402808,1.2,2.3,1640236,15415345,0.106402808
10.6183788,1.2,2.4,1635326,15400901,0.106183788
10.6102716,1.2,2.5,1652421,15573786,0.106102716
10.493655,1.2,2.6,1630353,15536560,0.10493655
10.6869084,1.2,2.7,1664259,15572876,0.106869084
10.5744137,1.2,2.8,1653934,15640905,0.105744137
10.6051819,1.2,2.9,1666723,15716119,0.106051819
10.3965752,1.2,3,1635484,15730988,0.103965752
17.9755924,1.3,1.1,2592791,14423953,0.179755924
17.5823797,1.3,1.2,2578837,14667167,0.175823797
17.3042074,1.3,1.3,2594565,14993839,0.173042074
17.3813264,1.3,1.4,2639843,15187811,0.173813264
16.9879287,1.3,1.5,2597641,15291099,0.169879287
16.9877376,1.3,1.6,2642897,15557675,0.169877376
17.0545597,1.3,1.7,2659809,15595882,0.170545597
16.8554591,1.3,1.8,2651568,15731212,0.168554591
17.0372013,1.3,1.9,2696998,15830053,0.170372013
16.8226031,1.3,2,2677665,15917067,0.168226031
16.5723694,1.3,2.1,2648406,15980853,0.165723694
16.7568324,1.3,2.2,2704569,16140097,0.167568324
16.4693131,1.3,2.3,2657547,16136356,0.164693131
16.5954004,1.3,2.4,2690015,16209401,0.165954004
16.5597444,1.3,2.5,2658197,16052162,0.165597444
16.5870296,1.3,2.6,2692401,16231966,0.165870296
16.4451595,1.3,2.7,2668175,16224683,0.164451595
16.5063583,1.3,2.8,2685584,16269997,0.165063583
16.2991486,1.3,2.9,2656756,16299968,0.162991486
16.685937,1.3,3,2705173,16212293,0.16685937
23.65361,1.4,1.1,3513801,14855242,0.2365361
23.7271587,1.4,1.2,3591338,15135980,0.237271587
23.3261298,1.4,1.3,3596206,15417071,0.233261298
23.3866749,1.4,1.4,3671566,15699393,0.233866749
23.1590279,1.4,1.5,3649876,15760057,0.231590279
22.8943629,1.4,1.6,3666763,16016008,0.228943629
22.9704066,1.4,1.7,3708554,16144921,0.229704066
23.0800716,1.4,1.8,3731162,16166163,0.230800716
22.6979387,1.4,1.9,3688196,16249035,0.226979387
22.6211682,1.4,2,3693124,16325965,0.226211682
22.7547055,1.4,2.1,3730431,16394108,0.227547055
22.8327011,1.4,2.2,3749143,16420059,0.228327011
22.5695167,1.4,2.3,3736467,16555370,0.225695167
22.3667728,1.4,2.4,3707941,16577899,0.223667728
22.3845288,1.4,2.5,3717210,16606157,0.223845288
22.619057,1.4,2.6,3767372,16655743,0.22619057
22.5565037,1.4,2.7,3717010,16478662,0.225565037
22.4954373,1.4,2.8,3730653,16584043,0.224954373
22.5564484,1.4,2.9,3747866,16615497,0.225564484
22.3349683,1.4,3,3725179,16678685,0.223349683
30.0610183,1.5,1.1,4572240,15209864,0.300610183
29.7092333,1.5,1.2,4606173,15504180,0.297092333
29.5034093,1.5,1.3,4655738,15780339,0.295034093
29.6973379,1.5,1.4,4749421,15992750,0.296973379
29.3127662,1.5,1.5,4721465,16107197,0.293127662
28.9759481,1.5,1.6,4715868,16275112,0.289759481
29.3529466,1.5,1.7,4770381,16251796,0.293529466
29.1942387,1.5,1.8,4811835,16482139,0.291942387
29.1590688,1.5,1.9,4817566,16521673,0.291590688
28.9526722,1.5,2,4812034,16620345,0.289526722
28.8461128,1.5,2.1,4826214,16730899,0.288461128
28.9872697,1.5,2.2,4831043,16666085,0.289872697
28.8285023,1.5,2.3,4826179,16740998,0.288285023
28.9616201,1.5,2.4,4840876,16714797,0.289616201
29.1059978,1.5,2.5,4885970,16786815,0.291059978
28.3831075,1.5,2.6,4816212,16968586,0.283831075
28.5164198,1.5,2.7,4807839,16859897,0.285164198
28.5825509,1.5,2.8,4846714,16956898,0.285825509
28.6883268,1.5,2.9,4872498,16984253,0.286883268
28.4230851,1.5,3,4825471,16977295,0.284230851
