Car Flexibilty,avg. number of car/s,avg. CPU time,Request Flexibility
1.1,176.4335301,0.021967255,1.1
1.1,170.8155671,0.024271924,1.2
1.1,166.1336227,0.019504086,1.3
1.1,162.3375,0.021944552,1.4
1.1,159.3460995,0.018195859,1.5
1.1,157.5118171,0.020240185,1.6
1.1,154.8480787,0.017566364,1.7
1.1,154.0236227,0.019728827,1.8
1.1,152.7193403,0.017236321,1.9
1.1,151.7029745,0.019345711,2
1.1,151.3052083,0.016978149,2.1
1.1,149.0013773,0.01849259,2.2
1.1,147.7150231,0.017622106,2.3
1.1,147.2856019,0.018391492,2.4
1.1,146.8245486,0.017532693,2.5
1.1,145.1643403,0.017688247,2.6
1.1,146.0879282,0.017604257,2.7
1.1,143.4305324,0.017293576,2.8
1.1,143.4129282,0.016846744,2.9
1.1,143.4549769,0.017588498,3
1.2,193.5612269,0.032890891,1.1
1.2,187.9985764,0.030349832,1.2
1.2,184.5687153,0.02963528,1.3
1.2,180.1226389,0.028893835,1.4
1.2,177.7556366,0.028102931,1.5
1.2,176.1777431,0.02751853,1.6
1.2,173.9605903,0.026775246,1.7
1.2,170.7371181,0.026513813,1.8
1.2,168.7296875,0.024854731,1.9
1.2,168.8661806,0.026110705,2
1.2,167.7531366,0.025208869,2.1
1.2,166.9365972,0.025232515,2.2
1.2,165.4992014,0.024038698,2.3
1.2,163.7972106,0.024489534,2.4
1.2,164.4035532,0.023718548,2.5
1.2,164.0688657,0.024456672,2.6
1.2,164.0780903,0.023887562,2.7
1.2,162.7999421,0.024240015,2.8
1.2,162.0151157,0.02350578,2.9
1.2,162.2984954,0.024301475,3
1.3,215.5923495,0.038381553,1.1
1.3,209.1930324,0.037977306,1.2
1.3,205.1554282,0.034253836,1.3
1.3,201.5213657,0.034925206,1.4
1.3,198.3929167,0.03322838,1.5
1.3,197.6935764,0.033116802,1.6
1.3,193.886169,0.031458868,1.7
1.3,194.008912,0.031221857,1.8
1.3,191.3999537,0.031418718,1.9
1.3,188.336088,0.030662648,2
1.3,188.9569444,0.030292547,2.1
1.3,187.9335532,0.029661801,2.2
1.3,185.0232639,0.02926249,2.3
1.3,186.2330208,0.029402841,2.4
1.3,185.2328819,0.029137823,2.5
1.3,183.8300463,0.029198452,2.6
1.3,185.5295486,0.029568751,2.7
1.3,184.9613773,0.02872702,2.8
1.3,184.8556944,0.029711255,2.9
1.3,184.3163079,0.029338207,3
1.4,237.843588,0.047927122,1.1
1.4,231.4489815,0.044133777,1.2
1.4,228.8199306,0.043688986,1.3
1.4,224.8763889,0.042790262,1.4
1.4,221.6692245,0.042427746,1.5
1.4,217.7881597,0.040907891,1.6
1.4,217.4632176,0.041484187,1.7
1.4,217.0580093,0.040285311,1.8
1.4,213.2812037,0.039567033,1.9
1.4,214.9691319,0.040165571,2
1.4,212.2794213,0.040062412,2.1
1.4,211.8607755,0.038194307,2.2
1.4,211.435706,0.039480197,2.3
1.4,209.5665162,0.038286648,2.4
1.4,209.1950694,0.038760293,2.5
1.4,208.1980208,0.037759335,2.6
1.4,208.894456,0.03870518,2.7
1.4,206.6548958,0.036739961,2.8
1.4,207.4577431,0.038494542,2.9
1.4,207.5938773,0.037571493,3
1.5,263.7936921,0.054803705,1.1
1.5,257.4864005,0.031977062,1.2
1.5,254.0772106,0.05501137,1.3
1.5,248.9927662,0.036085614,1.4
1.5,245.9163889,0.051764492,1.5
1.5,243.5044676,0.041166448,1.6
1.5,243.9627199,0.051093042,1.7
1.5,239.6212731,0.044089754,1.8
1.5,238.6114699,0.050157158,1.9
1.5,237.2482639,0.04654959,2
1.5,236.5541667,0.048266495,2.1
1.5,237.1793403,0.048011883,2.2
1.5,236.4553819,0.048668835,2.3
1.5,234.5587731,0.047824102,2.4
1.5,235.0601157,0.048187483,2.5
1.5,232.6124653,0.047708393,2.6
1.5,232.3653009,0.047609769,2.7
1.5,234.6479745,0.047726521,2.8
1.5,232.4567245,0.046516071,2.9
1.5,233.9816898,0.048632713,3
1.1,131.4952315,0.006101824,1.1
1.1,127.2028819,0.006052467,1.2
1.1,125.6360995,0.006346533,1.3
1.1,122.5098727,0.007717096,1.4
1.1,120.5637731,0.00758498,1.5
1.1,119.9292824,0.007190825,1.6
1.1,118.0619213,0.007080424,1.7
1.1,117.7032523,0.007071939,1.8
1.1,115.5786111,0.00673816,1.9
1.1,115.1934491,0.00679056,2
1.1,112.9760069,0.006179083,2.1
1.1,112.1526389,0.006526383,2.2
1.1,112.6863889,0.006640769,2.3
1.1,111.0397569,0.005957787,2.4
1.1,109.68,0.006037154,2.5
1.1,110.3051042,0.006058863,2.6
1.1,109.5059259,0.005778906,2.7
1.1,109.4041551,0.006157892,2.8
1.1,110.0226042,0.006197927,2.9
1.1,108.0746875,0.005470599,3
1.2,142.7319329,0.010382097,1.1
1.2,139.383912,0.009715564,1.2
1.2,136.7582523,0.00962764,1.3
1.2,133.7022917,0.009171697,1.4
1.2,131.8460648,0.009417219,1.5
1.2,131.2064699,0.008511342,1.6
1.2,129.793287,0.008699339,1.7
1.2,128.7375116,0.008451365,1.8
1.2,126.6230903,0.008481896,1.9
1.2,125.3860069,0.008220966,2
1.2,124.864294,0.007877306,2.1
1.2,123.0419907,0.0082058,2.2
1.2,123.8442361,0.00825156,2.3
1.2,123.0751736,0.007863806,2.4
1.2,123.2689699,0.007873195,2.5
1.2,123.1551505,0.007607664,2.6
1.2,121.6014699,0.007605574,2.7
1.2,120.9932639,0.007312777,2.8
1.2,119.9871065,0.007354648,2.9
1.2,119.9686458,0.007660976,3
1.3,158.1631366,0.01269419,1.1
1.3,154.7189699,0.012266728,1.2
1.3,151.6643056,0.012073047,1.3
1.3,147.9983681,0.011048527,1.4
1.3,148.1557523,0.011361156,1.5
1.3,144.4876505,0.01046355,1.6
1.3,144.7679514,0.010550751,1.7
1.3,141.7730903,0.01013505,1.8
1.3,140.7612037,0.010022846,1.9
1.3,140.114213,0.009782147,2
1.3,139.4633681,0.00940602,2.1
1.3,138.9865046,0.009744584,2.2
1.3,137.8213426,0.009313007,2.3
1.3,136.4850231,0.009458327,2.4
1.3,136.280706,0.009783767,2.5
1.3,136.1816551,0.009813866,2.6
1.3,135.5775694,0.009374152,2.7
1.3,135.1385301,0.009264762,2.8
1.3,134.7556713,0.008789141,2.9
1.3,134.6150463,0.009394399,3
1.4,173.4583102,0.015556948,1.1
1.4,170.609838,0.014680417,1.2
1.4,167.9654398,0.014109298,1.3
1.4,164.2192477,0.013289284,1.4
1.4,162.146088,0.013861909,1.5
1.4,161.1199537,0.013529617,1.6
1.4,158.5321875,0.012682076,1.7
1.4,156.5135532,0.012766942,1.8
1.4,157.3734028,0.012187298,1.9
1.4,154.0672338,0.012350157,2
1.4,155.3963773,0.012944467,2.1
1.4,152.670463,0.011965336,2.2
1.4,153.1990972,0.01116108,2.3
1.4,151.9210995,0.012111808,2.4
1.4,151.9600694,0.010684812,2.5
1.4,151.1756597,0.011260478,2.6
1.4,150.0439005,0.010923281,2.7
1.4,151.2633218,0.011552102,2.8
1.4,151.0028935,0.011104837,2.9
1.4,150.6409375,0.011483884,3
1.5,190.0078819,0.017996882,1.1
1.5,186.9019329,0.017682548,1.2
1.5,182.2308796,0.017134682,1.3
1.5,180.5862153,0.015610193,1.4
1.5,179.2548495,0.015682201,1.5
1.5,176.1971644,0.015568086,1.6
1.5,175.5165856,0.015123873,1.7
1.5,172.4920602,0.014998238,1.8
1.5,172.9704051,0.014770048,1.9
1.5,172.7614931,0.015085961,2
1.5,170.7735532,0.014149333,2.1
1.5,169.0183102,0.014567963,2.2
1.5,169.4913889,0.014298915,2.3
1.5,167.9016551,0.013870661,2.4
1.5,168.6520139,0.015339998,2.5
1.5,167.0752894,0.013756645,2.6
1.5,166.4981366,0.014198817,2.7
1.5,167.9141435,0.014234126,2.8
1.5,167.2557407,0.014789025,2.9
1.5,166.1008565,0.014880087,3
1.1,146.1878241,0.012843748,1.1
1.1,142.027963,0.013507712,1.2
1.1,139.7935417,0.012559198,1.3
1.1,136.6414931,0.011920365,1.4
1.1,134.2422569,0.011708703,1.5
1.1,132.342662,0.011140653,1.6
1.1,130.9600694,0.01089063,1.7
1.1,130.0203819,0.010491836,1.8
1.1,127.6873148,0.010467387,1.9
1.1,128.333044,0.010211052,2
1.1,127.1645486,0.009656271,2.1
1.1,125.8583912,0.009550334,2.2
1.1,124.4122222,0.009940774,2.3
1.1,122.5097801,0.008992853,2.4
1.1,122.8675,0.009307893,2.5
1.1,123.0119097,0.008702741,2.6
1.1,122.2265394,0.009283246,2.7
1.1,122.0497106,0.00934873,2.8
1.1,121.7778009,0.010364039,2.9
1.1,119.6251505,0.008905372,3
1.2,161.0776505,0.015706642,1.1
1.2,158.1926505,0.015892517,1.2
1.2,154.7416435,0.014208726,1.3
1.2,151.7648611,0.014828515,1.4
1.2,148.9669444,0.014563562,1.5
1.2,146.8198611,0.012971692,1.6
1.2,146.4285995,0.013456389,1.7
1.2,143.5072222,0.013272483,1.8
1.2,141.8424884,0.012139772,1.9
1.2,141.4980324,0.011411527,2
1.2,141.7417361,0.011973934,2.1
1.2,139.8861458,0.012555119,2.2
1.2,138.4612847,0.012288891,2.3
1.2,138.3747917,0.012682575,2.4
1.2,136.4202894,0.01218573,2.5
1.2,135.9473958,0.011858193,2.6
1.2,136.7470486,0.011582626,2.7
1.2,135.9901042,0.011824531,2.8
1.2,135.0024653,0.01167877,2.9
1.2,133.3786574,0.011258866,3
1.3,177.4544907,0.019668153,1.1
1.3,175.0592361,0.020100347,1.2
1.3,171.7692824,0.01867152,1.3
1.3,167.3130556,0.017093487,1.4
1.3,165.5536227,0.017755459,1.5
1.3,163.9937269,0.01846773,1.6
1.3,162.1410764,0.016075434,1.7
1.3,159.9642014,0.015810252,1.8
1.3,160.6802315,0.016151321,1.9
1.3,157.8708565,0.016144331,2
1.3,156.7321296,0.015885461,2.1
1.3,156.5313079,0.015854321,2.2
1.3,154.7040972,0.014910743,2.3
1.3,153.6147106,0.014338586,2.4
1.3,153.2478819,0.014671161,2.5
1.3,152.7384722,0.015259749,2.6
1.3,152.9466435,0.014200521,2.7
1.3,151.292662,0.014251592,2.8
1.3,151.7490741,0.013701448,2.9
1.3,151.4282755,0.014357221,3
1.4,196.8381713,0.0238048,1.1
1.4,192.2438079,0.023257163,1.2
1.4,188.5048148,0.021860096,1.3
1.4,187.2594444,0.022113445,1.4
1.4,182.3811227,0.02133849,1.5
1.4,181.5173843,0.020725549,1.6
1.4,179.5682755,0.020611582,1.7
1.4,178.2553125,0.019719619,1.8
1.4,176.8706829,0.02024005,1.9
1.4,177.0294213,0.020778627,2
1.4,176.1553356,0.02033952,2.1
1.4,174.800787,0.020457122,2.2
1.4,171.6163079,0.021054212,2.3
1.4,172.7892361,0.020197404,2.4
1.4,171.8122222,0.018772696,2.5
1.4,171.3422685,0.019721445,2.6
1.4,170.8769213,0.018889573,2.7
1.4,170.5671412,0.018655503,2.8
1.4,170.0549537,0.018056975,2.9
1.4,169.8805093,0.017939284,3
1.5,216.1493056,0.029401333,1.1
1.5,211.9640509,0.026546865,1.2
1.5,208.8924074,0.02468919,1.3
1.5,205.950706,0.024504647,1.4
1.5,202.7375116,0.023804193,1.5
1.5,200.6984954,0.022705928,1.6
1.5,200.009375,0.022966609,1.7
1.5,197.3526273,0.021752515,1.8
1.5,195.6034144,0.022715212,1.9
1.5,196.9515162,0.021636415,2
1.5,194.9061458,0.022448384,2.1
1.5,191.0391898,0.020749272,2.2
1.5,190.8017014,0.019998245,2.3
1.5,191.7253241,0.021398499,2.4
1.5,189.2002662,0.020126479,2.5
1.5,190.9115856,0.019951758,2.6
1.5,191.3850579,0.020700965,2.7
1.5,191.1787731,0.020323457,2.8
1.5,188.5430671,0.020248431,2.9
1.5,188.7991782,0.020682215,3
1.1,141.183831,0.008030059,1.1
1.1,138.3884838,0.009217753,1.2
1.1,134.645081,0.009944484,1.3
1.1,132.2339699,0.009822615,1.4
1.1,130.2109144,0.009560276,1.5
1.1,128.1948958,0.00873507,1.6
1.1,126.3324421,0.00920857,1.7
1.1,125.1029977,0.008634193,1.8
1.1,122.9486921,0.008285353,1.9
1.1,120.7971181,0.007692956,2
1.1,121.3919213,0.008146945,2.1
1.1,117.4765162,0.007841988,2.2
1.1,118.4809375,0.007725546,2.3
1.1,117.245544,0.007417025,2.4
1.1,117.5613773,0.00715172,2.5
1.1,115.9607176,0.007134062,2.6
1.1,114.6897685,0.00684124,2.7
1.1,114.6194676,0.007089599,2.8
1.1,113.5490625,0.007032852,2.9
1.1,112.9878472,0.006957383,3
1.2,155.3806019,0.013073867,1.1
1.2,152.817581,0.013644812,1.2
1.2,148.4001736,0.012075362,1.3
1.2,146.0386111,0.011653085,1.4
1.2,144.5339699,0.011784189,1.5
1.2,142.411088,0.011218138,1.6
1.2,139.8184838,0.010982088,1.7
1.2,138.832338,0.010846824,1.8
1.2,138.4412847,0.010953285,1.9
1.2,135.8761343,0.010100257,2
1.2,134.0472454,0.010145049,2.1
1.2,132.6911574,0.009895672,2.2
1.2,131.600463,0.009214472,2.3
1.2,131.0330324,0.009345796,2.4
1.2,130.9542361,0.00979995,2.5
1.2,129.4026968,0.009141725,2.6
1.2,129.5420023,0.008619837,2.7
1.2,128.8154861,0.008730598,2.8
1.2,128.8474769,0.009249757,2.9
1.2,127.9417824,0.008433276,3
1.3,174.2729398,0.016686715,1.1
1.3,168.7366551,0.015875122,1.2
1.3,165.8334838,0.015328288,1.3
1.3,162.5371296,0.014611815,1.4
1.3,159.7869097,0.014574306,1.5
1.3,158.0609838,0.014339539,1.6
1.3,156.042037,0.013697976,1.7
1.3,153.8711574,0.012758193,1.8
1.3,152.7106944,0.01282656,1.9
1.3,151.5063079,0.013542301,2
1.3,151.3571296,0.012515041,2.1
1.3,149.6321644,0.01264103,2.2
1.3,149.1556829,0.011979083,2.3
1.3,146.4175463,0.011196533,2.4
1.3,147.0517014,0.011195687,2.5
1.3,147.2442708,0.012072584,2.6
1.3,144.3991088,0.011354805,2.7
1.3,144.0380556,0.010708959,2.8
1.3,146.0065394,0.011918082,2.9
1.3,145.4914236,0.011668384,3
1.4,192.799294,0.020457676,1.1
1.4,186.2163542,0.018847458,1.2
1.4,183.8265162,0.018067978,1.3
1.4,179.7658218,0.017201023,1.4
1.4,178.1837616,0.017204153,1.5
1.4,176.4762037,0.016970752,1.6
1.4,173.2524306,0.016307587,1.7
1.4,170.9716204,0.016239813,1.8
1.4,170.0918981,0.016089867,1.9
1.4,170.3726852,0.016299349,2
1.4,166.970625,0.015791536,2.1
1.4,167.2146759,0.017417579,2.2
1.4,166.2193171,0.017416316,2.3
1.4,164.9748495,0.016383974,2.4
1.4,163.5380324,0.016071307,2.5
1.4,164.0126042,0.017204389,2.6
1.4,163.3363426,0.015781317,2.7
1.4,163.0654977,0.015750657,2.8
1.4,162.5566319,0.01527529,2.9
1.4,163.2547222,0.01533822,3
1.5,211.1639468,0.02659527,1.1
1.5,206.1173843,0.025556603,1.2
1.5,202.3023148,0.024804943,1.3
1.5,198.450081,0.023818503,1.4
1.5,196.3348032,0.02248788,1.5
1.5,193.5574537,0.022313738,1.6
1.5,191.6847917,0.021702542,1.7
1.5,191.1741667,0.022081755,1.8
1.5,189.8757523,0.021934171,1.9
1.5,186.7277778,0.020977148,2
1.5,186.8515162,0.019732518,2.1
1.5,186.8771181,0.021633189,2.2
1.5,183.9968519,0.020637917,2.3
1.5,184.4230787,0.020449841,2.4
1.5,183.2376505,0.019277502,2.5
1.5,182.3836921,0.019393567,2.6
1.5,181.4612616,0.01969924,2.7
1.5,181.6978819,0.019669962,2.8
1.5,181.8483218,0.020104555,2.9
1.5,181.2543634,0.018612113,3
1.1,132.6070602,0.007391989,1.1
1.1,129.3171644,0.007358449,1.2
1.1,126.5206481,0.006703588,1.3
1.1,124.7553009,0.007336025,1.4
1.1,122.413206,0.006742619,1.5
1.1,119.8937847,0.0064328,1.6
1.1,120.2673495,0.007012693,1.7
1.1,118.9632755,0.006407198,1.8
1.1,116.9746528,0.005984804,1.9
1.1,116.4926273,0.00564492,2
1.1,116.250081,0.005927543,2.1
1.1,115.0412037,0.005827338,2.2
1.1,114.0640162,0.005942598,2.3
1.1,113.3256019,0.005422948,2.4
1.1,113.4483796,0.005483352,2.5
1.1,111.640463,0.00557158,2.6
1.1,111.9043403,0.005290697,2.7
1.1,110.1541782,0.00555612,2.8
1.1,110.5734144,0.005199005,2.9
1.1,110.7051389,0.005270286,3
1.2,145.2278356,0.008743739,1.1
1.2,142.8408449,0.008704305,1.2
1.2,139.8702199,0.008198933,1.3
1.2,137.6022569,0.008611565,1.4
1.2,134.6147569,0.008150622,1.5
1.2,133.0509375,0.007732451,1.6
1.2,130.3501273,0.006828698,1.7
1.2,129.7766551,0.007276934,1.8
1.2,129.1789931,0.007152623,1.9
1.2,128.0591435,0.007996908,2
1.2,125.4763079,0.006859868,2.1
1.2,125.767963,0.006949807,2.2
1.2,125.9391898,0.00717728,2.3
1.2,123.3861574,0.007484501,2.4
1.2,124.3628588,0.006789316,2.5
1.2,123.7252894,0.006791222,2.6
1.2,124.0038542,0.006455009,2.7
1.2,122.3248032,0.006658758,2.8
1.2,123.5092245,0.00671365,2.9
1.2,122.4158102,0.006657835,3
1.3,160.1436921,0.01051614,1.1
1.3,155.2024884,0.010681799,1.2
1.3,153.6426389,0.011395964,1.3
1.3,149.7292477,0.009667523,1.4
1.3,149.6684375,0.009978522,1.5
1.3,146.8671181,0.008964654,1.6
1.3,145.046331,0.009386082,1.7
1.3,143.4759259,0.009483704,1.8
1.3,142.7171991,0.008692892,1.9
1.3,141.3121065,0.008104717,2
1.3,141.2064699,0.010054422,2.1
1.3,140.1024074,0.00903822,2.2
1.3,139.4104745,0.008917112,2.3
1.3,139.2846528,0.008136568,2.4
1.3,137.8601852,0.008509745,2.5
1.3,137.8613773,0.008589175,2.6
1.3,138.2418634,0.008293347,2.7
1.3,136.4820486,0.008081034,2.8
1.3,136.9639468,0.007848431,2.9
1.3,137.1007523,0.00772965,3
1.4,176.5943403,0.013893953,1.1
1.4,172.115081,0.012872085,1.2
1.4,170.0011574,0.012935543,1.3
1.4,166.1784491,0.011539269,1.4
1.4,164.3002894,0.011887078,1.5
1.4,161.6412153,0.011081744,1.6
1.4,159.7927546,0.011371788,1.7
1.4,160.1673958,0.011869048,1.8
1.4,156.6302199,0.010696586,1.9
1.4,157.3404745,0.011241096,2
1.4,155.4185301,0.010167162,2.1
1.4,154.0678009,0.009985303,2.2
1.4,153.9115509,0.010410526,2.3
1.4,153.6949769,0.01046297,2.4
1.4,152.4947685,0.010328178,2.5
1.4,152.8286343,0.010547799,2.6
1.4,153.3282986,0.010055013,2.7
1.4,152.4105903,0.010848095,2.8
1.4,151.028206,0.009487887,2.9
1.4,153.4538194,0.008904464,3
1.5,192.3114815,0.013572628,1.1
1.5,188.4658796,0.013051755,1.2
1.5,186.340463,0.012947875,1.3
1.5,183.8326736,0.012187153,1.4
1.5,179.8589236,0.0120597,1.5
1.5,177.9682292,0.011614175,1.6
1.5,177.0481366,0.011898123,1.7
1.5,175.5987269,0.011575033,1.8
1.5,173.5711227,0.011040969,1.9
1.5,171.9672106,0.011110469,2
1.5,171.6626505,0.010822333,2.1
1.5,171.2035648,0.011113269,2.2
1.5,170.6601736,0.01069578,2.3
1.5,170.2168171,0.010699167,2.4
1.5,169.8016319,0.010818447,2.5
1.5,169.1616551,0.010278943,2.6
1.5,168.5761458,0.01083735,2.7
1.5,167.909537,0.010368922,2.8
1.5,169.1607986,0.010927674,2.9
1.5,167.303588,0.010393462,3
1.1,132.915081,0.007728884,1.1
1.1,130.1758102,0.009402035,1.2
1.1,127.4103125,0.009140629,1.3
1.1,125.1642824,0.008702909,1.4
1.1,122.1976505,0.007870105,1.5
1.1,120.9700463,0.007359145,1.6
1.1,119.4661111,0.007362332,1.7
1.1,119.2226852,0.007498628,1.8
1.1,116.8303241,0.006917045,1.9
1.1,116.1145255,0.006770086,2
1.1,115.7416898,0.006879471,2.1
1.1,113.7959606,0.006732218,2.2
1.1,113.6482523,0.006447594,2.3
1.1,113.0410648,0.006402697,2.4
1.1,112.9137269,0.00663195,2.5
1.1,111.7689236,0.006420668,2.6
1.1,111.5549769,0.006381285,2.7
1.1,111.3504861,0.006338678,2.8
1.1,109.8432755,0.00584851,2.9
1.1,110.9655093,0.006218886,3
1.2,144.5831366,0.01014914,1.1
1.2,141.1261227,0.00988349,1.2
1.2,139.9470255,0.010111999,1.3
1.2,136.4468519,0.009257114,1.4
1.2,134.6057639,0.008722803,1.5
1.2,132.9309375,0.008289935,1.6
1.2,131.2947222,0.00906042,1.7
1.2,130.4145023,0.009267652,1.8
1.2,129.1572801,0.008285224,1.9
1.2,128.2198148,0.008022282,2
1.2,126.1992014,0.00756766,2.1
1.2,126.4786111,0.007689885,2.2
1.2,125.1685069,0.007964865,2.3
1.2,124.0109606,0.007937702,2.4
1.2,124.4920139,0.007264689,2.5
1.2,124.5568171,0.00729041,2.6
1.2,124.6059838,0.007360048,2.7
1.2,122.7409259,0.00759059,2.8
1.2,122.4887384,0.007621391,2.9
1.2,121.7780208,0.008085603,3
1.3,160.1179282,0.012780454,1.1
1.3,157.1500463,0.011422429,1.2
1.3,153.8262269,0.011455685,1.3
1.3,152.3685069,0.011356259,1.4
1.3,148.9457755,0.010683988,1.5
1.3,146.9302546,0.010835624,1.6
1.3,145.2909259,0.01043116,1.7
1.3,144.1992593,0.009819315,1.8
1.3,142.6902315,0.010028791,1.9
1.3,142.0203704,0.009959224,2
1.3,141.4250231,0.009528576,2.1
1.3,140.3049884,0.009319165,2.2
1.3,139.3650231,0.009467474,2.3
1.3,138.9086806,0.009354658,2.4
1.3,136.9854282,0.009594707,2.5
1.3,138.5411574,0.010659537,2.6
1.3,137.2295602,0.009407531,2.7
1.3,135.9489931,0.00913082,2.8
1.3,137.1184375,0.009067031,2.9
1.3,135.9204282,0.009299126,3
1.4,175.9192477,0.016224008,1.1
1.4,172.9974421,0.014556368,1.2
1.4,170.1923611,0.014574179,1.3
1.4,166.4931019,0.013162518,1.4
1.4,163.284919,0.013847035,1.5
1.4,161.3745949,0.012745658,1.6
1.4,160.8754861,0.01353629,1.7
1.4,158.7861111,0.012856661,1.8
1.4,158.1635648,0.012011463,1.9
1.4,157.4569329,0.012398012,2
1.4,157.3092477,0.011963905,2.1
1.4,154.3800694,0.0113468,2.2
1.4,154.0964931,0.011443749,2.3
1.4,153.2144329,0.012158923,2.4
1.4,153.3025463,0.012159213,2.5
1.4,153.0044097,0.011543963,2.6
1.4,152.3166898,0.011512068,2.7
1.4,151.3111806,0.010723597,2.8
1.4,153.1660995,0.012614598,2.9
1.4,150.8338889,0.011572723,3
1.5,193.2044907,0.017945352,1.1
1.5,188.5071991,0.019083505,1.2
1.5,185.1487963,0.016529967,1.3
1.5,181.1894444,0.016828512,1.4
1.5,179.5275463,0.016429058,1.5
1.5,178.1383681,0.014461105,1.6
1.5,176.9414005,0.017270077,1.7
1.5,176.1688079,0.015454404,1.8
1.5,171.6805787,0.014589407,1.9
1.5,172.632037,0.015224356,2
1.5,171.8794444,0.014196391,2.1
1.5,171.9368866,0.015198147,2.2
1.5,170.4998611,0.014150573,2.3
1.5,170.7987731,0.0143061,2.4
1.5,170.0221181,0.014878435,2.5
1.5,169.0730556,0.014432085,2.6
1.5,167.8231481,0.01385153,2.7
1.5,169.0004167,0.014234154,2.8
1.5,167.0895602,0.014236308,2.9
1.5,167.7175463,0.014969999,3
1.1,153.0032176,0.010896812,1.1
1.1,147.9778588,0.013951185,1.2
1.1,144.1101157,0.0129639,1.3
1.1,142.8916667,0.013174678,1.4
1.1,142.3456829,0.012621229,1.5
1.1,138.9377894,0.01161016,1.6
1.1,139.5063542,0.012031624,1.7
1.1,138.5685069,0.012282762,1.8
1.1,133.9257755,0.01147643,1.9
1.1,135.0191204,0.011565048,2
1.1,133.7680903,0.011694287,2.1
1.1,133.3067361,0.011175886,2.2
1.1,132.8904977,0.011249286,2.3
1.1,132.4446875,0.011354385,2.4
1.1,132.3356481,0.011172548,2.5
1.1,131.3546065,0.011632673,2.6
1.1,130.9110069,0.01073565,2.7
1.1,129.3787847,0.010855834,2.8
1.1,129.9414815,0.010694003,2.9
1.1,128.7648495,0.010481962,3
1.2,166.9048032,0.017532591,1.1
1.2,164.0398611,0.017793116,1.2
1.2,160.2417593,0.01655303,1.3
1.2,156.5105208,0.015195011,1.4
1.2,155.2475926,0.01516551,1.5
1.2,152.8426389,0.01464021,1.6
1.2,151.5669097,0.014361671,1.7
1.2,151.9099537,0.015071137,1.8
1.2,149.2755671,0.014759806,1.9
1.2,148.7482292,0.013936423,2
1.2,147.2722917,0.014406859,2.1
1.2,146.2045949,0.013732317,2.2
1.2,146.5664352,0.014008455,2.3
1.2,145.3822454,0.013513215,2.4
1.2,146.7709375,0.013607341,2.5
1.2,146.2454051,0.013652189,2.6
1.2,143.4295949,0.013413855,2.7
1.2,143.7938079,0.012911721,2.8
1.2,143.9015046,0.012699265,2.9
1.2,144.4453009,0.013391466,3
1.3,184.759213,0.021498257,1.1
1.3,182.4338889,0.021435966,1.2
1.3,178.5134144,0.020968748,1.3
1.3,175.1584606,0.019328249,1.4
1.3,173.2645486,0.019646394,1.5
1.3,170.6020718,0.018828278,1.6
1.3,167.4604167,0.017236864,1.7
1.3,168.2060301,0.018709552,1.8
1.3,167.7303009,0.018065939,1.9
1.3,165.3507407,0.017541366,2
1.3,164.5820023,0.017086563,2.1
1.3,163.6295255,0.018206706,2.2
1.3,162.5710764,0.016639711,2.3
1.3,163.5828356,0.0166764,2.4
1.3,162.6048958,0.017031675,2.5
1.3,162.8953009,0.018008227,2.6
1.3,161.7515741,0.016554632,2.7
1.3,160.6281944,0.017101865,2.8
1.3,161.9985301,0.016735684,2.9
1.3,160.4938657,0.015730426,3
1.4,202.8721412,0.026053491,1.1
1.4,199.6062616,0.024885756,1.2
1.4,196.1289005,0.02385224,1.3
1.4,193.5718056,0.024736936,1.4
1.4,191.4577894,0.024161406,1.5
1.4,190.7716782,0.026327942,1.6
1.4,188.0317824,0.025323208,1.7
1.4,187.8837731,0.025063195,1.8
1.4,185.3160069,0.024647583,1.9
1.4,187.0389005,0.023512639,2
1.4,184.632963,0.023073789,2.1
1.4,182.8314931,0.022053826,2.2
1.4,182.4666782,0.021743534,2.3
1.4,183.4081829,0.020390798,2.4
1.4,182.2050926,0.017768721,2.5
1.4,180.5525347,0.015638634,2.6
1.4,182.1808681,0.01971679,2.7
1.4,182.8478588,0.022106923,2.8
1.4,180.0721759,0.019781049,2.9
1.4,180.9758796,0.023204889,3
1.5,224.6245139,0.032315027,1.1
1.5,220.3069676,0.031539907,1.2
1.5,215.3187847,0.029639298,1.3
1.5,212.6767014,0.030557662,1.4
1.5,211.2808102,0.030141551,1.5
1.5,209.1336227,0.02965746,1.6
1.5,209.7406366,0.030051619,1.7
1.5,206.3039352,0.028273722,1.8
1.5,205.8864236,0.028225715,1.9
1.5,204.997419,0.027370984,2
1.5,203.4205903,0.027724017,2.1
1.5,202.103669,0.027192578,2.2
1.5,201.9996528,0.026441872,2.3
1.5,201.929294,0.026807628,2.4
1.5,202.9444444,0.027573404,2.5
1.5,201.2053009,0.026267272,2.6
1.5,201.8078356,0.027135677,2.7
1.5,200.241169,0.02705729,2.8
1.5,200.970463,0.026695973,2.9
1.5,200.0513542,0.025700299,3
1.1,169.9765278,0.016793745,1.1
1.1,165.2523611,0.017841494,1.2
1.1,161.4415162,0.015723329,1.3
1.1,160.0439583,0.016436923,1.4
1.1,156.9285648,0.015081268,1.5
1.1,155.5679514,0.015356123,1.6
1.1,153.0031019,0.014880737,1.7
1.1,153.5662037,0.014953943,1.8
1.1,151.7723843,0.014053078,1.9
1.1,150.1081597,0.014406928,2
1.1,150.1338657,0.014416136,2.1
1.1,146.8718403,0.013750671,2.2
1.1,147.8194907,0.014286496,2.3
1.1,146.2435417,0.012936376,2.4
1.1,147.0821412,0.012496319,2.5
1.1,145.2158796,0.01265744,2.6
1.1,145.0211111,0.013346226,2.7
1.1,143.3902546,0.012285686,2.8
1.1,142.2696759,0.01251947,2.9
1.1,143.8804745,0.01299863,3
1.2,187.1941551,0.022004697,1.1
1.2,182.3281366,0.022460202,1.2
1.2,180.0404745,0.021172736,1.3
1.2,175.3731597,0.019716732,1.4
1.2,174.9923148,0.019517964,1.5
1.2,171.3001273,0.018851368,1.6
1.2,170.0875926,0.016861964,1.7
1.2,170.4088889,0.017786171,1.8
1.2,167.5664815,0.015824572,1.9
1.2,167.3628588,0.016820216,2
1.2,166.2774421,0.016020375,2.1
1.2,163.632581,0.016276604,2.2
1.2,163.8333218,0.016346323,2.3
1.2,163.9507639,0.015619293,2.4
1.2,162.8709375,0.015328298,2.5
1.2,163.2831019,0.015225122,2.6
1.2,161.2842014,0.014558036,2.7
1.2,161.7111343,0.014433734,2.8
1.2,161.8093056,0.01433278,2.9
1.2,161.6531713,0.015969629,3
1.3,208.1943519,0.025083377,1.1
1.3,203.3595718,0.023009014,1.2
1.3,200.3830093,0.023731357,1.3
1.3,197.2835995,0.022522979,1.4
1.3,195.7395602,0.022116694,1.5
1.3,192.6790741,0.02213918,1.6
1.3,192.5444213,0.020789701,1.7
1.3,189.6665394,0.021514301,1.8
1.3,189.2190162,0.019722452,1.9
1.3,188.6587384,0.021266726,2
1.3,187.4316551,0.020194146,2.1
1.3,185.3016319,0.020188695,2.2
1.3,186.1294676,0.019986039,2.3
1.3,186.21375,0.020774982,2.4
1.3,184.7679051,0.020899207,2.5
1.3,183.6967245,0.019964926,2.6
1.3,183.2754167,0.019650787,2.7
1.3,182.8047106,0.019554048,2.8
1.3,182.2534375,0.019408964,2.9
1.3,182.0009491,0.019113259,3
1.4,230.206169,0.031209567,1.1
1.4,225.5053356,0.031129477,1.2
1.4,222.6569213,0.029397351,1.3
1.4,219.1398264,0.028470363,1.4
1.4,218.1200579,0.028373457,1.5
1.4,215.1568287,0.027457598,1.6
1.4,213.4767593,0.026432814,1.7
1.4,212.8115509,0.025453727,1.8
1.4,211.5762384,0.026302626,1.9
1.4,211.0058796,0.025968822,2
1.4,211.1233912,0.024127064,2.1
1.4,208.8683102,0.021094887,2.2
1.4,207.3531019,0.020673758,2.3
1.4,206.4350231,0.020820207,2.4
1.4,209.0639005,0.02138252,2.5
1.4,206.3013657,0.020572585,2.6
1.4,206.6424537,0.020709737,2.7
1.4,204.7837847,0.020396601,2.8
1.4,205.6650579,0.020720409,2.9
1.4,206.8997685,0.020286501,3
1.5,253.0120255,0.029406352,1.1
1.5,249.3130787,0.028919021,1.2
1.5,244.5197106,0.027718819,1.3
1.5,242.457581,0.027062632,1.4
1.5,241.8271412,0.027259792,1.5
1.5,239.2512384,0.026448525,1.6
1.5,236.6093171,0.025804029,1.7
1.5,235.6495833,0.025573084,1.8
1.5,235.9717361,0.02554229,1.9
1.5,234.7920718,0.025716612,2
1.5,232.7097222,0.025116839,2.1
1.5,230.0988773,0.024319988,2.2
1.5,231.863206,0.024870865,2.3
1.5,231.0701968,0.025076872,2.4
1.5,231.9088426,0.024967334,2.5
1.5,229.7479977,0.024380715,2.6
1.5,230.8755903,0.024759945,2.7
1.5,228.499294,0.024346597,2.8
1.5,228.5046412,0.024159615,2.9
1.5,230.2761343,0.024328034,3
1.1,168.9389005,0.018895666,1.1
1.1,165.3865394,0.018354922,1.2
1.1,162.4308102,0.016687657,1.3
1.1,158.6703819,0.016210329,1.4
1.1,157.6404398,0.01610331,1.5
1.1,154.0176852,0.015483874,1.6
1.1,153.0864236,0.015137504,1.7
1.1,152.7367245,0.014415132,1.8
1.1,153.1473495,0.014669372,1.9
1.1,150.5860532,0.014414237,2
1.1,148.9236574,0.014864656,2.1
1.1,147.6626389,0.014366486,2.2
1.1,146.5469097,0.013259529,2.3
1.1,145.9484375,0.013421789,2.4
1.1,144.9575116,0.013104742,2.5
1.1,144.5534954,0.012770404,2.6
1.1,144.0416667,0.012868857,2.7
1.1,142.4964005,0.013264707,2.8
1.1,142.3128935,0.012516961,2.9
1.1,143.5290625,0.012517791,3
1.2,186.2896528,0.022133106,1.1
1.2,182.0385301,0.022011395,1.2
1.2,178.9235532,0.021214299,1.3
1.2,175.7785764,0.019637528,1.4
1.2,174.5282407,0.019148989,1.5
1.2,172.8948495,0.0187202,1.6
1.2,172.2159722,0.018698755,1.7
1.2,169.3386574,0.018521061,1.8
1.2,167.3593866,0.017954806,1.9
1.2,166.9159722,0.017297219,2
1.2,166.5120718,0.016954471,2.1
1.2,164.680544,0.016732027,2.2
1.2,164.623912,0.017244033,2.3
1.2,163.5878356,0.016941144,2.4
1.2,163.3234375,0.016877388,2.5
1.2,163.3940741,0.016391012,2.6
1.2,160.6547801,0.015860054,2.7
1.2,161.917037,0.017062393,2.8
1.2,161.3372917,0.016663686,2.9
1.2,160.8542708,0.016096601,3
1.3,208.4335764,0.028267741,1.1
1.3,203.4165162,0.026613351,1.2
1.3,199.8249306,0.02583958,1.3
1.3,197.5836111,0.024524951,1.4
1.3,194.8315972,0.024868436,1.5
1.3,193.4559028,0.024420895,1.6
1.3,191.6030208,0.024865444,1.7
1.3,190.8002199,0.023610643,1.8
1.3,189.8473495,0.023895889,1.9
1.3,187.8547222,0.022284919,2
1.3,188.0935995,0.02242467,2.1
1.3,186.1383912,0.02252729,2.2
1.3,184.8689931,0.021549424,2.3
1.3,184.7322454,0.021783025,2.4
1.3,184.8830903,0.021505936,2.5
1.3,183.2714005,0.020955111,2.6
1.3,184.3529977,0.02068651,2.7
1.3,183.3464468,0.020857317,2.8
1.3,182.9262269,0.022329427,2.9
1.3,182.1673611,0.021830104,3
1.4,231.846794,0.03503206,1.1
1.4,225.4493056,0.032229856,1.2
1.4,221.4705093,0.030248836,1.3
1.4,219.8628125,0.031400449,1.4
1.4,217.7694213,0.02692413,1.5
1.4,216.698831,0.026053765,1.6
1.4,214.4997801,0.026067127,1.7
1.4,212.1827778,0.025852283,1.8
1.4,210.1893519,0.025274506,1.9
1.4,210.5678356,0.025001432,2
1.4,210.4231481,0.024070208,2.1
1.4,208.6891204,0.024556865,2.2
1.4,209.1366551,0.024249234,2.3
1.4,206.6657523,0.024549124,2.4
1.4,208.5074769,0.025114101,2.5
1.4,206.5347917,0.02324341,2.6
1.4,205.8324537,0.024139189,2.7
1.4,206.8757986,0.025073088,2.8
1.4,206.1392361,0.02447861,2.9
1.4,205.6354282,0.02406895,3
1.5,252.8528819,0.036029715,1.1
1.5,247.6635532,0.035034287,1.2
1.5,245.8297222,0.034064149,1.3
1.5,243.183831,0.034340929,1.4
1.5,240.9079051,0.032828744,1.5
1.5,237.6735648,0.030645574,1.6
1.5,237.4928472,0.031914922,1.7
1.5,235.1299306,0.032640429,1.8
1.5,234.7665162,0.029875682,1.9
1.5,234.6691667,0.031419054,2
1.5,233.0815394,0.030789804,2.1
1.5,231.9440856,0.030703094,2.2
1.5,232.9372454,0.030608494,2.3
1.5,231.9982407,0.030121319,2.4
1.5,232.064838,0.030365471,2.5
1.5,229.1554051,0.029240439,2.6
1.5,229.9041435,0.029611817,2.7
1.5,229.8473495,0.029080978,2.8
1.5,229.3637847,0.025155713,2.9
1.5,229.5443634,0.025327736,3
1.1,170.9359954,0.015845563,1.1
1.1,163.6640856,0.016607073,1.2
1.1,162.2157407,0.015666096,1.3
1.1,158.3421528,0.015597375,1.4
1.1,157.4569792,0.014630037,1.5
1.1,155.8896759,0.015018299,1.6
1.1,154.1204861,0.014262132,1.7
1.1,152.3044907,0.014272744,1.8
1.1,150.1489352,0.013641291,1.9
1.1,149.6145949,0.013573499,2
1.1,149.3206597,0.013597539,2.1
1.1,148.112662,0.013780651,2.2
1.1,147.0602894,0.013069752,2.3
1.1,146.2404051,0.012839996,2.4
1.1,145.5667361,0.013492149,2.5
1.1,144.9610648,0.012798492,2.6
1.1,145.0684606,0.012967676,2.7
1.1,143.7980671,0.012509217,2.8
1.1,143.1430556,0.011993745,2.9
1.1,142.7995833,0.012541101,3
1.2,187.25125,0.021450027,1.1
1.2,181.7198032,0.020076764,1.2
1.2,179.8919213,0.020478646,1.3
1.2,176.6767708,0.019486577,1.4
1.2,173.722581,0.019186125,1.5
1.2,171.719838,0.0179802,1.6
1.2,171.1380903,0.01795105,1.7
1.2,168.5916782,0.017297817,1.8
1.2,168.9918866,0.018070767,1.9
1.2,166.6185995,0.01741395,2
1.2,165.3192014,0.017097138,2.1
1.2,165.648287,0.016917034,2.2
1.2,163.9233218,0.017142007,2.3
1.2,162.8685417,0.015754135,2.4
1.2,163.975463,0.016533825,2.5
1.2,162.417037,0.016516964,2.6
1.2,162.6406713,0.016204785,2.7
1.2,162.4975231,0.016008432,2.8
1.2,161.9554977,0.016717761,2.9
1.2,161.3675116,0.016491483,3
1.3,207.841412,0.026307753,1.1
1.3,203.5377315,0.026023003,1.2
1.3,200.2931019,0.025620786,1.3
1.3,196.625544,0.02368223,1.4
1.3,195.2702199,0.022762867,1.5
1.3,194.2459028,0.02287128,1.6
1.3,192.2342361,0.022771012,1.7
1.3,189.9394676,0.023380752,1.8
1.3,189.9305324,0.024955828,1.9
1.3,187.8206944,0.023497342,2
1.3,186.6934491,0.02266248,2.1
1.3,187.8991204,0.024187864,2.2
1.3,185.1415162,0.022480144,2.3
1.3,183.7748611,0.020990164,2.4
1.3,184.7594907,0.021462127,2.5
1.3,183.5285185,0.019533936,2.6
1.3,183.0679977,0.016258766,2.7
1.3,182.7871065,0.016489344,2.8
1.3,182.5805787,0.02212641,2.9
1.3,182.7795602,0.019422032,3
1.4,230.2707292,0.042246028,1.1
1.4,225.6590046,0.039106046,1.2
1.4,222.5393056,0.036376783,1.3
1.4,219.113669,0.035444602,1.4
1.4,217.7694907,0.035433959,1.5
1.4,217.1954051,0.035346299,1.6
1.4,214.9810069,0.030043153,1.7
1.4,212.7355093,0.022168649,1.8
1.4,210.7546412,0.021474388,1.9
1.4,211.3304977,0.020988915,2
1.4,210.6290625,0.035604944,2.1
1.4,208.934213,0.034670762,2.2
1.4,207.9928472,0.033410057,2.3
1.4,208.623206,0.032587493,2.4
1.4,206.9428935,0.032473101,2.5
1.4,208.0474769,0.032791732,2.6
1.4,206.8908912,0.033720883,2.7
1.4,207.1365972,0.024072091,2.8
1.4,206.2864468,0.020607889,2.9
1.4,206.0642361,0.020411351,3
1.5,254.1170486,0.052060173,1.1
1.5,247.2553125,0.047834229,1.2
1.5,245.7541782,0.04707728,1.3
1.5,243.2050347,0.044407229,1.4
1.5,239.2033565,0.043918303,1.5
1.5,240.8323958,0.031442475,1.6
1.5,238.6334838,0.027410018,1.7
1.5,235.2313889,0.026401474,1.8
1.5,233.5916667,0.024928025,1.9
1.5,234.121794,0.024445329,2
1.5,232.3553241,0.043473977,2.1
1.5,231.928287,0.040171149,2.2
1.5,230.7333565,0.038745621,2.3
1.5,232.0345833,0.039092823,2.4
1.5,231.5565278,0.038812436,2.5
1.5,229.3233912,0.039818396,2.6
1.5,230.4841782,0.027364548,2.7
1.5,227.6816551,0.025004558,2.8
1.5,231.1746759,0.025193341,2.9
1.5,228.9694329,0.024042534,3
1.1,175.6156713,0.013685314,1.1
1.1,170.9417708,0.013174799,1.2
1.1,167.4949884,0.01251711,1.3
1.1,163.7829398,0.011991535,1.4
1.1,160.8328935,0.011528728,1.5
1.1,157.9680787,0.010996183,1.6
1.1,157.5166551,0.010905016,1.7
1.1,155.4710764,0.010661588,1.8
1.1,154.494919,0.010144944,1.9
1.1,153.055706,0.009832689,2
1.1,152.2815278,0.009753526,2.1
1.1,149.9558912,0.009485473,2.2
1.1,148.9586343,0.009366092,2.3
1.1,146.921794,0.008952246,2.4
1.1,148.1005903,0.009080368,2.5
1.1,146.2516898,0.009079369,2.6
1.1,146.8316319,0.009001894,2.7
1.1,145.2864931,0.008828757,2.8
1.1,144.0179745,0.008585517,2.9
1.1,146.1805903,0.008964174,3
1.2,194.4569097,0.016247649,1.1
1.2,188.5259028,0.015158286,1.2
1.2,185.957581,0.014788416,1.3
1.2,181.9654282,0.014273598,1.4
1.2,180.435544,0.013755548,1.5
1.2,178.0748958,0.013513542,1.6
1.2,176.2037037,0.013331183,1.7
1.2,174.214294,0.013063135,1.8
1.2,173.2317824,0.01275688,1.9
1.2,171.7259028,0.012549167,2
1.2,171.7229977,0.012649663,2.1
1.2,169.4763426,0.012210658,2.2
1.2,168.5059722,0.01212115,2.3
1.2,167.2810417,0.011991756,2.4
1.2,166.7628472,0.011843916,2.5
1.2,166.5832176,0.011870085,2.6
1.2,166.5414931,0.011817144,2.7
1.2,166.5487269,0.011875204,2.8
1.2,165.1052546,0.011336323,2.9
1.2,165.8327778,0.011656345,3
1.3,216.5292245,0.019997273,1.1
1.3,212.4546644,0.019384835,1.2
1.3,209.2305903,0.018852505,1.3
1.3,206.3711458,0.01818522,1.4
1.3,202.719213,0.017636767,1.5
1.3,201.9412616,0.017439184,1.6
1.3,198.0562616,0.01661976,1.7
1.3,197.7665162,0.016231295,1.8
1.3,196.0336921,0.016045932,1.9
1.3,195.1664815,0.017985976,2
1.3,193.6868287,0.017046969,2.1
1.3,191.8021412,0.016254689,2.2
1.3,191.8162384,0.016452733,2.3
1.3,191.2937963,0.016233583,2.4
1.3,190.2191088,0.015807249,2.5
1.3,191.0812037,0.015688406,2.6
1.3,190.3687037,0.015416978,2.7
1.3,189.0746644,0.015223321,2.8
1.3,191.4582986,0.015551106,2.9
1.3,188.8591204,0.015241389,3
1.4,240.7202199,0.02749804,1.1
1.4,236.6305671,0.025456911,1.2
1.4,233.7842361,0.024699245,1.3
1.4,229.2690394,0.023851404,1.4
1.4,227.1946528,0.022579089,1.5
1.4,225.373206,0.02219573,1.6
1.4,223.148044,0.021817988,1.7
1.4,223.3043287,0.021843634,1.8
1.4,221.316412,0.020837275,1.9
1.4,219.1210764,0.020170086,2
1.4,218.5900694,0.022643441,2.1
1.4,218.4332176,0.021371734,2.2
1.4,218.2928241,0.021289402,2.3
1.4,216.3914005,0.021009148,2.4
1.4,216.3301968,0.020658073,2.5
1.4,216.0968171,0.019963288,2.6
1.4,216.2082755,0.020020157,2.7
1.4,215.964375,0.020016524,2.8
1.4,215.1356944,0.019783973,2.9
1.4,212.6376273,0.019244104,3
1.5,266.8810185,0.033135455,1.1
1.5,262.721331,0.031149138,1.2
1.5,259.1634028,0.030223694,1.3
1.5,256.3809144,0.028444211,1.4
1.5,253.8624653,0.027933102,1.5
1.5,252.0394792,0.027654327,1.6
1.5,250.7564005,0.026770951,1.7
1.5,249.0120949,0.026094094,1.8
1.5,246.7007176,0.025609769,1.9
1.5,244.9096991,0.02563868,2
1.5,245.2326736,0.028010673,2.1
1.5,246.0808449,0.027470287,2.2
1.5,243.3430208,0.026590276,2.3
1.5,242.1609606,0.025764544,2.4
1.5,242.1323611,0.025363807,2.5
1.5,241.5091551,0.025224862,2.6
1.5,242.500787,0.025432241,2.7
1.5,239.6969444,0.02447258,2.8
1.5,240.4302662,0.023985351,2.9
1.5,241.4350463,0.024472948,3
1.1,178.5387384,0.014353969,1.1
1.1,172.6617477,0.013793706,1.2
1.1,169.4295602,0.011873477,1.3
1.1,166.2344329,0.011132367,1.4
1.1,164.5358681,0.011895515,1.5
1.1,162.2487616,0.011449424,1.6
1.1,161.0874074,0.011433895,1.7
1.1,157.8772106,0.010996158,1.8
1.1,158.3332755,0.010650239,1.9
1.1,156.7817477,0.009758273,2
1.1,155.9649306,0.009789034,2.1
1.1,154.9056713,0.009753375,2.2
1.1,154.6054167,0.009610114,2.3
1.1,152.2863542,0.009095662,2.4
1.1,152.8105787,0.009293395,2.5
1.1,153.579537,0.009307325,2.6
1.1,151.2803935,0.009413475,2.7
1.1,151.7220833,0.009213828,2.8
1.1,152.2593866,0.009063959,2.9
1.1,151.2486343,0.009118682,3
1.2,195.6119444,0.015335708,1.1
1.2,190.6777431,0.014560667,1.2
1.2,188.7002431,0.014411733,1.3
1.2,183.7053935,0.01359173,1.4
1.2,183.2875116,0.013830871,1.5
1.2,179.4847338,0.012857686,1.6
1.2,179.5136227,0.013757736,1.7
1.2,178.1464352,0.012785446,1.8
1.2,176.0123148,0.012058441,1.9
1.2,175.4812731,0.012653467,2
1.2,175.4992477,0.012148873,2.1
1.2,172.0928009,0.011959583,2.2
1.2,172.624294,0.011851056,2.3
1.2,172.3748264,0.012434357,2.4
1.2,171.8684259,0.011809828,2.5
1.2,172.6137153,0.012240319,2.6
1.2,171.5179051,0.011739966,2.7
1.2,170.6429514,0.011627776,2.8
1.2,170.2152199,0.012281458,2.9
1.2,169.4744907,0.011343483,3
1.3,219.3050231,0.019607274,1.1
1.3,214.4208565,0.019199979,1.2
1.3,211.2283912,0.018158912,1.3
1.3,207.5741088,0.018193748,1.4
1.3,205.7920602,0.017109614,1.5
1.3,202.8204167,0.016418448,1.6
1.3,200.8431481,0.015666586,1.7
1.3,200.2333449,0.016044993,1.8
1.3,198.9020486,0.015814114,1.9
1.3,199.009537,0.01503758,2
1.3,198.1428241,0.01561358,2.1
1.3,197.9559259,0.015414098,2.2
1.3,196.4980556,0.015575059,2.3
1.3,196.0777894,0.015389698,2.4
1.3,193.8373148,0.015472956,2.5
1.3,193.9912153,0.016072865,2.6
1.3,193.8368519,0.015268596,2.7
1.3,194.0527546,0.015264028,2.8
1.3,194.2252546,0.015363009,2.9
1.3,192.3116319,0.015232883,3
1.4,243.1422222,0.023610787,1.1
1.4,241.0303704,0.023263962,1.2
1.4,234.3884375,0.021954976,1.3
1.4,231.6320833,0.021980032,1.4
1.4,229.1659491,0.021198577,1.5
1.4,227.8096296,0.021164459,1.6
1.4,225.383831,0.020021633,1.7
1.4,224.7674537,0.020499105,1.8
1.4,223.5066667,0.019953598,1.9
1.4,223.2078472,0.019764573,2
1.4,221.1114583,0.019264413,2.1
1.4,220.6097569,0.020292295,2.2
1.4,219.2870486,0.019064932,2.3
1.4,220.1130208,0.020310489,2.4
1.4,218.9871991,0.019553875,2.5
1.4,217.863287,0.018638326,2.6
1.4,217.0877315,0.018239931,2.7
1.4,218.5143634,0.018728423,2.8
1.4,216.9320255,0.018707066,2.9
1.4,217.9897454,0.01931679,3
1.5,267.8811343,0.028657276,1.1
1.5,264.364456,0.027113167,1.2
1.5,260.6709028,0.027448511,1.3
1.5,257.5745949,0.024802005,1.4
1.5,255.5176852,0.023602719,1.5
1.5,253.2260648,0.023350506,1.6
1.5,251.9763079,0.022324612,1.7
1.5,247.5575926,0.021621309,1.8
1.5,248.094213,0.022502724,1.9
1.5,248.6711111,0.022211337,2
1.5,247.4856366,0.022602289,2.1
1.5,244.0982639,0.022952706,2.2
1.5,244.2479977,0.022543802,2.3
1.5,244.8668634,0.02128072,2.4
1.5,244.473831,0.02115037,2.5
1.5,244.5288194,0.022340151,2.6
1.5,243.6337384,0.021418096,2.7
1.5,244.4643519,0.021970745,2.8
1.5,243.0125116,0.021509689,2.9
1.5,244.3842477,0.022151933,3
1.1,169.7678009,0.013038233,1.1
1.1,166.3928819,0.014248929,1.2
1.1,162.8765509,0.013134357,1.3
1.1,159.6122454,0.012959444,1.4
1.1,159.2385185,0.013281209,1.5
1.1,156.6602199,0.012593531,1.6
1.1,156.6146644,0.012622866,1.7
1.1,155.1467708,0.012622677,1.8
1.1,154.9134838,0.012264624,1.9
1.1,154.7275579,0.011761866,2
1.1,152.8143981,0.012254542,2.1
1.1,152.08375,0.012082457,2.2
1.1,151.3431134,0.011864069,2.3
1.1,150.1104745,0.011339558,2.4
1.1,149.7407755,0.011630774,2.5
1.1,149.7615046,0.011198253,2.6
1.1,150.040706,0.011325311,2.7
1.1,148.7928588,0.010837472,2.8
1.1,148.5568403,0.010696055,2.9
1.1,148.2260069,0.010783714,3
1.2,187.3147222,0.017772162,1.1
1.2,183.1232407,0.017049118,1.2
1.2,181.2661458,0.016400825,1.3
1.2,176.9798727,0.016648942,1.4
1.2,176.554213,0.015351899,1.5
1.2,175.696875,0.015923252,1.6
1.2,174.4805903,0.015445841,1.7
1.2,173.9853356,0.015550116,1.8
1.2,173.2417477,0.015298425,1.9
1.2,172.5974074,0.015342051,2
1.2,172.2940394,0.015328033,2.1
1.2,170.5386921,0.014959215,2.2
1.2,169.2790856,0.014310162,2.3
1.2,169.8507986,0.015165373,2.4
1.2,169.0676968,0.015469763,2.5
1.2,168.7796759,0.014643259,2.6
1.2,168.8589005,0.015704745,2.7
1.2,168.0425231,0.015317832,2.8
1.2,168.0982523,0.014474079,2.9
1.2,167.7267708,0.014525776,3
1.3,210.5310069,0.023523838,1.1
1.3,206.6359259,0.021601413,1.2
1.3,203.1255556,0.020587253,1.3
1.3,200.724456,0.020147766,1.4
1.3,199.2346412,0.020887746,1.5
1.3,198.205544,0.020303245,1.6
1.3,196.5396296,0.020132072,1.7
1.3,196.6166319,0.019633717,1.8
1.3,195.9134606,0.019082047,1.9
1.3,193.479375,0.019428172,2
1.3,193.7213426,0.019277099,2.1
1.3,192.941713,0.01977999,2.2
1.3,193.2663889,0.018962467,2.3
1.3,192.2812847,0.020102806,2.4
1.3,191.6758681,0.019104291,2.5
1.3,191.3980787,0.018514799,2.6
1.3,190.3637616,0.018769541,2.7
1.3,191.2052083,0.019903357,2.8
1.3,190.4903125,0.020591976,2.9
1.3,190.8844097,0.021096411,3
1.4,232.8882407,0.03160336,1.1
1.4,230.1542593,0.030812764,1.2
1.4,227.0778241,0.02835674,1.3
1.4,224.5129282,0.02755318,1.4
1.4,223.5321528,0.027447273,1.5
1.4,221.6478356,0.029067612,1.6
1.4,221.1454282,0.028750592,1.7
1.4,218.8092477,0.027967328,1.8
1.4,219.2259954,0.027948144,1.9
1.4,217.1099769,0.027220785,2
1.4,217.7008449,0.023939406,2.1
1.4,215.9083449,0.025460003,2.2
1.4,216.6916667,0.027344873,2.3
1.4,214.9277199,0.023678377,2.4
1.4,216.1735648,0.02406377,2.5
1.4,216.2528009,0.025630692,2.6
1.4,215.4068634,0.029540207,2.7
1.4,214.7539468,0.02740379,2.8
1.4,214.4780556,0.026880289,2.9
1.4,213.8972222,0.026993138,3
1.5,256.9944213,0.038821785,1.1
1.5,254.1695602,0.037457469,1.2
1.5,250.5348727,0.035735304,1.3
1.5,249.4665394,0.034440919,1.4
1.5,247.4966435,0.030857728,1.5
1.5,245.3666551,0.035048489,1.6
1.5,244.2724421,0.030581743,1.7
1.5,243.9336574,0.03019389,1.8
1.5,241.8792824,0.036579687,1.9
1.5,242.0403704,0.034935838,2
1.5,241.8577199,0.034604543,2.1
1.5,241.3741898,0.031009772,2.2
1.5,241.1475347,0.030655752,2.3
1.5,241.2170602,0.029501791,2.4
1.5,239.0757639,0.024130036,2.5
1.5,238.1470023,0.022241392,2.6
1.5,240.2526389,0.022126512,2.7
1.5,240.1081944,0.022188059,2.8
1.5,238.793206,0.021518618,2.9
1.5,238.8493287,0.021043186,3
1.1,152.9338426,0.012343178,1.1
1.1,149.0060417,0.011413114,1.2
1.1,146.6910648,0.011007898,1.3
1.1,144.5433218,0.011068017,1.4
1.1,142.2792824,0.010379275,1.5
1.1,142.3530556,0.011171896,1.6
1.1,140.3499884,0.010254505,1.7
1.1,138.64875,0.009874424,1.8
1.1,138.8554977,0.010213978,1.9
1.1,137.5311458,0.010327731,2
1.1,137.9799074,0.009905734,2.1
1.1,135.5359722,0.009838748,2.2
1.1,135.7880787,0.009899626,2.3
1.1,134.461713,0.009674678,2.4
1.1,133.6010069,0.009427138,2.5
1.1,133.7193634,0.009144626,2.6
1.1,134.1563889,0.009349245,2.7
1.1,133.3919444,0.009518705,2.8
1.1,132.6190162,0.009289285,2.9
1.1,132.7075694,0.009107173,3
1.2,169.068588,0.015013746,1.1
1.2,166.2069907,0.015005268,1.2
1.2,163.9377778,0.014301899,1.3
1.2,160.4791319,0.014228901,1.4
1.2,159.6866898,0.013614303,1.5
1.2,158.5860648,0.01288138,1.6
1.2,157.3835185,0.013383082,1.7
1.2,155.3736343,0.012675039,1.8
1.2,155.6988889,0.012355286,1.9
1.2,154.536412,0.012456509,2
1.2,154.9145255,0.012420077,2.1
1.2,151.7384259,0.012193242,2.2
1.2,153.188044,0.011748516,2.3
1.2,152.7771759,0.012181433,2.4
1.2,151.8638426,0.011816518,2.5
1.2,151.9820949,0.011936507,2.6
1.2,151.6263889,0.012253986,2.7
1.2,150.5175,0.011976415,2.8
1.2,150.3692477,0.011953368,2.9
1.2,149.8479282,0.011720925,3
1.3,189.6325231,0.018999803,1.1
1.3,185.9083218,0.018024864,1.2
1.3,183.1301505,0.017734435,1.3
1.3,181.5112616,0.017344959,1.4
1.3,179.5394329,0.01756702,1.5
1.3,177.7072801,0.016845951,1.6
1.3,177.3529514,0.01690237,1.7
1.3,175.8579398,0.015184473,1.8
1.3,175.0683912,0.014618287,1.9
1.3,175.64375,0.014932806,2
1.3,173.8525231,0.014626475,2.1
1.3,173.2873727,0.01444609,2.2
1.3,174.0658681,0.014610267,2.3
1.3,172.2441319,0.014302092,2.4
1.3,171.7959259,0.014062535,2.5
1.3,173.0205208,0.01444446,2.6
1.3,171.6283102,0.01425816,2.7
1.3,171.8059028,0.014027627,2.8
1.3,171.4569676,0.014003736,2.9
1.3,170.5700694,0.014023497,3
1.4,210.8387037,0.020706497,1.1
1.4,207.9545718,0.020250579,1.2
1.4,206.0083102,0.020178688,1.3
1.4,203.0745023,0.019270634,1.4
1.4,201.1370139,0.018982619,1.5
1.4,199.5449421,0.018821085,1.6
1.4,198.7271296,0.018515612,1.7
1.4,198.370463,0.018314192,1.8
1.4,196.9692245,0.01799987,1.9
1.4,195.9981944,0.017922659,2
1.4,196.0450463,0.01775238,2.1
1.4,196.527037,0.017872076,2.2
1.4,194.9507986,0.017742275,2.3
1.4,196.1381944,0.017758338,2.4
1.4,194.3015162,0.017515163,2.5
1.4,194.0234838,0.017675419,2.6
1.4,192.1604977,0.01716974,2.7
1.4,192.7109375,0.01725089,2.8
1.4,194.1186921,0.017565524,2.9
1.4,192.0862616,0.0169322,3
1.5,233.6466782,0.025382304,1.1
1.5,229.2583565,0.024635552,1.2
1.5,227.365625,0.024393917,1.3
1.5,224.9208912,0.023867434,1.4
1.5,223.3301157,0.023389777,1.5
1.5,222.2881829,0.023065651,1.6
1.5,220.9265741,0.022890762,1.7
1.5,220.6413773,0.022487833,1.8
1.5,217.3289005,0.022036076,1.9
1.5,219.3547569,0.022318032,2
1.5,217.782963,0.02197112,2.1
1.5,217.0906019,0.021807177,2.2
1.5,216.4959144,0.021720982,2.3
1.5,215.9408102,0.021554717,2.4
1.5,215.3259722,0.021061082,2.5
1.5,214.2945255,0.020849386,2.6
1.5,214.8437963,0.020718647,2.7
1.5,215.5691667,0.021359574,2.8
1.5,216.1678241,0.021269045,2.9
1.5,215.241331,0.023257949,3
1.1,163.5739815,0.017982128,1.1
1.1,159.2317361,0.016596243,1.2
1.1,156.2438773,0.014830489,1.3
1.1,152.8909722,0.014863957,1.4
1.1,152.2821759,0.014966623,1.5
1.1,150.8807755,0.01486063,1.6
1.1,150.0207292,0.014384774,1.7
1.1,146.5930208,0.013285912,1.8
1.1,147.5406019,0.013063588,1.9
1.1,146.330463,0.0124654,2
1.1,144.6408681,0.012503666,2.1
1.1,144.5404167,0.012568872,2.2
1.1,144.7540625,0.01255725,2.3
1.1,143.8119676,0.012293674,2.4
1.1,141.8181134,0.011964661,2.5
1.1,143.4874537,0.011910631,2.6
1.1,142.2256829,0.012047627,2.7
1.1,142.2834954,0.012573656,2.8
1.1,140.8715162,0.01202193,2.9
1.1,140.4328704,0.011506142,3
1.2,180.7390972,0.01935296,1.1
1.2,177.1354745,0.018362162,1.2
1.2,176.6109144,0.018624638,1.3
1.2,172.6078125,0.018056596,1.4
1.2,171.6864815,0.01777917,1.5
1.2,168.523125,0.016968067,1.6
1.2,168.6126157,0.016598973,1.7
1.2,168.0770949,0.017041901,1.8
1.2,166.1129977,0.017098235,1.9
1.2,164.6369444,0.015936098,2
1.2,164.9336806,0.015939286,2.1
1.2,163.5934838,0.015635468,2.2
1.2,163.1249769,0.016222977,2.3
1.2,163.1493634,0.015771087,2.4
1.2,162.6380093,0.015840166,2.5
1.2,162.4666204,0.015613836,2.6
1.2,160.8337847,0.015891582,2.7
1.2,160.593669,0.014903667,2.8
1.2,160.230787,0.014809373,2.9
1.2,160.4226968,0.0154514,3
1.3,202.9791782,0.025027752,1.1
1.3,200.4387269,0.024581914,1.2
1.3,197.600625,0.022762378,1.3
1.3,195.0739468,0.022996673,1.4
1.3,194.0587963,0.022924139,1.5
1.3,192.6437731,0.022856923,1.6
1.3,191.1810301,0.022167569,1.7
1.3,191.2189815,0.022443385,1.8
1.3,189.0742245,0.021681005,1.9
1.3,187.7310648,0.020770034,2
1.3,187.1152546,0.021047388,2.1
1.3,186.0695023,0.020516976,2.2
1.3,185.6487269,0.020410683,2.3
1.3,186.3665162,0.021744515,2.4
1.3,185.7680556,0.0213367,2.5
1.3,185.2197801,0.020628513,2.6
1.3,184.681956,0.020992747,2.7
1.3,184.0484491,0.019892825,2.8
1.3,184.1380787,0.020007453,2.9
1.3,184.4297338,0.020510011,3
1.4,227.8640509,0.031838394,1.1
1.4,224.3029861,0.030249919,1.2
1.4,221.578831,0.029076327,1.3
1.4,220.0212384,0.030377513,1.4
1.4,217.7350347,0.029793776,1.5
1.4,217.2389352,0.029211958,1.6
1.4,214.9098148,0.028941438,1.7
1.4,212.9077431,0.025022845,1.8
1.4,212.3997454,0.023783649,1.9
1.4,212.4054514,0.023974346,2
1.4,211.8675926,0.024790384,2.1
1.4,209.6102083,0.02302992,2.2
1.4,209.9144792,0.024326353,2.3
1.4,209.6773148,0.02397871,2.4
1.4,209.1298611,0.023593653,2.5
1.4,206.593912,0.023092941,2.6
1.4,207.5333796,0.022745457,2.7
1.4,209.1744907,0.023292259,2.8
1.4,207.1664468,0.022672239,2.9
1.4,207.0506597,0.022392556,3
1.5,251.2931366,0.033712771,1.1
1.5,249.1985532,0.032645941,1.2
1.5,246.8931944,0.033817096,1.3
1.5,243.1340856,0.03221933,1.4
1.5,241.5376505,0.030216837,1.5
1.5,240.3321759,0.030821924,1.6
1.5,239.3533333,0.030865201,1.7
1.5,237.5543519,0.030066053,1.8
1.5,238.0046759,0.030897326,1.9
1.5,238.0267014,0.02965972,2
1.5,236.9640509,0.030159997,2.1
1.5,234.998206,0.029352271,2.2
1.5,232.924294,0.028035819,2.3
1.5,233.5185417,0.029106941,2.4
1.5,234.8559838,0.029171794,2.5
1.5,233.4544792,0.030177101,2.6
1.5,233.1615394,0.029704219,2.7
1.5,233.4343403,0.029750149,2.8
1.5,231.2832292,0.028261077,2.9
1.5,232.8305324,0.029185951,3
1.1,184.3063542,0.020806629,1.1
1.1,179.875162,0.020411627,1.2
1.1,176.7847222,0.019740818,1.3
1.1,174.2685764,0.018723729,1.4
1.1,173.3652662,0.018860244,1.5
1.1,170.4677431,0.018344579,1.6
1.1,169.3412037,0.017674834,1.7
1.1,166.9868171,0.017201696,1.8
1.1,167.4179167,0.017624757,1.9
1.1,167.4420602,0.017556808,2
1.1,166.0406134,0.017055868,2.1
1.1,164.9946991,0.016948546,2.2
1.1,163.428044,0.016424061,2.3
1.1,161.9991898,0.016406374,2.4
1.1,162.3303125,0.016091064,2.5
1.1,160.9439236,0.0162267,2.6
1.1,161.056169,0.015921077,2.7
1.1,160.1192361,0.015964275,2.8
1.1,161.7152315,0.016402389,2.9
1.1,159.6078935,0.015976284,3
1.2,205.1345718,0.026162515,1.1
1.2,201.2298843,0.025550163,1.2
1.2,197.6797222,0.025792593,1.3
1.2,195.1159722,0.024719222,1.4
1.2,193.6863079,0.024606805,1.5
1.2,191.8795139,0.023976451,1.6
1.2,191.2114931,0.023095071,1.7
1.2,189.1735417,0.022540216,1.8
1.2,188.3053588,0.022447956,1.9
1.2,186.2064583,0.022848342,2
1.2,186.2392824,0.021286273,2.1
1.2,186.3125347,0.021510389,2.2
1.2,184.5711227,0.021238492,2.3
1.2,184.1828935,0.021117297,2.4
1.2,182.3403356,0.020677178,2.5
1.2,183.4226968,0.020875843,2.6
1.2,182.5468634,0.02095716,2.7
1.2,182.7835995,0.022982112,2.8
1.2,181.6290278,0.022771634,2.9
1.2,180.6040162,0.022574127,3
1.3,228.3582755,0.035182793,1.1
1.3,227.5227315,0.033747393,1.2
1.3,222.7515741,0.033167988,1.3
1.3,220.2706134,0.030218492,1.4
1.3,218.2786806,0.029468957,1.5
1.3,216.3217708,0.02841465,1.6
1.3,214.8302894,0.028454716,1.7
1.3,215.1109028,0.02879033,1.8
1.3,213.7755671,0.028445228,1.9
1.3,211.7218171,0.027788709,2
1.3,212.0301505,0.027879266,2.1
1.3,209.4210648,0.027154384,2.2
1.3,210.184537,0.028165283,2.3
1.3,209.4665741,0.026879222,2.4
1.3,208.8948264,0.027139897,2.5
1.3,208.30125,0.027788887,2.6
1.3,208.4165856,0.026203658,2.7
1.3,207.5576968,0.026732983,2.8
1.3,207.5565162,0.026634821,2.9
1.3,209.0705903,0.027310076,3
1.4,255.5130093,0.039500702,1.1
1.4,251.6839699,0.039478464,1.2
1.4,248.8203704,0.038627565,1.3
1.4,246.6297338,0.037506585,1.4
1.4,243.9973958,0.036557047,1.5
1.4,242.6680208,0.036851981,1.6
1.4,242.4950116,0.036082949,1.7
1.4,240.972419,0.035494448,1.8
1.4,240.5049074,0.03574737,1.9
1.4,239.8773495,0.036379977,2
1.4,237.1498264,0.035016554,2.1
1.4,236.2067824,0.03404684,2.2
1.4,236.3445255,0.03521402,2.3
1.4,235.831713,0.033468986,2.4
1.4,236.1195139,0.034812263,2.5
1.4,234.5020023,0.033609632,2.6
1.4,234.3358449,0.032392442,2.7
1.4,233.8599421,0.030494903,2.8
1.4,234.3616204,0.02995964,2.9
1.4,232.8917014,0.029173277,3
1.5,282.0187037,0.043740498,1.1
1.5,279.7836574,0.043055974,1.2
1.5,276.4908912,0.04126233,1.3
1.5,273.6892824,0.041971558,1.4
1.5,271.7808796,0.039525254,1.5
1.5,269.7786574,0.039764095,1.6
1.5,267.9116551,0.038687314,1.7
1.5,266.9890162,0.039024547,1.8
1.5,267.04875,0.038789288,1.9
1.5,264.9584722,0.038398104,2
1.5,265.5309954,0.037908437,2.1
1.5,263.0948843,0.037242474,2.2
1.5,263.6888889,0.038055467,2.3
1.5,263.852581,0.038253128,2.4
1.5,262.5896181,0.037104609,2.5
1.5,262.2258912,0.037348201,2.6
1.5,262.3418403,0.036299073,2.7
1.5,260.3872801,0.036731268,2.8
1.5,261.366794,0.036795159,2.9
1.5,261.9937847,0.037221024,3
1.1,199.2585185,0.019647716,1.1
1.1,193.7808681,0.017735816,1.2
1.1,189.401169,0.01601268,1.3
1.1,185.7718403,0.015526841,1.4
1.1,183.6698727,0.01526959,1.5
1.1,180.248831,0.014442266,1.6
1.1,179.2543519,0.014497984,1.7
1.1,177.5951505,0.013974553,1.8
1.1,175.1323495,0.013665801,1.9
1.1,174.4828241,0.013591627,2
1.1,174.5532407,0.013271515,2.1
1.1,173.1442361,0.012793621,2.2
1.1,171.5960185,0.012517853,2.3
1.1,170.7603819,0.012465167,2.4
1.1,168.7691088,0.012190463,2.5
1.1,168.1826273,0.012067766,2.6
1.1,168.4861111,0.012093739,2.7
1.1,167.2757407,0.011776322,2.8
1.1,166.7961921,0.011834689,2.9
1.1,165.5312616,0.011598083,3
1.2,219.5786574,0.02085459,1.1
1.2,215.6839005,0.020219378,1.2
1.2,211.6631829,0.019476725,1.3
1.2,208.5583218,0.018889656,1.4
1.2,205.7233796,0.018355025,1.5
1.2,203.9378472,0.017952861,1.6
1.2,202.2325463,0.017860705,1.7
1.2,199.9941551,0.017219476,1.8
1.2,198.2813657,0.017059743,1.9
1.2,197.6788426,0.016989825,2
1.2,197.0111111,0.01683756,2.1
1.2,195.5347569,0.016519414,2.2
1.2,193.58875,0.016152126,2.3
1.2,194.6721759,0.016265985,2.4
1.2,193.8940972,0.016058103,2.5
1.2,193.1074769,0.016026788,2.6
1.2,192.706331,0.015885135,2.7
1.2,191.5778356,0.015717338,2.8
1.2,190.7662963,0.015616814,2.9
1.2,192.4042708,0.015905708,3
1.3,246.254838,0.025982679,1.1
1.3,242.1503935,0.024891821,1.2
1.3,237.8512153,0.02421587,1.3
1.3,236.490787,0.026154522,1.4
1.3,232.5304514,0.03114781,1.5
1.3,229.7728935,0.031146952,1.6
1.3,229.2305556,0.033603539,1.7
1.3,228.7560648,0.035789248,1.8
1.3,226.8790046,0.033492319,1.9
1.3,225.1685532,0.029403244,2
1.3,225.0601852,0.030739418,2.1
1.3,223.7203356,0.032662624,2.2
1.3,222.6328935,0.030895626,2.3
1.3,221.2446759,0.028473808,2.4
1.3,220.8682523,0.029164244,2.5
1.3,221.1765625,0.030165659,2.6
1.3,220.5678472,0.032514959,2.7
1.3,221.2383565,0.032914618,2.8
1.3,219.0936921,0.029894961,2.9
1.3,218.5586227,0.031512866,3
1.4,275.2027315,0.038111864,1.1
1.4,271.589537,0.044268832,1.2
1.4,266.8826042,0.047363881,1.3
1.4,262.7372917,0.04363704,1.4
1.4,260.5405903,0.041797605,1.5
1.4,258.7702662,0.038143688,1.6
1.4,257.408287,0.045750227,1.7
1.4,256.7401157,0.043793071,1.8
1.4,254.2290509,0.038694879,1.9
1.4,253.8991204,0.03504347,2
1.4,252.5318519,0.03093018,2.1
1.4,251.382581,0.037579233,2.2
1.4,251.4323611,0.043021212,2.3
1.4,249.0306019,0.041466179,2.4
1.4,249.8910764,0.039298871,2.5
1.4,250.3900926,0.038767252,2.6
1.4,248.2992477,0.039471786,2.7
1.4,250.1610301,0.044126352,2.8
1.4,249.3041088,0.041768772,2.9
1.4,248.9647801,0.039325987,3
1.5,304.4803356,0.049745229,1.1
1.5,298.6055787,0.057128265,1.2
1.5,296.4634606,0.057278729,1.3
1.5,293.0244792,0.053034569,1.4
1.5,289.7923958,0.049042211,1.5
1.5,288.8007523,0.059395512,1.6
1.5,285.9213773,0.052643701,1.7
1.5,284.2220949,0.04527583,1.8
1.5,286.0010648,0.036646013,1.9
1.5,284.0219676,0.034892035,2
1.5,283.5928935,0.042217568,2.1
1.5,281.8705208,0.05029246,2.2
1.5,281.3008449,0.053549218,2.3
1.5,280.9490046,0.051188569,2.4
1.5,280.7476852,0.050053658,2.5
1.5,279.2633796,0.054342155,2.6
1.5,280.2675,0.053904785,2.7
1.5,279.5103588,0.049241759,2.8
1.5,279.629213,0.036982214,2.9
1.5,279.9051157,0.034516472,3
1.1,158.9176042,0.01278127,1.1
1.1,153.7840625,0.011829303,1.2
1.1,149.7087269,0.011397476,1.3
1.1,146.7965509,0.010858545,1.4
1.1,144.5730671,0.01021031,1.5
1.1,142.3690741,0.010514792,1.6
1.1,140.2715046,0.010270656,1.7
1.1,137.5555556,0.009387871,1.8
1.1,136.1658796,0.009512068,1.9
1.1,135.5600694,0.009071657,2
1.1,133.9334028,0.009185168,2.1
1.1,132.7739005,0.009174975,2.2
1.1,131.2368171,0.008226668,2.3
1.1,129.4376389,0.008393249,2.4
1.1,130.0695139,0.008473114,2.5
1.1,129.7681134,0.008507348,2.6
1.1,128.5056713,0.008118261,2.7
1.1,127.633588,0.008233633,2.8
1.1,128.1155903,0.008180617,2.9
1.1,127.4011458,0.007759832,3
1.2,175.8532523,0.015418969,1.1
1.2,170.9901852,0.014883128,1.2
1.2,167.5180903,0.01416645,1.3
1.2,164.0273264,0.014117716,1.4
1.2,161.2359375,0.013002681,1.5
1.2,159.3133102,0.013118724,1.6
1.2,156.5908218,0.012489614,1.7
1.2,155.3428472,0.01211873,1.8
1.2,154.0462384,0.011931773,1.9
1.2,152.8259144,0.011862006,2
1.2,152.703206,0.01216232,2.1
1.2,151.3443056,0.011831124,2.2
1.2,150.4489931,0.011496888,2.3
1.2,148.8584954,0.011490454,2.4
1.2,148.4038426,0.011073684,2.5
1.2,148.6324769,0.010855183,2.6
1.2,147.6552662,0.011342073,2.7
1.2,147.208287,0.011477757,2.8
1.2,147.3234144,0.011006178,2.9
1.2,146.7196065,0.010627812,3
1.3,198.2480556,0.020318689,1.1
1.3,191.9872454,0.01893748,1.2
1.3,188.0122106,0.017608729,1.3
1.3,185.609919,0.01797294,1.4
1.3,181.2999537,0.016900389,1.5
1.3,181.0178472,0.016386002,1.6
1.3,177.9830093,0.016628418,1.7
1.3,177.2517245,0.0161352,1.8
1.3,176.0603935,0.016654052,1.9
1.3,174.4639815,0.01709369,2
1.3,173.3884606,0.016638551,2.1
1.3,172.8147917,0.016820574,2.2
1.3,169.9540162,0.016969063,2.3
1.3,170.79125,0.015683198,2.4
1.3,169.9147454,0.01551436,2.5
1.3,169.2913889,0.015111024,2.6
1.3,170.85375,0.014965199,2.7
1.3,169.3305671,0.012484361,2.8
1.3,168.7616319,0.01083726,2.9
1.3,168.8396759,0.014378364,3
1.4,220.2245949,0.027291457,1.1
1.4,213.4588426,0.024256247,1.2
1.4,210.450787,0.024662342,1.3
1.4,207.7387269,0.02709179,1.4
1.4,205.1377778,0.024984361,1.5
1.4,202.2484954,0.024424393,1.6
1.4,200.1680208,0.022221063,1.7
1.4,198.7437963,0.021312779,1.8
1.4,197.4112153,0.020522932,1.9
1.4,197.3688542,0.016018339,2
1.4,196.8218056,0.022002252,2.1
1.4,193.8672685,0.02006135,2.2
1.4,193.6583333,0.019686827,2.3
1.4,192.3372338,0.021909233,2.4
1.4,192.6565972,0.023058106,2.5
1.4,192.6872569,0.022201525,2.6
1.4,191.6872917,0.021927291,2.7
1.4,191.6908102,0.020555813,2.8
1.4,190.5178704,0.019738855,2.9
1.4,192.556331,0.019860115,3
1.5,241.7761458,0.023424044,1.1
1.5,236.3195833,0.021494559,1.2
1.5,234.0233333,0.022071207,1.3
1.5,229.0076389,0.020387144,1.4
1.5,226.8677894,0.020816336,1.5
1.5,225.6645139,0.019753305,1.6
1.5,223.4997338,0.020337389,1.7
1.5,220.7908333,0.018821393,1.8
1.5,221.0464352,0.019834069,1.9
1.5,222.0434606,0.030344388,2
1.5,218.9343519,0.029408176,2.1
1.5,218.2766435,0.028589643,2.2
1.5,217.4369213,0.028017915,2.3
1.5,216.7721644,0.024752145,2.4
1.5,214.6781944,0.024612786,2.5
1.5,216.2686574,0.021657475,2.6
1.5,215.8463657,0.018843042,2.7
1.5,214.6226389,0.017443782,2.8
1.5,215.649919,0.017584857,2.9
1.5,214.175162,0.017138411,3
1.1,162.4986111,0.013107787,1.1
1.1,157.9591204,0.01252498,1.2
1.1,155.6655324,0.010785038,1.3
1.1,152.1714005,0.010734432,1.4
1.1,149.3102431,0.010421511,1.5
1.1,147.3424421,0.010182918,1.6
1.1,145.2551852,0.010182576,1.7
1.1,143.4161458,0.009941853,1.8
1.1,142.8646759,0.009596429,1.9
1.1,142.8865625,0.009284614,2
1.1,140.2927662,0.009084982,2.1
1.1,138.7955556,0.009032933,2.2
1.1,139.5899653,0.008791228,2.3
1.1,136.9863426,0.008109252,2.4
1.1,138.1440162,0.008258509,2.5
1.1,135.6996759,0.007719952,2.6
1.1,136.5653241,0.007814838,2.7
1.1,135.767581,0.00822365,2.8
1.1,135.3647685,0.008046064,2.9
1.1,134.8760417,0.008092868,3
1.2,178.8740972,0.013846317,1.1
1.2,174.3227546,0.01370852,1.2
1.2,170.9149421,0.012891668,1.3
1.2,168.6493519,0.012634857,1.4
1.2,167.5893519,0.01200288,1.5
1.2,165.2389815,0.011891932,1.6
1.2,162.7213542,0.011822209,1.7
1.2,161.0402431,0.01159049,1.8
1.2,161.1296644,0.011696879,1.9
1.2,159.4703935,0.011096455,2
1.2,158.1556134,0.01174929,2.1
1.2,156.2584954,0.010298979,2.2
1.2,156.6939931,0.010690113,2.3
1.2,155.6080787,0.010359248,2.4
1.2,156.9484491,0.01023539,2.5
1.2,154.5073032,0.010326939,2.6
1.2,154.1231134,0.010572888,2.7
1.2,153.1897222,0.010672268,2.8
1.2,153.5272569,0.010209792,2.9
1.2,153.5323958,0.010124845,3
1.3,198.4771065,0.017068263,1.1
1.3,195.7214583,0.01697657,1.2
1.3,192.0710417,0.016139648,1.3
1.3,189.4948843,0.016152385,1.4
1.3,187.9896412,0.01548436,1.5
1.3,184.581412,0.015009237,1.6
1.3,181.6913657,0.014513371,1.7
1.3,180.874537,0.014480163,1.8
1.3,180.2074769,0.014663703,1.9
1.3,179.4861806,0.015353511,2
1.3,178.9053009,0.013964927,2.1
1.3,177.1089931,0.013838099,2.2
1.3,175.7315046,0.014259551,2.3
1.3,175.5934144,0.013187799,2.4
1.3,174.3272569,0.013263175,2.5
1.3,175.3361227,0.013722648,2.6
1.3,173.6453472,0.013189071,2.7
1.3,175.3637847,0.013596056,2.8
1.3,174.4901968,0.013988276,2.9
1.3,173.5487731,0.013209237,3
1.4,222.5390046,0.022194502,1.1
1.4,216.505463,0.021024587,1.2
1.4,213.1870255,0.020273325,1.3
1.4,210.8401852,0.020261923,1.4
1.4,210.1209491,0.019039057,1.5
1.4,206.1806019,0.019236517,1.6
1.4,205.6954167,0.019053043,1.7
1.4,203.2490394,0.018022485,1.8
1.4,202.5723843,0.017441804,1.9
1.4,199.5914468,0.018068233,2
1.4,200.0855903,0.017667422,2.1
1.4,199.2401157,0.017260892,2.2
1.4,197.948125,0.017180336,2.3
1.4,197.2666088,0.017093704,2.4
1.4,196.6149306,0.016518413,2.5
1.4,196.8053356,0.017545015,2.6
1.4,196.8273032,0.017525542,2.7
1.4,196.3077199,0.017179731,2.8
1.4,195.8003819,0.017403673,2.9
1.4,194.8254282,0.016285867,3
1.5,245.3046296,0.025743801,1.1
1.5,239.5351042,0.026385116,1.2
1.5,236.7282986,0.026000372,1.3
1.5,233.8931597,0.02275809,1.4
1.5,231.5651736,0.021001036,1.5
1.5,228.6877778,0.02032936,1.6
1.5,227.446956,0.020647408,1.7
1.5,224.4276968,0.019680393,1.8
1.5,225.3949306,0.01977033,1.9
1.5,223.6616667,0.019489608,2
1.5,223.0425116,0.019592888,2.1
1.5,222.5561343,0.019628308,2.2
1.5,220.9830903,0.020030193,2.3
1.5,221.4059954,0.019621586,2.4
1.5,221.5947222,0.020389385,2.5
1.5,218.7125116,0.019353807,2.6
1.5,218.5764815,0.01835494,2.7
1.5,219.2049884,0.01963804,2.8
1.5,218.8226736,0.018928673,2.9
1.5,218.2323843,0.019410213,3
1.1,160.1007523,0.011669963,1.1
1.1,156.6312731,0.012078894,1.2
1.1,151.9323264,0.011723763,1.3
1.1,150.7593287,0.011720044,1.4
1.1,147.6512616,0.01062866,1.5
1.1,145.4082292,0.010491616,1.6
1.1,144.7583796,0.010764139,1.7
1.1,143.6161458,0.010829719,1.8
1.1,143.0722917,0.010207818,1.9
1.1,140.7034838,0.010087076,2
1.1,140.7323958,0.009664,2.1
1.1,140.2765509,0.00972954,2.2
1.1,139.7618403,0.009677177,2.3
1.1,139.7351968,0.009795874,2.4
1.1,138.0006713,0.009326708,2.5
1.1,137.5731134,0.009319199,2.6
1.1,136.9243403,0.009701005,2.7
1.1,137.3780093,0.009372622,2.8
1.1,136.1309606,0.008687652,2.9
1.1,136.3653356,0.009010854,3
1.2,174.6766898,0.014201946,1.1
1.2,171.0343866,0.014714618,1.2
1.2,167.2973032,0.013987303,1.3
1.2,165.4951389,0.013447647,1.4
1.2,163.3063426,0.013436402,1.5
1.2,161.7687847,0.013146802,1.6
1.2,160.0053935,0.012525062,1.7
1.2,158.3460532,0.012539475,1.8
1.2,157.8013773,0.012309595,1.9
1.2,156.1361343,0.011828642,2
1.2,156.0412963,0.012343162,2.1
1.2,156.919838,0.012069763,2.2
1.2,156.2050579,0.012435653,2.3
1.2,154.1581829,0.012156361,2.4
1.2,154.6076968,0.011558917,2.5
1.2,152.7073148,0.011587016,2.6
1.2,153.1418287,0.011470474,2.7
1.2,152.1784722,0.011480915,2.8
1.2,152.0513542,0.010624669,2.9
1.2,151.8198727,0.011485768,3
1.3,194.426088,0.018865491,1.1
1.3,188.9622338,0.017518979,1.2
1.3,186.2411574,0.01711022,1.3
1.3,183.7292824,0.016387657,1.4
1.3,181.9090741,0.017397241,1.5
1.3,180.5976968,0.016529593,1.6
1.3,178.4118519,0.015349238,1.7
1.3,178.0786458,0.015576023,1.8
1.3,176.4220139,0.015551924,1.9
1.3,176.1650694,0.015545859,2
1.3,174.7801389,0.014850149,2.1
1.3,174.3192361,0.015365203,2.2
1.3,173.2737269,0.015038411,2.3
1.3,172.8511227,0.014789589,2.4
1.3,173.0068519,0.01440623,2.5
1.3,172.9648032,0.015019424,2.6
1.3,172.0045486,0.014166704,2.7
1.3,171.4588542,0.014170159,2.8
1.3,171.454838,0.01458242,2.9
1.3,172.5759954,0.014106896,3
1.4,214.9240741,0.020976554,1.1
1.4,209.8701157,0.021050296,1.2
1.4,206.388206,0.020913848,1.3
1.4,203.8120718,0.019947596,1.4
1.4,202.1717593,0.019305543,1.5
1.4,200.9255324,0.019840239,1.6
1.4,199.921331,0.018837471,1.7
1.4,198.3185069,0.019385041,1.8
1.4,198.3523727,0.018925807,1.9
1.4,196.5525231,0.018713207,2
1.4,195.8131597,0.019646504,2.1
1.4,195.2433333,0.019294482,2.2
1.4,194.5268403,0.0204177,2.3
1.4,193.6428241,0.020212833,2.4
1.4,193.7459954,0.020743626,2.5
1.4,190.8422454,0.018934991,2.6
1.4,191.4352199,0.020808789,2.7
1.4,191.787662,0.019375774,2.8
1.4,192.673206,0.019405879,2.9
1.4,192.8368287,0.018822136,3
1.5,235.2116204,0.028672987,1.1
1.5,231.7963426,0.027026294,1.2
1.5,228.2178704,0.027665101,1.3
1.5,224.9682986,0.025327028,1.4
1.5,222.45,0.026024745,1.5
1.5,222.3718056,0.024331115,1.6
1.5,220.4910532,0.024668363,1.7
1.5,220.2972685,0.024497525,1.8
1.5,218.0751505,0.024396199,1.9
1.5,217.4029745,0.024539752,2
1.5,217.6725,0.02388558,2.1
1.5,216.4346412,0.021811684,2.2
1.5,216.5146065,0.024775597,2.3
1.5,216.1776852,0.022606659,2.4
1.5,214.8176505,0.021895172,2.5
1.5,213.4806597,0.02270401,2.6
1.5,213.9680671,0.022102459,2.7
1.5,212.9607639,0.022802121,2.8
1.5,213.2975116,0.022729421,2.9
1.5,214.0221644,0.022762658,3
1.1,154.2047454,0.011745482,1.1
1.1,149.9019676,0.011815942,1.2
1.1,147.8431829,0.011437512,1.3
1.1,145.3727431,0.010700427,1.4
1.1,143.1753935,0.010552428,1.5
1.1,142.0954167,0.010856609,1.6
1.1,141.1973264,0.00966221,1.7
1.1,140.0499421,0.009541316,1.8
1.1,138.0223611,0.009469157,1.9
1.1,138.4291667,0.009125328,2
1.1,136.8966435,0.009987032,2.1
1.1,136.0077431,0.009273057,2.2
1.1,135.2593866,0.008872882,2.3
1.1,134.2466319,0.008870297,2.4
1.1,133.5245833,0.008679791,2.5
1.1,133.2647685,0.009133488,2.6
1.1,133.8520833,0.008893348,2.7
1.1,133.2279745,0.008856727,2.8
1.1,132.6499769,0.008693868,2.9
1.1,132.2432639,0.008569848,3
1.2,170.6084722,0.014547847,1.1
1.2,165.9863426,0.014013141,1.2
1.2,163.8252546,0.014137963,1.3
1.2,162.055081,0.013014871,1.4
1.2,159.7364005,0.0127301,1.5
1.2,158.0210532,0.012383967,1.6
1.2,157.3155787,0.012618109,1.7
1.2,155.1703588,0.011870492,1.8
1.2,155.165081,0.011808184,1.9
1.2,153.5972338,0.011899458,2
1.2,153.3243403,0.012062311,2.1
1.2,151.3372454,0.011525237,2.2
1.2,151.4041204,0.011555387,2.3
1.2,151.5809028,0.01131782,2.4
1.2,150.1509259,0.011301548,2.5
1.2,150.0365509,0.010871788,2.6
1.2,150.9961921,0.011886762,2.7
1.2,149.6532755,0.010994636,2.8
1.2,149.7237963,0.011725962,2.9
1.2,148.5613773,0.010487741,3
1.3,188.8727315,0.017889962,1.1
1.3,185.7879861,0.018738028,1.2
1.3,181.6781134,0.016583217,1.3
1.3,180.2222917,0.016898745,1.4
1.3,177.5526736,0.016600811,1.5
1.3,177.1007639,0.016245062,1.6
1.3,176.20125,0.016315584,1.7
1.3,174.5049306,0.015606475,1.8
1.3,173.9845602,0.01544072,1.9
1.3,172.156875,0.015178097,2
1.3,171.7620718,0.013768523,2.1
1.3,170.3032292,0.013432632,2.2
1.3,169.6467824,0.013444868,2.3
1.3,169.8303588,0.013411547,2.4
1.3,170.6404051,0.013375316,2.5
1.3,169.1526389,0.013442142,2.6
1.3,167.5951736,0.013004956,2.7
1.3,169.2788426,0.013242391,2.8
1.3,168.1395023,0.013221729,2.9
1.3,169.4110417,0.013285718,3
1.4,209.1611111,0.020151486,1.1
1.4,206.7058912,0.019921827,1.2
1.4,203.006412,0.01906782,1.3
1.4,199.9327546,0.017859076,1.4
1.4,199.6470023,0.01782548,1.5
1.4,196.4299421,0.017495452,1.6
1.4,194.3665972,0.016936339,1.7
1.4,195.1344329,0.017239492,1.8
1.4,193.6314931,0.016863909,1.9
1.4,193.0199074,0.016779841,2
1.4,191.8191435,0.016525287,2.1
1.4,192.8834144,0.016643872,2.2
1.4,191.2496759,0.016505902,2.3
1.4,189.5557176,0.016123225,2.4
1.4,189.6687037,0.016189521,2.5
1.4,188.4391898,0.0160422,2.6
1.4,190.9266667,0.016451812,2.7
1.4,189.0501042,0.016214373,2.8
1.4,188.5093287,0.015956745,2.9
1.4,187.951331,0.015708627,3
1.5,230.7619444,0.024108111,1.1
1.5,227.0698958,0.023312538,1.2
1.5,223.1851273,0.022420904,1.3
1.5,220.9333333,0.022032787,1.4
1.5,218.9078356,0.021457184,1.5
1.5,217.2487384,0.02123691,1.6
1.5,217.8936574,0.021458141,1.7
1.5,215.3736227,0.021085961,1.8
1.5,215.4675231,0.02093927,1.9
1.5,214.0558565,0.020695591,2
1.5,212.9878819,0.020322287,2.1
1.5,213.7678704,0.02072387,2.2
1.5,212.1865278,0.020148965,2.3
1.5,211.6183796,0.020092534,2.4
1.5,211.9817245,0.020148571,2.5
1.5,210.2733102,0.019992621,2.6
1.5,210.0012384,0.019869146,2.7
1.5,209.9627199,0.019659386,2.8
1.5,209.3951389,0.019789439,2.9
1.5,209.1429861,0.019670604,3
