Request Allowed Wait Time Used(%),Car flexibility (param.),Req. flexibility (param.),reqWaitTime,reqDis,Requests Flexibility Used
0.366174,1.1,1.1,32137,8776429,0.00366174
1.31559,1.1,1.2,121685,9249462,0.0131559
2.4803983,1.1,1.3,236307,9526978,0.024803983
3.6495431,1.1,1.4,358564,9824901,0.036495431
4.595704,1.1,1.5,458557,9977949,0.04595704
5.7292791,1.1,1.6,574972,10035678,0.057292791
6.6104054,1.1,1.7,671577,10159392,0.066104054
7.5368571,1.1,1.8,766557,10170778,0.075368571
8.193742,1.1,1.9,835034,10191119,0.08193742
8.7814601,1.1,2,906359,10321279,0.087814601
9.2008372,1.1,2.1,945331,10274402,0.092008372
10.4356375,1.1,2.2,1072560,10277858,0.104356375
10.7461469,1.1,2.3,1116950,10393958,0.107461469
11.4709442,1.1,2.4,1188346,10359618,0.114709442
11.6655491,1.1,2.5,1207064,10347254,0.116655491
12.3781824,1.1,2.6,1291824,10436298,0.123781824
12.1950048,1.1,2.7,1269245,10407909,0.121950048
13.3133868,1.1,2.8,1401922,10530168,0.133133868
13.7782637,1.1,2.9,1441310,10460752,0.137782637
13.6866145,1.1,3,1428076,10434107,0.136866145
0.2108117,1.2,1.1,22155,10509378,0.002108117
0.8596547,1.2,1.2,94138,10950676,0.008596547
1.5981326,1.2,1.3,178285,11155833,0.015981326
2.4519042,1.2,1.4,278206,11346528,0.024519042
3.1145262,1.2,1.5,358229,11501878,0.031145262
4.0790424,1.2,1.6,470529,11535281,0.040790424
4.3816917,1.2,1.7,508814,11612273,0.043816917
5.4005005,1.2,1.8,634610,11750948,0.054005005
5.7961899,1.2,1.9,684556,11810448,0.057961899
6.1262572,1.2,2,718073,11721235,0.061262572
6.9909289,1.2,2.1,822348,11763072,0.069909289
7.3765267,1.2,2.2,872227,11824359,0.073765267
7.7355085,1.2,2.3,922005,11919126,0.077355085
8.299426,1.2,2.4,986740,11889256,0.08299426
8.4956754,1.2,2.5,1009274,11879856,0.084956754
9.0163287,1.2,2.6,1068693,11852862,0.090163287
9.0053799,1.2,2.7,1070523,11887594,0.090053799
9.0450519,1.2,2.8,1078172,11920020,0.090450519
9.6564137,1.2,2.9,1149752,11906615,0.096564137
9.7020717,1.2,3,1153069,11884771,0.097020717
0.1405682,1.3,1.1,16332,11618558,0.001405682
0.610253,1.3,1.2,72969,11957171,0.00610253
1.254779,1.3,1.3,152365,12142776,0.01254779
2.0815837,1.3,1.4,255399,12269456,0.020815837
2.6716007,1.3,1.5,333749,12492473,0.026716007
3.1962691,1.3,1.6,399296,12492565,0.031962691
3.9686207,1.3,1.7,498342,12557058,0.039686207
4.2688965,1.3,1.8,539936,12648140,0.042688965
4.7671539,1.3,1.9,603209,12653441,0.047671539
5.355149,1.3,2,682327,12741513,0.05355149
5.7560424,1.3,2.1,730740,12695181,0.057560424
6.045753,1.3,2.2,771942,12768335,0.06045753
6.7161304,1.3,2.3,861010,12820031,0.067161304
6.9396587,1.3,2.4,885255,12756463,0.069396587
7.1941049,1.3,2.5,916714,12742572,0.071941049
7.6988951,1.3,2.6,984969,12793641,0.076988951
7.3137573,1.3,2.7,931395,12734836,0.073137573
7.7011398,1.3,2.8,984693,12786328,0.077011398
7.7778721,1.3,2.9,988952,12714943,0.077778721
7.9819985,1.3,3,1016576,12735858,0.079819985
0.1236704,1.4,1.1,15231,12315802,0.001236704
0.5748301,1.4,1.2,72554,12621816,0.005748301
1.06964,1.4,1.3,136855,12794492,0.0106964
1.6892646,1.4,1.4,219436,12990031,0.016892646
2.2137285,1.4,1.5,288821,13046812,0.022137285
2.818753,1.4,1.6,371930,13194842,0.02818753
3.2660277,1.4,1.7,430677,13186569,0.032660277
3.6450759,1.4,1.8,482825,13245952,0.036450759
4.2491426,1.4,1.9,564163,13277102,0.042491426
4.0181177,1.4,2,534771,13308993,0.040181177
4.9509092,1.4,2.1,657313,13276612,0.049509092
5.2670141,1.4,2.2,703341,13353695,0.052670141
5.6884301,1.4,2.3,757014,13307960,0.056884301
5.9789134,1.4,2.4,793869,13277814,0.059789134
5.9825493,1.4,2.5,800842,13386300,0.059825493
5.9872878,1.4,2.6,802315,13400308,0.059872878
6.3487353,1.4,2.7,847763,13353258,0.063487353
6.7045958,1.4,2.8,897348,13384073,0.067045958
6.6352697,1.4,2.9,888042,13383661,0.066352697
6.5087477,1.4,3,868660,13346039,0.065087477
0.1041087,1.5,1.1,13269,12745332,0.001041087
0.5223176,1.5,1.2,68020,13022729,0.005223176
0.9598349,1.5,1.3,126780,13208522,0.009598349
1.5302718,1.5,1.4,205002,13396444,0.015302718
2.0123995,1.5,1.5,272796,13555758,0.020123995
2.5077808,1.5,1.6,340385,13573156,0.025077808
2.7509052,1.5,1.7,374021,13596288,0.027509052
3.5706477,1.5,1.8,487011,13639290,0.035706477
3.8432341,1.5,1.9,525904,13683892,0.038432341
4.0126096,1.5,2,551257,13738117,0.040126096
4.3854785,1.5,2.1,602351,13735126,0.043854785
4.6535556,1.5,2.2,639839,13749465,0.046535556
4.7105964,1.5,2.3,646907,13733017,0.047105964
4.8331135,1.5,2.4,665816,13776130,0.048331135
5.2315448,1.5,2.5,717610,13716981,0.052315448
5.5789496,1.5,2.6,767632,13759436,0.055789496
5.2904621,1.5,2.7,729547,13789854,0.052904621
5.5599124,1.5,2.8,763339,13729335,0.055599124
5.6945319,1.5,2.9,785130,13787437,0.056945319
5.7044776,1.5,3,786866,13793831,0.057044776
0.3199502,1.1,1.1,17845,5577430,0.003199502
1.1636711,1.1,1.2,68666,5900808,0.011636711
2.14778,1.1,1.3,129581,6033253,0.0214778
3.3046982,1.1,1.4,204613,6191579,0.033046982
4.2719388,1.1,1.5,269287,6303625,0.042719388
4.918268,1.1,1.6,314026,6384890,0.04918268
6.4995531,1.1,1.7,417890,6429519,0.064995531
6.9589088,1.1,1.8,451059,6481749,0.069589088
7.7853536,1.1,1.9,508817,6535567,0.077853536
8.8043986,1.1,2,579446,6581324,0.088043986
9.673625,1.1,2.1,641063,6626916,0.09673625
10.557781,1.1,2.2,704225,6670199,0.10557781
11.4927247,1.1,2.3,755868,6576926,0.114927247
12.1667575,1.1,2.4,802417,6595159,0.121667575
13.2101191,1.1,2.5,874512,6620016,0.132101191
13.3246536,1.1,2.6,885987,6649231,0.133246536
13.842053,1.1,2.7,921694,6658651,0.13842053
14.292095,1.1,2.8,959958,6716706,0.14292095
15.1013303,1.1,2.9,998908,6614702,0.151013303
15.687179,1.1,3,1046100,6668503,0.15687179
0.1624999,1.2,1.1,11145,6858465,0.001624999
0.7555972,1.2,1.2,53896,7132901,0.007555972
1.4929342,1.2,1.3,108740,7283643,0.014929342
2.3410621,1.2,1.4,173349,7404716,0.023410621
3.010857,1.2,1.5,226936,7537256,0.03010857
3.740717,1.2,1.6,281074,7513907,0.03740717
4.3476654,1.2,1.7,329426,7577078,0.043476654
5.1815055,1.2,1.8,392415,7573378,0.051815055
5.804109,1.2,1.9,448202,7722150,0.05804109
6.380789,1.2,2,490656,7689582,0.06380789
7.29518,1.2,2.1,563487,7724100,0.0729518
8.222499,1.2,2.2,637473,7752789,0.08222499
8.3211387,1.2,2.3,644090,7740407,0.083211387
8.8767611,1.2,2.4,688250,7753391,0.088767611
9.4516982,1.2,2.5,724317,7663353,0.094516982
9.5397292,1.2,2.6,737408,7729863,0.095397292
9.9907552,1.2,2.7,777876,7785958,0.099907552
10.7034697,1.2,2.8,826523,7722010,0.107034697
10.9067295,1.2,2.9,858766,7873726,0.109067295
10.8568722,1.2,3,845395,7786727,0.108568722
0.1245132,1.3,1.1,9431,7574298,0.001245132
0.5939369,1.3,1.2,46196,7777931,0.005939369
1.1974372,1.3,1.3,95300,7958664,0.011974372
1.9925307,1.3,1.4,162091,8134931,0.019925307
2.4162446,1.3,1.5,196850,8146940,0.024162446
3.3475422,1.3,1.6,276125,8248589,0.033475422
3.6872254,1.3,1.7,303131,8221114,0.036872254
4.5335295,1.3,1.8,376212,8298435,0.045335295
4.9573253,1.3,1.9,412997,8331045,0.049573253
5.1912594,1.3,2,430704,8296715,0.051912594
5.7414651,1.3,2.1,480380,8366854,0.057414651
6.7725722,1.3,2.2,569348,8406673,0.067725722
7.1225501,1.3,2.3,598367,8401022,0.071225501
7.5739155,1.3,2.4,634564,8378282,0.075739155
8.0193798,1.3,2.5,678104,8455816,0.080193798
8.3186943,1.3,2.6,697485,8384549,0.083186943
8.2850965,1.3,2.7,693548,8371031,0.082850965
8.5726339,1.3,2.8,722173,8424167,0.085726339
9.1504315,1.3,2.9,772777,8445252,0.091504315
9.2582249,1.3,3,777908,8402345,0.092582249
0.1186971,1.4,1.1,9612,8097924,0.001186971
0.5226802,1.4,1.2,43406,8304504,0.005226802
1.0953953,1.4,1.3,91821,8382453,0.010953953
1.693796,1.4,1.4,145333,8580313,0.01693796
2.3487509,1.4,1.5,202457,8619773,0.023487509
2.8390831,1.4,1.6,245693,8653956,0.028390831
3.6116304,1.4,1.7,314155,8698426,0.036116304
4.0145548,1.4,1.8,353915,8815797,0.040145548
4.3117983,1.4,1.9,377210,8748322,0.043117983
5.0672903,1.4,2,447492,8830992,0.050672903
5.3467836,1.4,2.1,471415,8816796,0.053467836
6.0826532,1.4,2.2,540734,8889772,0.060826532
6.1468217,1.4,2.3,543035,8834403,0.061468217
6.8767562,1.4,2.4,605560,8805896,0.068767562
7.0217124,1.4,2.5,622981,8872209,0.070217124
7.0305,1.4,2.6,622617,8855942,0.070305
7.5634911,1.4,2.7,670839,8869436,0.075634911
7.3204837,1.4,2.8,650258,8882719,0.073204837
7.3875147,1.4,2.9,655094,8867583,0.073875147
8.0011435,1.4,3,711484,8892279,0.080011435
0.0762302,1.5,1.1,6412,8411364,0.000762302
0.4649536,1.5,1.2,40204,8646885,0.004649536
1.0334575,1.5,1.3,90951,8800652,0.010334575
1.641917,1.5,1.4,146211,8904896,0.01641917
2.1830602,1.5,1.5,195908,8974008,0.021830602
2.7224808,1.5,1.6,246567,9056703,0.027224808
3.0592381,1.5,1.7,276683,9044180,0.030592381
3.4300138,1.5,1.8,311628,9085328,0.034300138
4.2732751,1.5,1.9,388060,9081091,0.042732751
4.1182579,1.5,2,376836,9150374,0.041182579
4.6268666,1.5,2.1,424460,9173811,0.046268666
5.5355219,1.5,2.2,507430,9166796,0.055355219
5.5665311,1.5,2.3,510106,9163804,0.055665311
6.0514751,1.5,2.4,558514,9229386,0.060514751
5.8196482,1.5,2.5,536236,9214234,0.058196482
6.3233772,1.5,2.6,584184,9238481,0.063233772
6.5812009,1.5,2.7,607320,9228103,0.065812009
6.6920349,1.5,2.8,614890,9188386,0.066920349
6.432546,1.5,2.9,592841,9216273,0.06432546
6.9325924,1.5,3,639275,9221298,0.069325924
0.3474978,1.1,1.1,25263,7269975,0.003474978
1.1985558,1.1,1.2,90699,7567357,0.011985558
2.1301297,1.1,1.3,165536,7771170,0.021301297
3.5007007,1.1,1.4,276642,7902475,0.035007007
4.3645469,1.1,1.5,353315,8095113,0.043645469
5.2672476,1.1,1.6,429896,8161682,0.052672476
6.2465547,1.1,1.7,512759,8208669,0.062465547
6.6276385,1.1,1.8,548123,8270261,0.066276385
8.1104956,1.1,1.9,673261,8301108,0.081104956
8.0636773,1.1,2,672439,8339111,0.080636773
9.3641672,1.1,2.1,778333,8311823,0.093641672
10.0389459,1.1,2.2,843464,8401918,0.100389459
11.2116041,1.1,2.3,935382,8342981,0.112116041
12.1057186,1.1,2.4,1020054,8426216,0.121057186
11.8648264,1.1,2.5,1001064,8437241,0.118648264
13.0053612,1.1,2.6,1084734,8340668,0.130053612
13.1941595,1.1,2.7,1109554,8409433,0.131941595
13.5301133,1.1,2.8,1141238,8434800,0.135301133
14.1486059,1.1,2.9,1186777,8387943,0.141486059
14.2725678,1.1,3,1212830,8497630,0.142725678
0.1657143,1.2,1.1,14420,8701724,0.001657143
0.7690764,1.2,1.2,68875,8955547,0.007690764
1.3236367,1.2,1.3,121846,9205396,0.013236367
2.1824885,1.2,1.4,200876,9203989,0.021824885
3.0418641,1.2,1.5,285885,9398349,0.030418641
3.8960912,1.2,1.6,367172,9424112,0.038960912
4.284315,1.2,1.7,407691,9515897,0.04284315
5.1016606,1.2,1.8,486253,9531269,0.051016606
5.5620925,1.2,1.9,536761,9650343,0.055620925
6.1378488,1.2,2,589749,9608399,0.061378488
6.7527998,1.2,2.1,647915,9594761,0.067527998
7.7859763,1.2,2.2,750450,9638483,0.077859763
8.4756708,1.2,2.3,821610,9693746,0.084756708
8.3464421,1.2,2.4,803682,9629037,0.083464421
9.0212868,1.2,2.5,879824,9752755,0.090212868
9.4322768,1.2,2.6,922340,9778551,0.094322768
9.846128,1.2,2.7,951281,9661473,0.09846128
10.3391189,1.2,2.8,999363,9665843,0.103391189
10.4126339,1.2,2.9,1016602,9763159,0.104126339
10.223786,1.2,3,1004808,9828140,0.10223786
0.1336661,1.3,1.1,12847,9611263,0.001336661
0.5989033,1.3,1.2,58760,9811266,0.005989033
1.1552203,1.3,1.3,115053,9959399,0.011552203
2.0779312,1.3,1.4,210274,10119392,0.020779312
2.3823342,1.3,1.5,244770,10274377,0.023823342
3.0759617,1.3,1.6,318094,10341286,0.030759617
3.7535654,1.3,1.7,389491,10376561,0.037535654
4.1440363,1.3,1.8,431672,10416704,0.041440363
4.476406,1.3,1.9,466359,10418157,0.04476406
5.1183736,1.3,2,533543,10424073,0.051183736
5.6376544,1.3,2.1,590165,10468272,0.056376544
6.5807763,1.3,2.2,687844,10452323,0.065807763
6.7249689,1.3,2.3,704068,10469461,0.067249689
6.94043,1.3,2.4,733063,10562213,0.0694043
7.7092673,1.3,2.5,811683,10528666,0.077092673
7.9220895,1.3,2.6,832604,10509904,0.079220895
8.0639603,1.3,2.7,848200,10518405,0.080639603
8.4709473,1.3,2.8,899321,10616534,0.084709473
8.2542068,1.3,2.9,875624,10608215,0.082542068
8.9097705,1.3,3,934864,10492571,0.089097705
0.1065525,1.4,1.1,10902,10231576,0.001065525
0.5138975,1.4,1.2,53396,10390398,0.005138975
1.0264863,1.4,1.3,108903,10609299,0.010264863
1.5602914,1.4,1.4,166817,10691400,0.015602914
2.2895597,1.4,1.5,247750,10820858,0.022895597
2.6804002,1.4,1.6,291641,10880502,0.026804002
3.3028195,1.4,1.7,360649,10919428,0.033028195
3.6691507,1.4,1.8,401025,10929641,0.036691507
4.2821927,1.4,1.9,469749,10969824,0.042821927
4.39307,1.4,2,481992,10971644,0.0439307
4.8960571,1.4,2.1,536236,10952405,0.048960571
5.3924603,1.4,2.2,593570,11007406,0.053924603
6.1318771,1.4,2.3,678376,11063105,0.061318771
6.0394124,1.4,2.4,669673,11088380,0.060394124
6.3966074,1.4,2.5,704701,11016793,0.063966074
6.626932,1.4,2.6,736710,11116909,0.06626932
6.6310775,1.4,2.7,737702,11124919,0.066310775
6.8636005,1.4,2.8,759713,11068724,0.068636005
6.8305938,1.4,2.9,759719,11122298,0.068305938
7.146492,1.4,3,792208,11085271,0.07146492
0.1017215,1.5,1.1,10774,10591661,0.001017215
0.4393377,1.5,1.2,47566,10826751,0.004393377
0.8976293,1.5,1.3,98028,10920766,0.008976293
1.44048,1.5,1.4,159014,11038959,0.0144048
1.9263835,1.5,1.5,214886,11154892,0.019263835
2.4389416,1.5,1.6,275118,11280221,0.024389416
2.648757,1.5,1.7,299335,11300961,0.02648757
3.3832204,1.5,1.8,384607,11368074,0.033832204
3.5691008,1.5,1.9,405171,11352187,0.035691008
3.7374306,1.5,2,426427,11409630,0.037374306
4.1384679,1.5,2.1,470496,11368845,0.041384679
4.9575175,1.5,2.2,569644,11490509,0.049575175
5.2427594,1.5,2.3,598930,11423946,0.052427594
5.4536881,1.5,2.4,622104,11407033,0.054536881
5.4791959,1.5,2.5,628459,11469913,0.054791959
5.8054388,1.5,2.6,661524,11394901,0.058054388
5.7794989,1.5,2.7,659279,11407200,0.057794989
5.7260014,1.5,2.8,655422,11446417,0.057260014
6.4731326,1.5,2.9,739056,11417285,0.064731326
6.6193576,1.5,3,758202,11454314,0.066193576
0.3816743,1.1,1.1,26335,6899862,0.003816743
1.1980457,1.1,1.2,85004,7095222,0.011980457
2.3410866,1.1,1.3,171233,7314253,0.023410866
3.6816972,1.1,1.4,275947,7495103,0.036816972
4.5415191,1.1,1.5,347666,7655280,0.045415191
5.9565226,1.1,1.6,460381,7729023,0.059565226
7.0321837,1.1,1.7,547578,7786742,0.070321837
7.995739,1.1,1.8,629754,7876120,0.07995739
9.0890889,1.1,1.9,723603,7961227,0.090890889
9.5710224,1.1,2,772645,8072753,0.095710224
11.2634217,1.1,2.1,895399,7949618,0.112634217
12.5431488,1.1,2.2,1003552,8000798,0.125431488
13.0671682,1.1,2.3,1047111,8013297,0.130671682
14.2357514,1.1,2.4,1141212,8016521,0.142357514
13.8545885,1.1,2.5,1122537,8102276,0.138545885
15.3279776,1.1,2.6,1232872,8043279,0.153279776
15.7354331,1.1,2.7,1276754,8113879,0.157354331
15.509923,1.1,2.8,1271367,8197120,0.15509923
17.0336628,1.1,2.9,1376059,8078468,0.170336628
17.6631051,1.1,3,1427624,8082520,0.176631051
0.1967384,1.2,1.1,16257,8263256,0.001967384
0.852216,1.2,1.2,72304,8484234,0.00852216
1.525257,1.2,1.3,134020,8786716,0.01525257
2.332652,1.2,1.4,207598,8899656,0.02332652
3.2794431,1.2,1.5,293611,8953075,0.032794431
4.2245435,1.2,1.6,380005,8995173,0.042245435
4.7198231,1.2,1.7,430748,9126359,0.047198231
5.5784164,1.2,1.8,513925,9212740,0.055784164
6.1969836,1.2,1.9,569595,9191488,0.061969836
6.9025742,1.2,2,642228,9304181,0.069025742
7.8641143,1.2,2.1,730950,9294753,0.078641143
8.9571679,1.2,2.2,831572,9283872,0.089571679
9.4455028,1.2,2.3,881671,9334294,0.094455028
10.0019532,1.2,2.4,935048,9348654,0.100019532
10.2475691,1.2,2.5,958441,9352862,0.102475691
11.242775,1.2,2.6,1050448,9343316,0.11242775
11.2189045,1.2,2.7,1050134,9360397,0.112189045
11.718774,1.2,2.8,1094584,9340431,0.11718774
12.0768538,1.2,2.9,1122588,9295368,0.120768538
12.3384735,1.2,3,1155482,9364870,0.123384735
0.1371028,1.3,1.1,12482,9104116,0.001371028
0.6382783,1.3,1.2,60232,9436636,0.006382783
1.2168487,1.3,1.3,117358,9644420,0.012168487
2.1599074,1.3,1.4,209226,9686804,0.021599074
2.7378937,1.3,1.5,268899,9821382,0.027378937
3.4356047,1.3,1.6,339059,9868976,0.034356047
4.1762057,1.3,1.7,416952,9983991,0.041762057
5.1408098,1.3,1.8,513890,9996285,0.051408098
5.4449787,1.3,1.9,544891,10007220,0.054449787
5.9510849,1.3,2,599217,10069038,0.059510849
6.4987304,1.3,2.1,653801,10060442,0.064987304
7.6472299,1.3,2.2,770032,10069424,0.076472299
7.6942604,1.3,2.3,778372,10116268,0.076942604
8.5418163,1.3,2.4,866420,10143276,0.085418163
8.8061208,1.3,2.5,889877,10105210,0.088061208
8.7556986,1.3,2.6,886451,10124275,0.087556986
9.263738,1.3,2.7,943834,10188479,0.09263738
9.7720556,1.3,2.8,992294,10154404,0.097720556
9.4733183,1.3,2.9,964114,10177152,0.094733183
9.9107939,1.3,3,1002344,10113660,0.099107939
0.1088796,1.4,1.1,10624,9757566,0.001088796
0.5735708,1.4,1.2,57242,9979937,0.005735708
1.1605533,1.4,1.3,117290,10106386,0.011605533
2.0724665,1.4,1.4,212747,10265401,0.020724665
2.3727159,1.4,1.5,245660,10353536,0.023727159
3.1077582,1.4,1.6,323164,10398621,0.031077582
3.7796276,1.4,1.7,397100,10506326,0.037796276
4.6332155,1.4,1.8,489190,10558326,0.046332155
4.6696176,1.4,1.9,495849,10618621,0.046696176
5.1591198,1.4,2,545959,10582406,0.051591198
5.8998208,1.4,2.1,628358,10650459,0.058998208
6.4136353,1.4,2.2,681118,10619843,0.064136353
6.4671128,1.4,2.3,691940,10699365,0.064671128
6.9618673,1.4,2.4,743802,10683944,0.069618673
7.8656023,1.4,2.5,838307,10657887,0.078656023
7.6596024,1.4,2.6,821613,10726575,0.076596024
7.7892757,1.4,2.7,835235,10722884,0.077892757
8.3327365,1.4,2.8,887705,10653223,0.083327365
8.2882964,1.4,2.9,883344,10657727,0.082882964
8.7594111,1.4,3,933627,10658559,0.087594111
0.0986081,1.5,1.1,10009,10150284,0.000986081
0.4970637,1.5,1.2,51834,10428040,0.004970637
1.0517442,1.5,1.3,111527,10604004,0.010517442
1.7788305,1.5,1.4,192168,10803053,0.017788305
2.220998,1.5,1.5,241241,10861829,0.02220998
2.8517674,1.5,1.6,309199,10842364,0.028517674
3.2729826,1.5,1.7,358919,10966114,0.032729826
3.6496151,1.5,1.8,400935,10985679,0.036496151
4.0122151,1.5,1.9,440981,10990961,0.040122151
4.5141682,1.5,2,498507,11043164,0.045141682
5.1391142,1.5,2.1,568313,11058579,0.051391142
5.303246,1.5,2.2,587450,11077178,0.05303246
6.2066821,1.5,2.3,686026,11053023,0.062066821
6.2865536,1.5,2.4,696461,11078582,0.062865536
6.3400055,1.5,2.5,698296,11014123,0.063400055
6.6609556,1.5,2.6,740384,11115282,0.066609556
6.8455287,1.5,2.7,763142,11148036,0.068455287
6.9571872,1.5,2.8,770045,11068338,0.069571872
7.0878674,1.5,2.9,784884,11073627,0.070878674
7.3395171,1.5,3,814637,11099327,0.073395171
0.3760745,1.1,1.1,19505,5186472,0.003760745
1.3856284,1.1,1.2,75156,5423965,0.013856284
2.4055412,1.1,1.3,138195,5744861,0.024055412
3.6397297,1.1,1.4,212288,5832521,0.036397297
4.9966196,1.1,1.5,296878,5941577,0.049966196
6.2015403,1.1,1.6,378081,6096566,0.062015403
7.3217034,1.1,1.7,438750,5992458,0.073217034
8.3085619,1.1,1.8,502945,6053334,0.083085619
9.3178869,1.1,1.9,574791,6168684,0.093178869
9.7379837,1.1,2,608378,6247474,0.097379837
11.1790922,1.1,2.1,690428,6176065,0.111790922
12.2714079,1.1,2.2,762111,6210461,0.122714079
13.3919093,1.1,2.3,830486,6201401,0.133919093
13.1750767,1.1,2.4,829533,6296229,0.131750767
13.3557279,1.1,2.5,833623,6241689,0.133557279
15.2551949,1.1,2.6,955017,6260274,0.152551949
15.3312873,1.1,2.7,964948,6293979,0.153312873
15.8513415,1.1,2.8,1014927,6402783,0.158513415
16.0495342,1.1,2.9,1014692,6322252,0.160495342
17.0091109,1.1,3,1063495,6252502,0.170091109
0.1848458,1.2,1.1,11880,6426978,0.001848458
0.8181166,1.2,1.2,54603,6674232,0.008181166
1.5609142,1.2,1.3,105677,6770199,0.015609142
2.8232307,1.2,1.4,194960,6905564,0.028232307
3.2673595,1.2,1.5,231165,7074979,0.032673595
4.4471517,1.2,1.6,319661,7187994,0.044471517
5.2620299,1.2,1.7,384968,7315960,0.052620299
6.1025875,1.2,1.8,442276,7247352,0.061025875
6.7462754,1.2,1.9,486475,7211016,0.067462754
7.2506668,1.2,2,532217,7340249,0.072506668
8.2622672,1.2,2.1,609066,7371657,0.082622672
8.882405,1.2,2.2,659543,7425275,0.08882405
9.1335038,1.2,2.3,673635,7375428,0.091335038
9.9616071,1.2,2.4,744456,7473252,0.099616071
10.1762391,1.2,2.5,749156,7361816,0.101762391
10.7905491,1.2,2.6,803848,7449556,0.107905491
11.0541235,1.2,2.7,819929,7417404,0.110541235
11.9242619,1.2,2.8,883708,7411008,0.119242619
11.2649142,1.2,2.9,831839,7384335,0.112649142
11.9962504,1.2,3,882374,7355415,0.119962504
0.1335797,1.3,1.1,9597,7184477,0.001335797
0.6712106,1.3,1.2,50678,7550238,0.006712106
1.3202574,1.3,1.3,100162,7586551,0.013202574
2.3591002,1.3,1.4,182574,7739137,0.023591002
2.9502219,1.3,1.5,228061,7730300,0.029502219
4.1267596,1.3,1.6,325588,7889677,0.041267596
4.4613717,1.3,1.7,355205,7961789,0.044613717
5.2345595,1.3,1.8,415542,7938433,0.052345595
5.7634278,1.3,1.9,463089,8034958,0.057634278
6.4729077,1.3,2,518038,8003173,0.064729077
7.1332377,1.3,2.1,574115,8048449,0.071332377
7.5961603,1.3,2.2,610997,8043498,0.075961603
7.8291276,1.3,2.3,627049,8009181,0.078291276
8.1023955,1.3,2.4,652705,8055704,0.081023955
8.9057372,1.3,2.5,718496,8067788,0.089057372
9.2341211,1.3,2.6,739752,8011071,0.092341211
9.2781898,1.3,2.7,743543,8013880,0.092781898
9.3590034,1.3,2.8,757619,8095082,0.093590034
9.5423504,1.3,2.9,771043,8080221,0.095423504
10.0522611,1.3,3,814628,8103928,0.100522611
0.1333357,1.4,1.1,10307,7730112,0.001333357
0.676244,1.4,1.2,53554,7919331,0.00676244
1.2667923,1.4,1.3,102049,8055701,0.012667923
1.9534127,1.4,1.4,160232,8202670,0.019534127
2.6991909,1.4,1.5,223146,8267144,0.026991909
3.4649817,1.4,1.6,291199,8404056,0.034649817
4.1082834,1.4,1.7,343713,8366341,0.041082834
4.4519136,1.4,1.8,375041,8424265,0.044519136
5.2011242,1.4,1.9,442151,8501066,0.052011242
5.3507037,1.4,2,455011,8503760,0.053507037
6.2600608,1.4,2.1,531611,8492106,0.062600608
6.834088,1.4,2.2,582957,8530136,0.06834088
7.0541826,1.4,2.3,600391,8511135,0.070541826
7.2143348,1.4,2.4,618558,8574013,0.072143348
7.5561771,1.4,2.5,653832,8652947,0.075561771
8.2192976,1.4,2.6,702662,8548930,0.082192976
8.2050468,1.4,2.7,698941,8518428,0.082050468
8.3636822,1.4,2.8,713878,8535451,0.083636822
8.7672977,1.4,2.9,752265,8580352,0.087672977
8.7264607,1.4,3,746359,8552826,0.087264607
0.101308,1.5,1.1,8234,8127691,0.00101308
0.583604,1.5,1.2,48580,8324137,0.00583604
1.1365032,1.5,1.3,95797,8429101,0.011365032
1.8267138,1.5,1.4,157023,8595928,0.018267138
2.5857194,1.5,1.5,225445,8718850,0.025857194
3.1006315,1.5,1.6,272936,8802594,0.031006315
3.6430881,1.5,1.7,320330,8792815,0.036430881
4.1711827,1.5,1.8,368224,8827808,0.041711827
5.0999648,1.5,1.9,451521,8853414,0.050999648
4.9955981,1.5,2,443116,8870129,0.049955981
5.716547,1.5,2.1,508788,8900268,0.05716547
6.0119797,1.5,2.2,534719,8894225,0.060119797
6.3605943,1.5,2.3,565858,8896307,0.063605943
6.6815952,1.5,2.4,596167,8922525,0.066815952
7.174852,1.5,2.5,636854,8876197,0.07174852
7.6272606,1.5,2.6,676747,8872740,0.076272606
7.2477059,1.5,2.7,646653,8922175,0.072477059
7.3304891,1.5,2.8,656297,8952977,0.073304891
7.660789,1.5,2.9,682331,8906798,0.07660789
7.566624,1.5,3,678204,8963099,0.07566624
0.3461333,1.1,1.1,18078,5222843,0.003461333
1.257622,1.1,1.2,68889,5477719,0.01257622
2.4093298,1.1,1.3,136134,5650285,0.024093298
3.7895252,1.1,1.4,219010,5779352,0.037895252
5.0527965,1.1,1.5,302006,5977007,0.050527965
5.9302327,1.1,1.6,357225,6023794,0.059302327
6.8941538,1.1,1.7,424609,6158972,0.068941538
8.0821463,1.1,1.8,491440,6080563,0.080821463
9.7048219,1.1,1.9,596549,6146934,0.097048219
10.491974,1.1,2,650974,6204495,0.10491974
10.8486966,1.1,2.1,672264,6196726,0.108486966
11.9909937,1.1,2.2,747873,6236956,0.119909937
13.1073302,1.1,2.3,817368,6235961,0.131073302
13.29907,1.1,2.4,841390,6326683,0.1329907
13.6699333,1.1,2.5,860954,6298158,0.136699333
14.5438572,1.1,2.6,913985,6284337,0.145438572
15.116292,1.1,2.7,949857,6283664,0.15116292
15.4394328,1.1,2.8,978611,6338387,0.154394328
16.2518869,1.1,2.9,1039687,6397331,0.162518869
16.3815592,1.1,3,1028403,6277809,0.163815592
0.2226089,1.2,1.1,14336,6439994,0.002226089
0.8542432,1.2,1.2,57659,6749717,0.008542432
1.4263955,1.2,1.3,97055,6804214,0.014263955
2.4971832,1.2,1.4,175752,7038010,0.024971832
3.3463774,1.2,1.5,237098,7085214,0.033463774
4.5382436,1.2,1.6,323547,7129344,0.045382436
5.1597205,1.2,1.7,372486,7219112,0.051597205
5.8592001,1.2,1.8,425270,7258158,0.058592001
7.0505848,1.2,1.9,510772,7244392,0.070505848
7.4620058,1.2,2,545625,7312042,0.074620058
8.2275606,1.2,2.1,603737,7337983,0.082275606
8.9131306,1.2,2.2,654906,7347654,0.089131306
10.0946359,1.2,2.3,736970,7300610,0.100946359
9.5896695,1.2,2.4,711831,7422894,0.095896695
10.6465884,1.2,2.5,783383,7358066,0.106465884
10.3429211,1.2,2.6,767579,7421298,0.103429211
10.8676671,1.2,2.7,801426,7374407,0.108676671
11.1905736,1.2,2.8,832765,7441665,0.111905736
11.7473436,1.2,2.9,873491,7435647,0.117473436
12.3908117,1.2,3,914984,7384375,0.123908117
0.1778755,1.3,1.1,12796,7193796,0.001778755
0.6959481,1.3,1.2,51523,7403282,0.006959481
1.3339078,1.3,1.3,101173,7584707,0.013339078
2.0220576,1.3,1.4,155083,7669564,0.020220576
3.0671588,1.3,1.5,237822,7753821,0.030671588
3.8938281,1.3,1.6,306202,7863778,0.038938281
4.5176769,1.3,1.7,359983,7968321,0.045176769
5.189645,1.3,1.8,410183,7903874,0.05189645
5.8737018,1.3,1.9,468836,7981951,0.058737018
6.1192276,1.3,2,490940,8022908,0.061192276
6.8265408,1.3,2.1,548503,8034860,0.068265408
7.3021244,1.3,2.2,588590,8060531,0.073021244
7.7754781,1.3,2.3,630436,8108003,0.077754781
8.4458888,1.3,2.4,682179,8077054,0.084458888
9.1118253,1.3,2.5,738795,8108090,0.091118253
8.9135344,1.3,2.6,716556,8038966,0.089135344
9.5006723,1.3,2.7,769976,8104437,0.095006723
10.1571889,1.3,2.8,820025,8073346,0.101571889
9.7075159,1.3,2.9,783235,8068336,0.097075159
10.3082137,1.3,3,835440,8104605,0.103082137
0.1317716,1.4,1.1,10219,7755086,0.001317716
0.6458412,1.4,1.2,51401,7958767,0.006458412
1.1708359,1.4,1.3,94252,8049975,0.011708359
2.0760945,1.4,1.4,170174,8196833,0.020760945
2.8597136,1.4,1.5,238975,8356606,0.028597136
3.5121993,1.4,1.6,295145,8403424,0.035121993
4.2017416,1.4,1.7,353141,8404634,0.042017416
4.413706,1.4,1.8,372671,8443494,0.04413706
5.3625119,1.4,1.9,452124,8431198,0.053625119
5.4767003,1.4,2,463102,8455858,0.054767003
5.6431735,1.4,2.1,480609,8516644,0.056431735
6.7038526,1.4,2.2,575776,8588733,0.067038526
7.1126076,1.4,2.3,607931,8547231,0.071126076
7.7842702,1.4,2.4,663131,8518859,0.077842702
7.6736272,1.4,2.5,655482,8542010,0.076736272
8.0054712,1.4,2.6,684070,8545031,0.080054712
8.1761176,1.4,2.7,698723,8545902,0.081761176
8.9478789,1.4,2.8,767160,8573652,0.089478789
8.2930268,1.4,2.9,711977,8585249,0.082930268
8.7775224,1.4,3,753658,8586227,0.087775224
0.1300937,1.5,1.1,10581,8133367,0.001300937
0.5992068,1.5,1.2,50126,8365393,0.005992068
1.2569079,1.5,1.3,106558,8477789,0.012569079
1.8416384,1.5,1.4,159188,8643825,0.018416384
2.6679079,1.5,1.5,231738,8686132,0.026679079
3.2554584,1.5,1.6,283999,8723779,0.032554584
3.6297571,1.5,1.7,319882,8812766,0.036297571
4.2083571,1.5,1.8,370145,8795475,0.042083571
4.8998359,1.5,1.9,434275,8863052,0.048998359
4.9356587,1.5,2,438021,8874621,0.049356587
5.5677049,1.5,2.1,497478,8935064,0.055677049
5.8606089,1.5,2.2,522343,8912777,0.058606089
6.2481827,1.5,2.3,560407,8969120,0.062481827
6.1919901,1.5,2.4,551033,8899126,0.061919901
7.1263531,1.5,2.5,633966,8896079,0.071263531
6.6769011,1.5,2.6,600248,8989919,0.066769011
7.0962594,1.5,2.7,634202,8937131,0.070962594
7.0031886,1.5,2.8,628162,8969657,0.070031886
7.8467465,1.5,2.9,698346,8899816,0.078467465
7.9552657,1.5,3,711506,8943837,0.079552657
0.3546402,1.1,1.1,24984,7044886,0.003546402
1.1537386,1.1,1.2,86246,7475350,0.011537386
2.0842425,1.1,1.3,162424,7792951,0.020842425
2.8867438,1.1,1.4,224543,7778418,0.028867438
3.9856397,1.1,1.5,311973,7827426,0.039856397
4.9425965,1.1,1.6,393963,7970770,0.049425965
5.8251446,1.1,1.7,459032,7880182,0.058251446
5.9463697,1.1,1.8,479404,8062129,0.059463697
7.4849735,1.1,1.9,612137,8178212,0.074849735
7.4479006,1.1,2,607268,8153546,0.074479006
8.4909751,1.1,2.1,694440,8178566,0.084909751
9.2690574,1.1,2.2,753825,8132704,0.092690574
9.3359592,1.1,2.3,765683,8201439,0.093359592
10.2051161,1.1,2.4,831311,8146022,0.102051161
10.1009123,1.1,2.5,832888,8245671,0.101009123
11.0913446,1.1,2.6,904711,8156910,0.110913446
11.1719072,1.1,2.7,918495,8221470,0.111719072
11.9739215,1.1,2.8,993434,8296647,0.119739215
11.8013575,1.1,2.9,986038,8355293,0.118013575
12.2454129,1.1,3,1007069,8224051,0.122454129
0.1907797,1.2,1.1,16220,8501955,0.001907797
0.7753533,1.2,1.2,67332,8684041,0.007753533
1.3962374,1.2,1.3,124059,8885237,0.013962374
2.2500649,1.2,1.4,204857,9104493,0.022500649
2.9457946,1.2,1.5,268734,9122632,0.029457946
3.364556,1.2,1.6,311858,9268920,0.03364556
4.3995519,1.2,1.7,408284,9280127,0.043995519
4.3156327,1.2,1.8,400138,9271827,0.043156327
5.1349355,1.2,1.9,481499,9376924,0.051349355
5.6647832,1.2,2,526012,9285651,0.056647832
5.8870466,1.2,2.1,552166,9379338,0.058870466
6.7516547,1.2,2.2,638124,9451372,0.067516547
7.0274564,1.2,2.3,662071,9421204,0.070274564
7.3113726,1.2,2.4,692967,9477933,0.073113726
8.014368,1.2,2.5,750612,9365829,0.08014368
8.0097983,1.2,2.6,755078,9426929,0.080097983
8.4014876,1.2,2.7,794301,9454290,0.084014876
8.9519418,1.2,2.8,839104,9373430,0.089519418
8.7483544,1.2,2.9,827013,9453355,0.087483544
8.8385907,1.2,3,830330,9394371,0.088385907
0.1337624,1.3,1.1,12348,9231292,0.001337624
0.6303099,1.3,1.2,59505,9440594,0.006303099
1.1238434,1.3,1.3,108715,9673501,0.011238434
1.912794,1.3,1.4,187272,9790495,0.01912794
2.3586978,1.3,1.5,231751,9825379,0.023586978
2.9760229,1.3,1.6,297555,9998411,0.029760229
3.5890739,1.3,1.7,360550,10045767,0.035890739
3.896552,1.3,1.8,390892,10031741,0.03896552
4.3576011,1.3,1.9,438212,10056267,0.043576011
4.8184244,1.3,2,486709,10100999,0.048184244
5.1081279,1.3,2.1,517009,10121301,0.051081279
5.9391493,1.3,2.2,600073,10103686,0.059391493
5.9216566,1.3,2.3,599191,10118638,0.059216566
5.9714098,1.3,2.4,603193,10101350,0.059714098
6.3325294,1.3,2.5,639837,10103972,0.063325294
6.359462,1.3,2.6,643113,10112695,0.06359462
6.7407203,1.3,2.7,685332,10167044,0.067407203
6.9611835,1.3,2.8,713013,10242698,0.069611835
7.2350792,1.3,2.9,735607,10167228,0.072350792
7.5751411,1.3,3,769999,10164814,0.075751411
0.1215786,1.4,1.1,11922,9806005,0.001215786
0.547788,1.4,1.2,54846,10012268,0.00547788
1.0030406,1.4,1.3,101758,10144953,0.010030406
1.5575057,1.4,1.4,160864,10328309,0.015575057
1.9918104,1.4,1.5,206404,10362633,0.019918104
2.5702574,1.4,1.6,266966,10386742,0.025702574
2.8601931,1.4,1.7,298210,10426219,0.028601931
3.172102,1.4,1.8,331430,10448277,0.03172102
3.9485686,1.4,1.9,415517,10523231,0.039485686
3.7223093,1.4,2,388762,10444108,0.037223093
4.2852239,1.4,2.1,450936,10523044,0.042852239
5.0434987,1.4,2.2,533010,10568259,0.050434987
4.9020226,1.4,2.3,519694,10601624,0.049020226
5.117314,1.4,2.4,541339,10578577,0.05117314
5.3545464,1.4,2.5,568120,10610049,0.053545464
5.5271134,1.4,2.6,588664,10650478,0.055271134
5.7217446,1.4,2.7,605729,10586439,0.057217446
5.7200562,1.4,2.8,606258,10598812,0.057200562
6.1758369,1.4,2.9,655140,10608117,0.061758369
6.4646368,1.4,3,683467,10572396,0.064646368
0.1130832,1.5,1.1,11512,10180117,0.001130832
0.4507433,1.5,1.2,46606,10339810,0.004507433
0.8514407,1.5,1.3,89560,10518642,0.008514407
1.3883041,1.5,1.4,148484,10695351,0.013883041
1.7960885,1.5,1.5,192496,10717512,0.017960885
2.3204973,1.5,1.6,249208,10739422,0.023204973
2.6674889,1.5,1.7,286303,10733053,0.026674889
3.2891317,1.5,1.8,356510,10839031,0.032891317
3.3827402,1.5,1.9,367864,10874734,0.033827402
3.356432,1.5,2,365300,10883581,0.03356432
4.0188091,1.5,2.1,438786,10918309,0.040188091
4.3281714,1.5,2.2,475291,10981335,0.043281714
4.4529375,1.5,2.3,488897,10979202,0.044529375
4.6302588,1.5,2.4,506831,10946062,0.046302588
4.9801708,1.5,2.5,542354,10890269,0.049801708
5.1788878,1.5,2.6,562848,10868125,0.051788878
4.9899206,1.5,2.7,546967,10961437,0.049899206
5.3712706,1.5,2.8,585475,10900121,0.053712706
5.2945031,1.5,2.9,578302,10922687,0.052945031
5.3930823,1.5,3,590768,10954181,0.053930823
0.287566,1.1,1.1,25591,8899175,0.00287566
1.0114093,1.1,1.2,93910,9285064,0.010114093
1.8093381,1.1,1.3,171224,9463350,0.018093381
2.5332618,1.1,1.4,243084,9595692,0.025332618
3.5336582,1.1,1.5,345788,9785553,0.035336582
4.1427253,1.1,1.6,407154,9828168,0.041427253
4.9057733,1.1,1.7,487382,9934866,0.049057733
5.4921773,1.1,1.8,541910,9866943,0.054921773
5.9713001,1.1,1.9,601205,10068243,0.059713001
6.4550666,1.1,2,648797,10050973,0.064550666
7.1607891,1.1,2.1,718597,10035165,0.071607891
8.2965652,1.1,2.2,840266,10127878,0.082965652
8.5604526,1.1,2.3,862685,10077563,0.085604526
9.3197213,1.1,2.4,946167,10152310,0.093197213
9.4519678,1.1,2.5,955524,10109260,0.094519678
10.0947714,1.1,2.6,1020966,10113810,0.100947714
10.0977252,1.1,2.7,1033877,10238712,0.100977252
11.0146309,1.1,2.8,1120120,10169383,0.110146309
11.2487656,1.1,2.9,1155311,10270558,0.112487656
11.4916333,1.1,3,1164347,10132128,0.114916333
0.1437493,1.2,1.1,14937,10391006,0.001437493
0.6295335,1.2,1.2,67217,10677271,0.006295335
1.1730956,1.2,1.3,128364,10942331,0.011730956
2.0497943,1.2,1.4,226199,11035205,0.020497943
2.4275948,1.2,1.5,268836,11074171,0.024275948
3.1836491,1.2,1.6,356831,11208239,0.031836491
3.3279338,1.2,1.7,374343,11248511,0.033279338
4.0453356,1.2,1.8,455634,11263194,0.040453356
4.4931156,1.2,1.9,509753,11345201,0.044931156
4.6768756,1.2,2,529725,11326472,0.046768756
5.3025199,1.2,2.1,604153,11393696,0.053025199
6.2695546,1.2,2.2,720328,11489301,0.062695546
6.3297285,1.2,2.3,726820,11482641,0.063297285
6.536389,1.2,2.4,752257,11508755,0.06536389
7.0183725,1.2,2.5,803693,11451273,0.070183725
7.3598262,1.2,2.6,845081,11482350,0.073598262
7.725748,1.2,2.7,888564,11501333,0.07725748
7.9181031,1.2,2.8,912235,11520878,0.079181031
7.6770614,1.2,2.9,882662,11497394,0.076770614
8.0416443,1.2,3,930225,11567597,0.080416443
0.1074815,1.3,1.1,12055,11215884,0.001074815
0.5596099,1.3,1.2,64569,11538216,0.005596099
1.0743152,1.3,1.3,125452,11677392,0.010743152
1.5376911,1.3,1.4,182166,11846723,0.015376911
2.095866,1.3,1.5,250033,11929818,0.02095866
2.6107967,1.3,1.6,314258,12036862,0.026107967
2.8800304,1.3,1.7,346370,12026609,0.028800304
3.3100261,1.3,1.8,399991,12084225,0.033100261
3.6183307,1.3,1.9,438073,12107047,0.036183307
4.174045,1.3,2,505207,12103535,0.04174045
4.5366437,1.3,2.1,548665,12094073,0.045366437
4.8573687,1.3,2.2,591902,12185651,0.048573687
5.1739948,1.3,2.3,630946,12194562,0.051739948
5.120722,1.3,2.4,625028,12205857,0.05120722
5.4709714,1.3,2.5,666895,12189700,0.054709714
5.8919868,1.3,2.6,718981,12202692,0.058919868
5.9639331,1.3,2.7,728248,12210868,0.059639331
6.2649446,1.3,2.8,768098,12260252,0.062649446
6.6402146,1.3,2.9,810117,12200163,0.066402146
6.4632621,1.3,3,790447,12229846,0.064632621
0.0975091,1.4,1.1,11500,11793775,0.000975091
0.4198139,1.4,1.2,50693,12075112,0.004198139
0.9135524,1.4,1.3,111719,12229074,0.009135524
1.3784693,1.4,1.4,170526,12370678,0.013784693
1.7820452,1.4,1.5,221380,12422805,0.017820452
2.1872659,1.4,1.6,274018,12527878,0.021872659
2.6305797,1.4,1.7,329761,12535678,0.026305797
2.9509163,1.4,1.8,370957,12570909,0.029509163
3.3553516,1.4,1.9,423089,12609379,0.033553516
3.5605237,1.4,2,449974,12637860,0.035605237
3.8982392,1.4,2.1,489731,12562877,0.038982392
4.3177838,1.4,2.2,549198,12719442,0.043177838
4.455802,1.4,2.3,562389,12621499,0.04455802
4.8627753,1.4,2.4,615794,12663427,0.048627753
4.8817633,1.4,2.5,618101,12661429,0.048817633
5.149155,1.4,2.6,655899,12737993,0.05149155
5.042185,1.4,2.7,641279,12718276,0.05042185
5.396358,1.4,2.8,686807,12727232,0.05396358
5.3359113,1.4,2.9,674835,12647043,0.053359113
5.703759,1.4,3,721166,12643697,0.05703759
0.0819729,1.5,1.1,10030,12235756,0.000819729
0.4568135,1.5,1.2,57284,12539909,0.004568135
0.7751828,1.5,1.3,97725,12606704,0.007751828
1.1289922,1.5,1.4,143307,12693356,0.011289922
1.5633768,1.5,1.5,199680,12772353,0.015633768
1.9620912,1.5,1.6,251983,12842573,0.019620912
2.3973115,1.5,1.7,309243,12899575,0.023973115
2.6043491,1.5,1.8,336402,12916932,0.026043491
3.0398568,1.5,1.9,393142,12932912,0.030398568
3.0581102,1.5,2,397359,12993613,0.030581102
3.4711359,1.5,2.1,451649,13011562,0.034711359
3.9474557,1.5,2.2,514440,13032192,0.039474557
3.7417972,1.5,2.3,488743,13061718,0.037417972
4.0812568,1.5,2.4,530564,13000015,0.040812568
4.0150052,1.5,2.5,524467,13062673,0.040150052
4.4493945,1.5,2.6,581761,13075060,0.044493945
4.4200369,1.5,2.7,575522,13020751,0.044200369
4.8103418,1.5,2.8,627855,13052191,0.048103418
4.7278399,1.5,2.9,616733,13044710,0.047278399
4.9606149,1.5,3,646359,13029816,0.049606149
0.2727718,1.1,1.1,24610,9022195,0.002727718
1.0097534,1.1,1.2,93448,9254537,0.010097534
1.6643741,1.1,1.3,158098,9498946,0.016643741
2.5570418,1.1,1.4,248730,9727256,0.025570418
3.2438294,1.1,1.5,314709,9701774,0.032438294
4.163376,1.1,1.6,412192,9900427,0.04163376
4.7085907,1.1,1.7,467181,9921886,0.047085907
5.3827058,1.1,1.8,536351,9964338,0.053827058
5.8316104,1.1,1.9,577987,9911276,0.058316104
6.7900403,1.1,2,678309,9989764,0.067900403
7.5501963,1.1,2.1,758204,10042176,0.075501963
8.2508246,1.1,2.2,829653,10055395,0.082508246
8.8350945,1.1,2.3,897971,10163683,0.088350945
9.0276953,1.1,2.4,915595,10142068,0.090276953
9.7504051,1.1,2.5,985350,10105734,0.097504051
9.9342485,1.1,2.6,1014192,10209046,0.099342485
10.7171214,1.1,2.7,1085752,10131004,0.107171214
10.8620297,1.1,2.8,1122513,10334284,0.108620297
11.2588333,1.1,2.9,1152483,10236256,0.112588333
11.3738888,1.1,3,1154438,10149897,0.113738888
0.1320824,1.2,1.1,13792,10441970,0.001320824
0.6396609,1.2,1.2,68885,10768987,0.006396609
1.2690921,1.2,1.3,138745,10932619,0.012690921
1.9315324,1.2,1.4,212853,11019903,0.019315324
2.4316197,1.2,1.5,270680,11131675,0.024316197
3.0002589,1.2,1.6,337663,11254462,0.030002589
3.1266566,1.2,1.7,351341,11236955,0.031266566
4.0012112,1.2,1.8,454696,11363959,0.040012112
4.3182982,1.2,1.9,493633,11431193,0.043182982
4.8931629,1.2,2,557100,11385274,0.048931629
5.2993676,1.2,2.1,605421,11424401,0.052993676
5.9385726,1.2,2.2,679565,11443238,0.059385726
6.0490448,1.2,2.3,692202,11443162,0.060490448
6.4901483,1.2,2.4,745185,11481787,0.064901483
7.1912956,1.2,2.5,824401,11463873,0.071912956
7.1492989,1.2,2.6,818262,11445346,0.071492989
7.6913152,1.2,2.7,888844,11556463,0.076913152
7.7290886,1.2,2.8,888062,11489867,0.077290886
7.9173587,1.2,2.9,908999,11481089,0.079173587
7.9462743,1.2,3,921273,11593773,0.079462743
0.1137574,1.3,1.1,12788,11241471,0.001137574
0.5317413,1.3,1.2,61064,11483780,0.005317413
0.992909,1.3,1.3,116760,11759386,0.00992909
1.6939543,1.3,1.4,200456,11833613,0.016939543
1.9487879,1.3,1.5,233119,11962256,0.019487879
2.3555968,1.3,1.6,282881,12008889,0.023555968
2.9413535,1.3,1.7,355306,12079677,0.029413535
3.1561513,1.3,1.8,382322,12113551,0.031561513
3.7427433,1.3,1.9,452672,12094658,0.037427433
3.9216484,1.3,2,476989,12162972,0.039216484
4.4459787,1.3,2.1,542202,12195335,0.044459787
4.9476825,1.3,2.2,603557,12198782,0.049476825
5.1017803,1.3,2.3,623475,12220734,0.051017803
5.3583564,1.3,2.4,653242,12191089,0.053583564
5.6218444,1.3,2.5,686862,12217734,0.056218444
5.8516807,1.3,2.6,717056,12253847,0.058516807
5.8767908,1.3,2.7,714246,12153674,0.058767908
6.3346153,1.3,2.8,771667,12181750,0.063346153
6.1184254,1.3,2.9,751660,12285187,0.061184254
6.6011635,1.3,3,806855,12222921,0.066011635
0.0789908,1.4,1.1,9283,11752004,0.000789908
0.479902,1.4,1.2,57980,12081633,0.00479902
0.896408,1.4,1.3,110136,12286370,0.00896408
1.3519661,1.4,1.4,167045,12355709,0.013519661
1.6826234,1.4,1.5,209375,12443367,0.016826234
2.073384,1.4,1.6,257797,12433635,0.02073384
2.473874,1.4,1.7,309760,12521252,0.02473874
2.9940261,1.4,1.8,377491,12608140,0.029940261
3.282767,1.4,1.9,414577,12628889,0.03282767
3.516133,1.4,2,443444,12611696,0.03516133
3.7661012,1.4,2.1,476547,12653590,0.037661012
4.1226875,1.4,2.2,521423,12647648,0.041226875
4.4298347,1.4,2.3,560482,12652436,0.044298347
4.7964429,1.4,2.4,607123,12657776,0.047964429
4.653819,1.4,2.5,590031,12678426,0.04653819
5.0526679,1.4,2.6,641965,12705466,0.050526679
5.0916507,1.4,2.7,645479,12677205,0.050916507
5.3483202,1.4,2.8,677205,12662013,0.053483202
5.3987917,1.4,2.9,684064,12670687,0.053987917
5.5338572,1.4,3,704055,12722681,0.055338572
0.0927966,1.5,1.1,11313,12191183,0.000927966
0.4491608,1.5,1.2,56087,12487065,0.004491608
0.7667936,1.5,1.3,96975,12646819,0.007667936
1.1919578,1.5,1.4,151699,12726877,0.011919578
1.6676513,1.5,1.5,213455,12799738,0.016676513
1.9663217,1.5,1.6,253025,12867935,0.019663217
2.2652056,1.5,1.7,291286,12859142,0.022652056
2.5309726,1.5,1.8,328284,12970666,0.025309726
2.8444435,1.5,1.9,369488,12989817,0.028444435
3.0172499,1.5,2,390898,12955440,0.030172499
3.4132069,1.5,2.1,443073,12981135,0.034132069
3.8791052,1.5,2.2,505282,13025736,0.038791052
3.8244901,1.5,2.3,498573,13036326,0.038244901
3.8338266,1.5,2.4,501843,13089872,0.038338266
3.9281927,1.5,2.5,512261,13040628,0.039281927
4.4642772,1.5,2.6,583233,13064444,0.044642772
4.3041183,1.5,2.7,561692,13050106,0.043041183
4.6197431,1.5,2.8,602126,13033755,0.046197431
4.6117115,1.5,2.9,601007,13032190,0.046117115
4.6982795,1.5,3,611983,13025683,0.046982795
0.2608525,1.1,1.1,22903,8780058,0.002608525
1.0444098,1.1,1.2,97800,9364140,0.010444098
1.7676197,1.1,1.3,167046,9450336,0.017676197
2.7342631,1.1,1.4,263783,9647316,0.027342631
3.1500802,1.1,1.5,307587,9764418,0.031500802
4.1297533,1.1,1.6,403894,9780100,0.041297533
4.3389162,1.1,1.7,428984,9886893,0.043389162
5.4754474,1.1,1.8,542344,9905017,0.054754474
6.0765648,1.1,1.9,612655,10082259,0.060765648
6.8852332,1.1,2,692178,10053080,0.068852332
7.1014207,1.1,2.1,716067,10083433,0.071014207
8.0598401,1.1,2.2,815626,10119630,0.080598401
8.7646035,1.1,2.3,885468,10102773,0.087646035
9.318161,1.1,2.4,940102,10088922,0.09318161
9.6742895,1.1,2.5,980621,10136362,0.096742895
10.0698678,1.1,2.6,1024919,10178078,0.100698678
10.5301073,1.1,2.7,1066637,10129403,0.105301073
11.0676492,1.1,2.8,1123664,10152689,0.110676492
11.1304912,1.1,2.9,1132317,10173109,0.111304912
11.5813957,1.1,3,1183154,10215988,0.115813957
0.1306131,1.2,1.1,13635,10439232,0.001306131
0.6613789,1.2,1.2,71255,10773703,0.006613789
1.2498843,1.2,1.3,136018,10882447,0.012498843
1.9275468,1.2,1.4,213292,11065464,0.019275468
2.3967621,1.2,1.5,267684,11168568,0.023967621
3.1147246,1.2,1.6,350687,11259005,0.031147246
3.3678317,1.2,1.7,379226,11260242,0.033678317
4.185404,1.2,1.8,471940,11275853,0.04185404
4.1553394,1.2,1.9,473167,11386964,0.041553394
5.1056906,1.2,2,582552,11409857,0.051056906
5.3751228,1.2,2.1,617130,11481226,0.053751228
5.9241846,1.2,2.2,677342,11433506,0.059241846
6.3970611,1.2,2.3,728285,11384681,0.063970611
6.4447043,1.2,2.4,745585,11568956,0.064447043
6.6838698,1.2,2.5,766457,11467264,0.066838698
7.1958688,1.2,2.6,828952,11519832,0.071958688
7.5113192,1.2,2.7,859349,11440720,0.075113192
7.5127561,1.2,2.8,863421,11492733,0.075127561
7.7954284,1.2,2.9,896024,11494224,0.077954284
8.4458118,1.2,3,965729,11434413,0.084458118
0.0972246,1.3,1.1,10910,11221435,0.000972246
0.5438279,1.3,1.2,62908,11567630,0.005438279
0.9913274,1.3,1.3,116410,11742841,0.009913274
1.565968,1.3,1.4,185241,11829169,0.01565968
2.0284435,1.3,1.5,241854,11923132,0.020284435
2.5402622,1.3,1.6,303512,11948058,0.025402622
2.8509091,1.3,1.7,343340,12043176,0.028509091
3.1960898,1.3,1.8,386428,12090649,0.031960898
3.4218232,1.3,1.9,415426,12140487,0.034218232
4.1552482,1.3,2,502434,12091552,0.041552482
4.6930285,1.3,2.1,572374,12196261,0.046930285
5.0032856,1.3,2.2,608054,12153094,0.050032856
5.1361219,1.3,2.3,627906,12225294,0.051361219
5.2608698,1.3,2.4,645850,12276487,0.052608698
5.8066071,1.3,2.5,708312,12198380,0.058066071
5.8563008,1.3,2.6,715220,12212829,0.058563008
6.2895412,1.3,2.7,769915,12241195,0.062895412
6.2209195,1.3,2.8,760770,12229221,0.062209195
6.1249652,1.3,2.9,744806,12160167,0.061249652
6.3158879,1.3,3,771430,12214118,0.063158879
0.0840013,1.4,1.1,9916,11804581,0.000840013
0.4354659,1.4,1.2,52652,12090957,0.004354659
0.9154369,1.4,1.3,112388,12276980,0.009154369
1.4850266,1.4,1.4,183837,12379374,0.014850266
1.7786589,1.4,1.5,221268,12440159,0.017786589
2.2297144,1.4,1.6,277130,12428946,0.022297144
2.5757912,1.4,1.7,321822,12494103,0.025757912
2.7323616,1.4,1.8,342426,12532236,0.027323616
3.2500318,1.4,1.9,409733,12607046,0.032500318
3.4562424,1.4,2,436059,12616563,0.034562424
3.6459229,1.4,2.1,460528,12631315,0.036459229
4.259002,1.4,2.2,539663,12671114,0.04259002
4.3979587,1.4,2.3,559870,12730224,0.043979587
4.6194057,1.4,2.4,583372,12628724,0.046194057
4.8427347,1.4,2.5,614130,12681471,0.048427347
4.8958294,1.4,2.6,622214,12709062,0.048958294
4.825677,1.4,2.7,614153,12726774,0.04825677
5.172381,1.4,2.8,655562,12674279,0.05172381
5.3916856,1.4,2.9,683244,12672178,0.053916856
5.7580432,1.4,3,729294,12665657,0.057580432
0.0835334,1.5,1.1,10231,12247802,0.000835334
0.467984,1.5,1.2,58556,12512394,0.00467984
0.7816862,1.5,1.3,98397,12587788,0.007816862
1.2906897,1.5,1.4,164676,12758760,0.012906897
1.6172487,1.5,1.5,207202,12812006,0.016172487
1.9932074,1.5,1.6,255472,12817131,0.019932074
2.2500295,1.5,1.7,290120,12894053,0.022500295
2.5028409,1.5,1.8,324257,12955558,0.025028409
2.9232868,1.5,1.9,378873,12960514,0.029232868
3.1648101,1.5,2,410377,12966876,0.031648101
3.6199641,1.5,2.1,471601,13027781,0.036199641
3.7875021,1.5,2.2,492569,13005115,0.037875021
4.1798016,1.5,2.3,544357,13023513,0.041798016
4.1370899,1.5,2.4,539725,13046006,0.041370899
4.1632694,1.5,2.5,541093,12996829,0.041632694
4.4185426,1.5,2.6,575412,13022665,0.044185426
4.536921,1.5,2.7,590551,13016559,0.04536921
4.8756898,1.5,2.8,635939,13043057,0.048756898
4.4065913,1.5,2.9,573493,13014436,0.044065913
4.8134593,1.5,3,626039,13006010,0.048134593
0.2695595,1.1,1.1,27862,10336124,0.002695595
0.9958762,1.1,1.2,106753,10719505,0.009958762
1.9214835,1.1,1.3,208963,10875087,0.019214835
2.8007914,1.1,1.4,313499,11193229,0.028007914
3.4787479,1.1,1.5,394803,11348997,0.034787479
4.4720904,1.1,1.6,512757,11465712,0.044720904
5.1370364,1.1,1.7,589037,11466475,0.051370364
5.8917726,1.1,1.8,679232,11528483,0.058917726
6.385494,1.1,1.9,736986,11541566,0.06385494
7.1524309,1.1,2,822810,11503921,0.071524309
7.5909593,1.1,2.1,883361,11637014,0.075909593
8.7972099,1.1,2.2,1024310,11643578,0.087972099
9.1551653,1.1,2.3,1075509,11747565,0.091551653
9.5868857,1.1,2.4,1126180,11747089,0.095868857
10.3729872,1.1,2.5,1207485,11640668,0.103729872
10.9061141,1.1,2.6,1282477,11759248,0.109061141
10.7249914,1.1,2.7,1257904,11728718,0.107249914
11.69097,1.1,2.8,1374505,11756980,0.1169097
12.1068003,1.1,2.9,1429909,11810792,0.121068003
11.9336174,1.1,3,1392701,11670401,0.119336174
0.1351009,1.2,1.1,16372,12118354,0.001351009
0.6933236,1.2,1.2,86437,12467050,0.006933236
1.2544134,1.2,1.3,158214,12612588,0.012544134
2.0797073,1.2,1.4,266773,12827430,0.020797073
2.447307,1.2,1.5,315173,12878360,0.02447307
3.1281812,1.2,1.6,406729,13002092,0.031281812
3.6171005,1.2,1.7,473052,13078210,0.036171005
4.3694068,1.2,1.8,572854,13110567,0.043694068
4.5318989,1.2,1.9,596012,13151485,0.045318989
5.2194809,1.2,2,685702,13137360,0.052194809
5.3319028,1.2,2.1,703745,13198759,0.053319028
6.3537703,1.2,2.2,839785,13217113,0.063537703
6.5021911,1.2,2.3,863424,13278970,0.065021911
7.1673476,1.2,2.4,948861,13238663,0.071673476
7.5473824,1.2,2.5,996916,13208765,0.075473824
7.5989468,1.2,2.6,1006208,13241414,0.075989468
7.8159297,1.2,2.7,1037756,13277448,0.078159297
7.8748441,1.2,2.8,1045544,13277012,0.078748441
8.3527978,1.2,2.9,1111949,13312294,0.083527978
8.2775369,1.2,3,1098909,13275797,0.082775369
0.1189059,1.3,1.1,15660,13170083,0.001189059
0.5240187,1.3,1.2,70514,13456391,0.005240187
0.9445162,1.3,1.3,128459,13600508,0.009445162
1.6191254,1.3,1.4,222021,13712403,0.016191254
2.0264649,1.3,1.5,279997,13817017,0.020264649
2.5338325,1.3,1.6,354076,13973931,0.025338325
3.0809376,1.3,1.7,432084,14024432,0.030809376
3.3654947,1.3,1.8,471836,14019811,0.033654947
3.8708498,1.3,1.9,544643,14070373,0.038708498
4.1601154,1.3,2,587064,14111724,0.041601154
4.6403098,1.3,2.1,652669,14065203,0.046403098
5.3509599,1.3,2.2,755045,14110459,0.053509599
5.3458198,1.3,2.3,758157,14182240,0.053458198
5.8518132,1.3,2.4,826517,14124118,0.058518132
6.0830622,1.3,2.5,860115,14139507,0.060830622
5.9540513,1.3,2.6,845930,14207637,0.059540513
6.0902536,1.3,2.7,865081,14204351,0.060902536
6.2020368,1.3,2.8,882617,14231083,0.062020368
6.3382091,1.3,2.9,894946,14119856,0.063382091
6.6450134,1.3,3,940209,14149091,0.066450134
0.101803,1.4,1.1,14104,13854206,0.00101803
0.4532723,1.4,1.2,63771,14069025,0.004532723
0.8042799,1.4,1.3,114327,14214827,0.008042799
1.371883,1.4,1.4,197153,14370978,0.01371883
1.8813867,1.4,1.5,272421,14479798,0.018813867
2.2428922,1.4,1.6,326059,14537435,0.022428922
2.5434712,1.4,1.7,369668,14533996,0.025434712
2.8409141,1.4,1.8,414454,14588755,0.028409141
3.2798261,1.4,1.9,482041,14697151,0.032798261
3.7094698,1.4,2,544465,14677704,0.037094698
3.8751647,1.4,2.1,571142,14738522,0.038751647
4.2865245,1.4,2.2,629305,14681008,0.042865245
4.4065008,1.4,2.3,647239,14688276,0.044065008
4.7968004,1.4,2.4,706642,14731528,0.047968004
4.9857787,1.4,2.5,733493,14711704,0.049857787
4.9995425,1.4,2.6,736623,14733808,0.049995425
5.2473268,1.4,2.7,772903,14729462,0.052473268
5.1947666,1.4,2.8,766230,14750037,0.051947666
5.4893139,1.4,2.9,806646,14694842,0.054893139
5.7699867,1.4,3,851909,14764488,0.057699867
0.1013676,1.5,1.1,14502,14306343,0.001013676
0.3925353,1.5,1.2,57145,14557925,0.003925353
0.7679762,1.5,1.3,113335,14757618,0.007679762
1.161947,1.5,1.4,172803,14871849,0.01161947
1.617209,1.5,1.5,241021,14903516,0.01617209
1.8775304,1.5,1.6,282064,15023139,0.018775304
2.3009076,1.5,1.7,346632,15065012,0.023009076
2.4583254,1.5,1.8,369715,15039303,0.024583254
2.9002033,1.5,1.9,437684,15091494,0.029002033
3.1266055,1.5,2,472245,15104080,0.031266055
3.4558032,1.5,2.1,520872,15072386,0.034558032
3.6606605,1.5,2.2,551247,15058676,0.036606605
3.8097608,1.5,2.3,578241,15177882,0.038097608
4.1219768,1.5,2.4,623909,15136160,0.041219768
4.2088698,1.5,2.5,637250,15140644,0.042088698
4.2888095,1.5,2.6,652032,15203100,0.042888095
4.3447563,1.5,2.7,658004,15144785,0.043447563
4.8910185,1.5,2.8,739854,15126788,0.048910185
4.6345495,1.5,2.9,702166,15150685,0.046345495
4.8211989,1.5,3,728598,15112382,0.048211989
0.2591438,1.1,1.1,24206,9340760,0.002591438
1.0255323,1.1,1.2,99660,9717880,0.010255323
1.9479273,1.1,1.3,194669,9993648,0.019479273
2.8559557,1.1,1.4,293366,10272078,0.028559557
3.8054078,1.1,1.5,391487,10287649,0.038054078
4.6041757,1.1,1.6,474971,10316092,0.046041757
5.1955318,1.1,1.7,543331,10457659,0.051955318
5.7846866,1.1,1.8,615014,10631760,0.057846866
6.5063992,1.1,1.9,683466,10504520,0.065063992
7.0078493,1.1,2,743597,10610916,0.070078493
7.8368061,1.1,2.1,829772,10588140,0.078368061
8.2506454,1.1,2.2,877661,10637483,0.082506454
8.6811857,1.1,2.3,926307,10670282,0.086811857
8.5157806,1.1,2.4,917971,10779646,0.085157806
9.403431,1.1,2.5,1008434,10724107,0.09403431
9.5252566,1.1,2.6,1013413,10639220,0.095252566
9.6159521,1.1,2.7,1038929,10804224,0.096159521
10.3142336,1.1,2.8,1105320,10716453,0.103142336
10.6000942,1.1,2.9,1135991,10716801,0.106000942
10.6662308,1.1,3,1139079,10679302,0.106662308
0.1547075,1.2,1.1,16955,10959393,0.001547075
0.6726954,1.2,1.2,76130,11317157,0.006726954
1.2572216,1.2,1.3,143693,11429409,0.012572216
2.0176939,1.2,1.4,236095,11701230,0.020176939
2.6326694,1.2,1.5,308637,11723348,0.026326694
3.324777,1.2,1.6,392849,11815800,0.03324777
3.6719616,1.2,1.7,439079,11957614,0.036719616
4.2507423,1.2,1.8,503066,11834780,0.042507423
4.8476093,1.2,1.9,580290,11970643,0.048476093
5.122598,1.2,2,612315,11953212,0.05122598
5.5174125,1.2,2.1,662259,12003072,0.055174125
6.3933647,1.2,2.2,768134,12014550,0.063933647
6.3458282,1.2,2.3,763088,12025034,0.063458282
6.5511408,1.2,2.4,791658,12084277,0.065511408
7.0732547,1.2,2.5,848129,11990647,0.070732547
7.1468277,1.2,2.6,854728,11959544,0.071468277
7.0745667,1.2,2.7,855882,12098013,0.070745667
7.787791,1.2,2.8,935363,12010633,0.07787791
7.5053229,1.2,2.9,906035,12071899,0.075053229
7.8068581,1.2,3,942623,12074294,0.078068581
0.113255,1.3,1.1,13397,11829058,0.00113255
0.5698048,1.3,1.2,68899,12091685,0.005698048
1.1325143,1.3,1.3,138912,12265805,0.011325143
1.9026139,1.3,1.4,237212,12467690,0.019026139
2.1630823,1.3,1.5,272526,12598966,0.021630823
2.7689493,1.3,1.6,348826,12597775,0.027689493
3.285109,1.3,1.7,414805,12626826,0.03285109
3.7573544,1.3,1.8,476094,12670990,0.037573544
4.3075268,1.3,1.9,551307,12798690,0.043075268
4.5983514,1.3,2,585181,12725887,0.045983514
4.5423505,1.3,2.1,577038,12703511,0.045423505
4.9875189,1.3,2.2,639431,12820623,0.049875189
5.0859636,1.3,2.3,653551,12850092,0.050859636
5.6160463,1.3,2.4,718608,12795621,0.056160463
5.980643,1.3,2.5,766152,12810529,0.05980643
6.198814,1.3,2.6,795863,12838956,0.06198814
6.2232684,1.3,2.7,796486,12798516,0.062232684
6.2621453,1.3,2.8,800217,12778640,0.062621453
6.4077334,1.3,2.9,820901,12811098,0.064077334
6.7025626,1.3,3,860029,12831346,0.067025626
0.1018313,1.4,1.1,12653,12425452,0.001018313
0.4917538,1.4,1.2,61816,12570519,0.004917538
0.9751897,1.4,1.3,125732,12893081,0.009751897
1.5676884,1.4,1.4,204457,13041941,0.015676884
2.1142099,1.4,1.5,276709,13088057,0.021142099
2.467441,1.4,1.6,324828,13164570,0.02467441
2.7116125,1.4,1.7,358637,13225968,0.027116125
3.3144833,1.4,1.8,437845,13210053,0.033144833
3.6078746,1.4,1.9,477882,13245527,0.036078746
3.9139739,1.4,2,518839,13256067,0.039139739
4.1092194,1.4,2.1,546336,13295372,0.041092194
4.5275389,1.4,2.2,601173,13278141,0.045275389
4.8944999,1.4,2.3,653246,13346532,0.048944999
4.7354289,1.4,2.4,629641,13296388,0.047354289
4.9644387,1.4,2.5,659837,13291271,0.049644387
5.3420723,1.4,2.6,712702,13341302,0.053420723
5.5799079,1.4,2.7,744195,13337048,0.055799079
5.5264648,1.4,2.8,736537,13327453,0.055264648
5.7023744,1.4,2.9,764953,13414640,0.057023744
5.4699331,1.4,3,728959,13326653,0.054699331
0.0919523,1.5,1.1,11834,12869711,0.000919523
0.4267437,1.5,1.2,55902,13099667,0.004267437
0.8600642,1.5,1.3,114020,13257150,0.008600642
1.3684997,1.5,1.4,182797,13357475,0.013684997
1.7928977,1.5,1.5,240711,13425808,0.017928977
2.1004243,1.5,1.6,284368,13538598,0.021004243
2.5016688,1.5,1.7,339870,13585731,0.025016688
3.1023678,1.5,1.8,421680,13592199,0.031023678
3.2172006,1.5,1.9,439005,13645559,0.032172006
3.2205298,1.5,2,438066,13602296,0.032205298
3.5056064,1.5,2.1,478777,13657466,0.035056064
3.995096,1.5,2.2,547972,13716116,0.03995096
4.3110451,1.5,2.3,590038,13686658,0.043110451
4.4171588,1.5,2.4,604820,13692512,0.044171588
4.5879053,1.5,2.5,627209,13670923,0.045879053
4.4922399,1.5,2.6,613680,13660891,0.044922399
4.6629517,1.5,2.7,638822,13699949,0.046629517
4.6622168,1.5,2.8,637327,13670042,0.046622168
4.9104884,1.5,2.9,673920,13724093,0.049104884
4.8340918,1.5,3,660730,13668131,0.048340918
0.2326704,1.1,1.1,21414,9203577,0.002326704
0.7846259,1.1,1.2,74258,9464128,0.007846259
1.5247582,1.1,1.3,148632,9747906,0.015247582
2.3782571,1.1,1.4,237021,9966164,0.023782571
2.7592476,1.1,1.5,274040,9931693,0.027592476
3.2432893,1.1,1.6,326886,10078842,0.032432893
3.7918711,1.1,1.7,380890,10044909,0.037918711
4.3127796,1.1,1.8,438881,10176291,0.043127796
4.7514712,1.1,1.9,480993,10123033,0.047514712
5.163353,1.1,2,522556,10120478,0.05163353
5.8130495,1.1,2.1,592743,10196765,0.058130495
6.4607639,1.1,2.2,659031,10200512,0.064607639
6.660569,1.1,2.3,684738,10280473,0.06660569
6.9218262,1.1,2.4,717859,10370948,0.069218262
7.7184491,1.1,2.5,792084,10262217,0.077184491
7.827385,1.1,2.6,808184,10325083,0.07827385
7.9577516,1.1,2.7,816389,10259041,0.079577516
8.4406203,1.1,2.8,867734,10280453,0.084406203
8.1291407,1.1,2.9,838983,10320685,0.081291407
9.1907866,1.1,3,945478,10287237,0.091907866
0.133927,1.2,1.1,14256,10644604,0.00133927
0.5971147,1.2,1.2,65319,10939104,0.005971147
1.0250274,1.2,1.3,112685,10993365,0.010250274
1.7298261,1.2,1.4,193817,11204421,0.017298261
2.0876704,1.2,1.5,234331,11224521,0.020876704
2.3743345,1.2,1.6,267356,11260250,0.023743345
2.9549104,1.2,1.7,336166,11376521,0.029549104
3.0045712,1.2,1.8,341830,11376998,0.030045712
3.4828333,1.2,1.9,395059,11343035,0.034828333
3.9454956,1.2,2,447228,11335154,0.039454956
4.0449826,1.2,2.1,461429,11407441,0.040449826
4.6024724,1.2,2.2,528865,11490889,0.046024724
5.1121749,1.2,2.3,586234,11467409,0.051121749
5.0185498,1.2,2.4,576313,11483656,0.050185498
5.5376833,1.2,2.5,634725,11461923,0.055376833
5.4832141,1.2,2.6,629324,11477283,0.054832141
5.8693019,1.2,2.7,672063,11450476,0.058693019
5.732613,1.2,2.8,660445,11520837,0.05732613
5.8936934,1.2,2.9,680356,11543797,0.058936934
6.2428777,1.2,3,716939,11484111,0.062428777
0.0807872,1.3,1.1,9113,11280257,0.000807872
0.4316894,1.3,1.2,50247,11639620,0.004316894
0.9039973,1.3,1.3,106681,11801031,0.009039973
1.3185575,1.3,1.4,156737,11887005,0.013185575
1.7433557,1.3,1.5,207541,11904685,0.017433557
2.0034123,1.3,1.6,239871,11973122,0.020034123
2.2811116,1.3,1.7,275246,12066310,0.022811116
2.7279526,1.3,1.8,327580,12008273,0.027279526
2.8829206,1.3,1.9,348038,12072410,0.028829206
3.3649033,1.3,2,408400,12137050,0.033649033
3.4263333,1.3,2.1,414046,12084230,0.034263333
4.1299579,1.3,2.2,500609,12121407,0.041299579
4.1316337,1.3,2.3,499507,12089818,0.041316337
4.1960193,1.3,2.4,509278,12137170,0.041960193
4.3530547,1.3,2.5,530514,12187166,0.043530547
4.6863052,1.3,2.6,569651,12155653,0.046863052
4.7664943,1.3,2.7,579559,12159020,0.047664943
4.9281525,1.3,2.8,598344,12141345,0.049281525
5.0103503,1.3,2.9,608822,12151286,0.050103503
5.1990815,1.3,3,632789,12171169,0.051990815
0.0723588,1.4,1.1,8596,11879683,0.000723588
0.3555812,1.4,1.2,42898,12064194,0.003555812
0.6758963,1.4,1.3,82488,12204239,0.006758963
1.1504562,1.4,1.4,141605,12308596,0.011504562
1.4661624,1.4,1.5,181307,12366093,0.014661624
1.8241312,1.4,1.6,226834,12435180,0.018241312
2.0369762,1.4,1.7,253944,12466714,0.020369762
2.4683394,1.4,1.8,309690,12546492,0.024683394
2.7401903,1.4,1.9,343298,12528254,0.027401903
3.1516538,1.4,2,395807,12558708,0.031516538
3.3456928,1.4,2.1,419043,12524850,0.033456928
3.6410133,1.4,2.2,459302,12614675,0.036410133
3.7463843,1.4,2.3,469374,12528720,0.037463843
3.7120383,1.4,2.4,466457,12566061,0.037120383
3.808738,1.4,2.5,480342,12611579,0.03808738
3.7252269,1.4,2.6,470168,12621191,0.037252269
3.9989959,1.4,2.7,503553,12591986,0.039989959
4.2039311,1.4,2.8,529025,12584055,0.042039311
4.4793064,1.4,2.9,562599,12559958,0.044793064
4.4552752,1.4,3,561546,12604070,0.044552752
0.082715,1.5,1.1,10111,12223905,0.00082715
0.3630536,1.5,1.2,45219,12455184,0.003630536
0.6810913,1.5,1.3,85662,12577168,0.006810913
1.0091785,1.5,1.4,128300,12713311,0.010091785
1.2884408,1.5,1.5,163766,12710402,0.012884408
1.7041225,1.5,1.6,217739,12777192,0.017041225
1.9540559,1.5,1.7,249932,12790422,0.019540559
2.2033494,1.5,1.8,282054,12801147,0.022033494
2.4988194,1.5,1.9,320712,12834541,0.024988194
2.7270853,1.5,2,350742,12861424,0.027270853
2.8122293,1.5,2.1,362669,12896139,0.028122293
3.2249958,1.5,2.2,414759,12860761,0.032249958
3.347055,1.5,2.3,432649,12926259,0.03347055
3.4314173,1.5,2.4,441319,12861129,0.034314173
3.7819435,1.5,2.5,488393,12913810,0.037819435
3.9176594,1.5,2.6,507425,12952249,0.039176594
3.6208741,1.5,2.7,466590,12886115,0.036208741
3.7816568,1.5,2.8,486731,12870840,0.037816568
3.804998,1.5,2.9,491742,12923581,0.03804998
3.976036,1.5,3,515193,12957453,0.03976036
0.2051345,1.1,1.1,17657,8607524,0.002051345
0.8503165,1.1,1.2,75127,8835181,0.008503165
1.3902579,1.1,1.3,125103,8998546,0.013902579
2.1625583,1.1,1.4,196913,9105558,0.021625583
2.6131532,1.1,1.5,240569,9206081,0.026131532
3.5322414,1.1,1.6,324660,9191331,0.035322414
3.914194,1.1,1.7,363502,9286765,0.03914194
4.4982083,1.1,1.8,420939,9357926,0.044982083
5.121435,1.1,1.9,480011,9372588,0.05121435
5.6002704,1.1,2,528725,9441062,0.056002704
5.7843921,1.1,2.1,548858,9488603,0.057843921
6.7247363,1.1,2.2,634741,9438898,0.067247363
6.9689658,1.1,2.3,662434,9505485,0.069689658
7.5342546,1.1,2.4,724505,9616147,0.075342546
7.86906,1.1,2.5,753194,9571588,0.0786906
8.2946887,1.1,2.6,789106,9513389,0.082946887
8.2595677,1.1,2.7,784969,9503754,0.082595677
8.9364609,1.1,2.8,850056,9512222,0.089364609
9.0123531,1.1,2.9,863193,9577887,0.090123531
9.1962443,1.1,3,876839,9534751,0.091962443
0.1277779,1.2,1.1,12620,9876510,0.001277779
0.5359213,1.2,1.2,53810,10040654,0.005359213
1.0416981,1.2,1.3,105761,10152750,0.010416981
1.5535469,1.2,1.4,161125,10371428,0.015535469
1.9779574,1.2,1.5,207194,10475150,0.019779574
2.544576,1.2,1.6,266905,10489174,0.02544576
2.8681344,1.2,1.7,301430,10509619,0.028681344
3.5435775,1.2,1.8,374951,10581143,0.035435775
3.6703475,1.2,1.9,388684,10589842,0.036703475
3.8653883,1.2,2,411748,10652177,0.038653883
4.3988602,1.2,2.1,465488,10582014,0.043988602
4.9647204,1.2,2.2,531420,10703926,0.049647204
5.1418011,1.2,2.3,550861,10713386,0.051418011
5.4731722,1.2,2.4,579398,10586146,0.054731722
5.3534756,1.2,2.5,574800,10736950,0.053534756
5.6381776,1.2,2.6,601734,10672491,0.056381776
5.9962605,1.2,2.7,641498,10698301,0.059962605
6.1567687,1.2,2.8,663958,10784196,0.061567687
6.5256069,1.2,2.9,700507,10734741,0.065256069
6.7073085,1.2,3,719144,10721797,0.067073085
0.1067278,1.3,1.1,11296,10583936,0.001067278
0.4950948,1.3,1.2,53665,10839339,0.004950948
0.8549618,1.3,1.3,93573,10944699,0.008549618
1.4050551,1.3,1.4,154971,11029532,0.014050551
1.7276298,1.3,1.5,192552,11145443,0.017276298
2.1570767,1.3,1.6,242136,11225192,0.021570767
2.5166617,1.3,1.7,280716,11154300,0.025166617
2.9969172,1.3,1.8,335894,11207984,0.029969172
3.2173954,1.3,1.9,363050,11283972,0.032173954
3.4323938,1.3,2,385256,11224120,0.034323938
3.67864,1.3,2.1,416369,11318558,0.0367864
4.2301287,1.3,2.2,477793,11294999,0.042301287
4.292665,1.3,2.3,485329,11306007,0.04292665
4.7274291,1.3,2.4,536878,11356659,0.047274291
4.6518927,1.3,2.5,527060,11330012,0.046518927
4.8253648,1.3,2.6,544460,11283292,0.048253648
5.0188275,1.3,2.7,571736,11391824,0.050188275
5.032888,1.3,2.8,569520,11315968,0.05032888
5.1427864,1.3,2.9,584610,11367573,0.051427864
5.4437066,1.3,3,620447,11397510,0.054437066
0.0842898,1.4,1.1,9336,11076067,0.000842898
0.436003,1.4,1.2,49157,11274464,0.00436003
0.6762255,1.4,1.3,76700,11342371,0.006762255
1.1707316,1.4,1.4,133657,11416536,0.011707316
1.6299154,1.4,1.5,187977,11532930,0.016299154
1.811546,1.4,1.6,210240,11605557,0.01811546
2.1253647,1.4,1.7,246808,11612501,0.021253647
2.3755716,1.4,1.8,276741,11649449,0.023755716
2.9074116,1.4,1.9,340029,11695248,0.029074116
3.2101945,1.4,2,376418,11725707,0.032101945
3.3095411,1.4,2.1,385896,11660106,0.033095411
3.4810715,1.4,2.2,409172,11754197,0.034810715
3.7045796,1.4,2.3,436898,11793457,0.037045796
3.7085139,1.4,2.4,434911,11727366,0.037085139
4.2012936,1.4,2.5,491762,11705014,0.042012936
4.3448077,1.4,2.6,508812,11710806,0.043448077
4.5834932,1.4,2.7,540165,11785007,0.045834932
4.831007,1.4,2.8,568030,11758004,0.04831007
4.2256256,1.4,2.9,496755,11755774,0.042256256
4.6239793,1.4,3,544331,11771917,0.046239793
0.078789,1.5,1.1,8976,11392457,0.00078789
0.395143,1.5,1.2,45953,11629461,0.00395143
0.7538948,1.5,1.3,88319,11715029,0.007538948
1.2348464,1.5,1.4,145913,11816287,0.012348464
1.4504975,1.5,1.5,172476,11890817,0.014504975
1.7526403,1.5,1.6,208588,11901358,0.017526403
2.0230332,1.5,1.7,241520,11938509,0.020230332
2.3282289,1.5,1.8,277549,11921036,0.023282289
2.7474043,1.5,1.9,331145,12053013,0.027474043
2.6040532,1.5,2,312714,12008741,0.026040532
3.2179905,1.5,2.1,386976,12025393,0.032179905
3.1891202,1.5,2.2,384021,12041597,0.031891202
3.3300014,1.5,2.3,402328,12081917,0.033300014
3.5260742,1.5,2.4,426209,12087352,0.035260742
3.7905893,1.5,2.5,459307,12117034,0.037905893
4.0349932,1.5,2.6,486502,12057071,0.040349932
3.9040732,1.5,2.7,472571,12104563,0.039040732
3.8841667,1.5,2.8,468973,12073967,0.038841667
3.8390351,1.5,2.9,462061,12035863,0.038390351
3.9732241,1.5,3,480540,12094460,0.039732241
0.2050866,1.1,1.1,19145,9335079,0.002050866
0.7799302,1.1,1.2,75773,9715356,0.007799302
1.5016232,1.1,1.3,148141,9865391,0.015016232
2.2795833,1.1,1.4,229482,10066840,0.022795833
2.7423796,1.1,1.5,276602,10086204,0.027423796
3.4601021,1.1,1.6,353113,10205277,0.034601021
3.804936,1.1,1.7,391005,10276257,0.03804936
4.4071609,1.1,1.8,456214,10351653,0.044071609
4.8755806,1.1,1.9,503280,10322463,0.048755806
5.5444698,1.1,2,572774,10330546,0.055444698
5.9788991,1.1,2.1,623064,10421049,0.059788991
6.5789202,1.1,2.2,685545,10420327,0.065789202
6.7977177,1.1,2.3,705702,10381455,0.067977177
7.3161383,1.1,2.4,761375,10406788,0.073161383
7.7855738,1.1,2.5,815975,10480602,0.077855738
7.8460418,1.1,2.6,814891,10386014,0.078460418
8.2451302,1.1,2.7,860707,10438974,0.082451302
8.609969,1.1,2.8,895633,10402279,0.08609969
9.0908735,1.1,2.9,953127,10484438,0.090908735
9.1041838,1.1,3,953363,10471702,0.091041838
0.1174177,1.2,1.1,12603,10733474,0.001174177
0.4803395,1.2,1.2,52880,11008881,0.004803395
0.8503475,1.2,1.3,93830,11034312,0.008503475
1.4312156,1.2,1.4,161043,11252183,0.014312156
1.9170929,1.2,1.5,217998,11371280,0.019170929
2.5281186,1.2,1.6,289280,11442501,0.025281186
2.9183119,1.2,1.7,332947,11408890,0.029183119
3.122464,1.2,1.8,357224,11440452,0.03122464
3.809193,1.2,1.9,437903,11495952,0.03809193
4.1173278,1.2,2,476072,11562645,0.041173278
4.2730484,1.2,2.1,496310,11614893,0.042730484
4.7839079,1.2,2.2,555693,11615880,0.047839079
5.2600133,1.2,2.3,608437,11567214,0.052600133
5.4001117,1.2,2.4,625989,11592149,0.054001117
5.5917056,1.2,2.5,648257,11593189,0.055917056
5.8712115,1.2,2.6,681127,11601132,0.058712115
6.4202895,1.2,2.7,750189,11684660,0.064202895
6.3308884,1.2,2.8,736551,11634244,0.063308884
6.519358,1.2,2.9,761031,11673404,0.06519358
6.6718751,1.2,3,775498,11623389,0.066718751
0.0961218,1.3,1.1,11057,11503111,0.000961218
0.41372,1.3,1.2,48281,11669970,0.0041372
0.750785,1.3,1.3,88901,11841073,0.00750785
1.2779517,1.3,1.4,153339,11998810,0.012779517
1.6904312,1.3,1.5,203075,12013207,0.016904312
2.1225812,1.3,1.6,255624,12043073,0.021225812
2.3267685,1.3,1.7,281975,12118739,0.023267685
2.5745708,1.3,1.8,311854,12112854,0.025745708
3.0265358,1.3,1.9,368125,12163246,0.030265358
3.3909797,1.3,2,414853,12234016,0.033909797
3.7809669,1.3,2.1,461374,12202540,0.037809669
4.2598951,1.3,2.2,521910,12251710,0.042598951
4.4598819,1.3,2.3,545790,12237768,0.044598819
4.5817437,1.3,2.4,562049,12267142,0.045817437
4.7617853,1.3,2.5,584438,12273506,0.047617853
5.0001696,1.3,2.6,613078,12261144,0.050001696
5.045931,1.3,2.7,619654,12280271,0.05045931
5.3803503,1.3,2.8,659365,12255057,0.053803503
5.0603387,1.3,2.9,621834,12288387,0.050603387
5.2081298,1.3,3,639242,12273926,0.052081298
0.0740667,1.4,1.1,8839,11933837,0.000740667
0.3243201,1.4,1.2,39219,12092682,0.003243201
0.7206831,1.4,1.3,88134,12229231,0.007206831
1.0915892,1.4,1.4,134939,12361702,0.010915892
1.4783419,1.4,1.5,184099,12453073,0.014783419
1.8258698,1.4,1.6,227855,12479258,0.018258698
2.0982152,1.4,1.7,263210,12544471,0.020982152
2.3330374,1.4,1.8,294837,12637474,0.023330374
2.6326866,1.4,1.9,331700,12599297,0.026326866
2.9028808,1.4,2,364718,12564002,0.029028808
3.1346378,1.4,2.1,395354,12612430,0.031346378
3.4083388,1.4,2.2,433338,12714053,0.034083388
3.9162249,1.4,2.3,495515,12652874,0.039162249
3.8196857,1.4,2.4,485829,12719083,0.038196857
3.8720433,1.4,2.5,490179,12659440,0.038720433
4.4204359,1.4,2.6,563774,12753810,0.044204359
4.3258776,1.4,2.7,547976,12667395,0.043258776
4.2411155,1.4,2.8,537190,12666243,0.042411155
4.4759915,1.4,2.9,567227,12672656,0.044759915
4.6951749,1.4,3,595689,12687259,0.046951749
0.072653,1.5,1.1,8955,12325705,0.00072653
0.3238072,1.5,1.2,40343,12458958,0.003238072
0.5922096,1.5,1.3,74577,12593007,0.005922096
1.0183305,1.5,1.4,129175,12684978,0.010183305
1.2810957,1.5,1.5,163206,12739563,0.012810957
1.6814331,1.5,1.6,215565,12820314,0.016814331
1.9065077,1.5,1.7,245000,12850722,0.019065077
2.1624913,1.5,1.8,278567,12881763,0.021624913
2.2848949,1.5,1.9,294728,12898974,0.022848949
2.3972984,1.5,2,308607,12873116,0.023972984
2.6947261,1.5,2.1,347188,12883981,0.026947261
3.2894465,1.5,2.2,426625,12969507,0.032894465
3.4692377,1.5,2.3,449447,12955209,0.034692377
3.5168193,1.5,2.4,456842,12990204,0.035168193
3.537541,1.5,2.5,457581,12935002,0.03537541
3.9560891,1.5,2.6,512257,12948571,0.039560891
3.8987844,1.5,2.7,505345,12961604,0.038987844
3.9165044,1.5,2.8,507133,12948613,0.039165044
3.987542,1.5,2.9,517106,12968039,0.03987542
4.0667789,1.5,3,526943,12957257,0.040667789
0.2422816,1.1,1.1,26044,10749477,0.002422816
0.8815963,1.1,1.2,97562,11066516,0.008815963
1.5672419,1.1,1.3,177835,11347004,0.015672419
2.1437976,1.1,1.4,246740,11509482,0.021437976
2.7619067,1.1,1.5,318232,11522185,0.027619067
3.4015243,1.1,1.6,396779,11664741,0.034015243
3.9183021,1.1,1.7,460695,11757516,0.039183021
4.7241825,1.1,1.8,555177,11751811,0.047241825
4.8174534,1.1,1.9,567338,11776720,0.048174534
5.3626752,1.1,2,627748,11705874,0.053626752
5.5826686,1.1,2.1,659565,11814511,0.055826686
6.4673935,1.1,2.2,768565,11883690,0.064673935
7.1878168,1.1,2.3,854633,11890022,0.071878168
7.4866394,1.1,2.4,897751,11991375,0.074866394
7.7718841,1.1,2.5,924593,11896639,0.077718841
8.1939559,1.1,2.6,979309,11951602,0.081939559
8.6165039,1.1,2.7,1026643,11914844,0.086165039
9.0915784,1.1,2.8,1081727,11898121,0.090915784
8.3076121,1.1,2.9,988098,11893887,0.083076121
9.6527849,1.1,3,1151278,11926900,0.096527849
0.0977561,1.2,1.1,12033,12309203,0.000977561
0.5419656,1.2,1.2,68163,12576997,0.005419656
0.9258111,1.2,1.3,118585,12808768,0.009258111
1.4509389,1.2,1.4,187686,12935486,0.014509389
1.9421333,1.2,1.5,250605,12903594,0.019421333
2.3379247,1.2,1.6,304688,13032413,0.023379247
2.7872024,1.2,1.7,363428,13039168,0.027872024
3.3284282,1.2,1.8,435588,13086898,0.033284282
3.5674238,1.2,1.9,470686,13194003,0.035674238
4.0059281,1.2,2,530846,13251511,0.040059281
4.5016074,1.2,2.1,593358,13181025,0.045016074
4.7139557,1.2,2.2,626396,13288118,0.047139557
5.0972807,1.2,2.3,676294,13267741,0.050972807
4.8783839,1.2,2.4,645396,13229709,0.048783839
5.8564926,1.2,2.5,776553,13259694,0.058564926
5.972115,1.2,2.6,790769,13241021,0.05972115
6.1968146,1.2,2.7,816388,13174317,0.061968146
6.1489306,1.2,2.8,814786,13250857,0.061489306
6.3711125,1.2,2.9,848866,13323670,0.063711125
6.3933974,1.2,3,852789,13338589,0.063933974
0.1016696,1.3,1.1,13444,13223225,0.001016696
0.4391489,1.3,1.2,58016,13211008,0.004391489
0.8031765,1.3,1.3,109289,13607097,0.008031765
1.281967,1.3,1.4,175849,13717124,0.01281967
1.4175314,1.3,1.5,194875,13747491,0.014175314
1.9930619,1.3,1.6,275538,13824859,0.019930619
2.3367382,1.3,1.7,324105,13869975,0.023367382
2.5940297,1.3,1.8,358825,13832725,0.025940297
2.9322194,1.3,1.9,407308,13890775,0.029322194
3.2419903,1.3,2,450837,13906180,0.032419903
3.5413218,1.3,2.1,491662,13883573,0.035413218
4.0626743,1.3,2.2,568834,14001467,0.040626743
4.1839676,1.3,2.3,585331,13989855,0.041839676
4.3117234,1.3,2.4,604474,14019313,0.043117234
4.3876352,1.3,2.5,615043,14017642,0.043876352
4.6849789,1.3,2.6,656242,14007363,0.046849789
4.9755295,1.3,2.7,696681,14002148,0.049755295
5.0255368,1.3,2.8,706310,14054419,0.050255368
5.1671845,1.3,2.9,721478,13962691,0.051671845
4.9490476,1.3,3,689371,13929367,0.049490476
0.0677236,1.4,1.1,9303,13736723,0.000677236
0.3249821,1.4,1.2,45327,13947538,0.003249821
0.7071333,1.4,1.3,99800,14113322,0.007071333
1.033532,1.4,1.4,146786,14202366,0.01033532
1.2817469,1.4,1.5,183311,14301653,0.012817469
1.6604746,1.4,1.6,238129,14341020,0.016604746
1.9536528,1.4,1.7,279521,14307609,0.019536528
2.2582896,1.4,1.8,324355,14362861,0.022582896
2.4186178,1.4,1.9,348794,14421212,0.024186178
2.5964241,1.4,2,374817,14435893,0.025964241
3.1098487,1.4,2.1,448118,14409640,0.031098487
3.2922285,1.4,2.2,477734,14510961,0.032922285
3.5757898,1.4,2.3,516565,14446179,0.035757898
3.6476511,1.4,2.4,528987,14502127,0.036476511
3.9019555,1.4,2.5,565371,14489427,0.039019555
3.9662214,1.4,2.6,575842,14518655,0.039662214
4.1524419,1.4,2.7,602234,14503129,0.041524419
4.2668212,1.4,2.8,617385,14469437,0.042668212
4.0322623,1.4,2.9,585963,14531867,0.040322623
4.1615529,1.4,3,604918,14535872,0.041615529
0.0605404,1.5,1.1,8574,14162442,0.000605404
0.3249709,1.5,1.2,46504,14310205,0.003249709
0.5763088,1.5,1.3,83127,14424037,0.005763088
0.934515,1.5,1.4,135896,14541875,0.00934515
1.3327316,1.5,1.5,195392,14661017,0.013327316
1.5808461,1.5,1.6,232153,14685364,0.015808461
1.7399409,1.5,1.7,256829,14760789,0.017399409
1.997936,1.5,1.8,294486,14739511,0.01997936
2.3026334,1.5,1.9,340300,14778731,0.023026334
2.5632011,1.5,2,377868,14742035,0.025632011
2.5870538,1.5,2.1,382192,14773253,0.025870538
3.1829918,1.5,2.2,472194,14834911,0.031829918
3.0626585,1.5,2.3,453815,14817682,0.030626585
3.2073269,1.5,2.4,476117,14844667,0.032073269
3.6996008,1.5,2.5,549169,14844007,0.036996008
3.3670099,1.5,2.6,499938,14848130,0.033670099
3.4482342,1.5,2.7,510827,14814162,0.034482342
3.8876627,1.5,2.8,577549,14855944,0.038876627
3.9011638,1.5,2.9,577933,14814374,0.039011638
3.7618592,1.5,3,556678,14797949,0.037618592
0.2518063,1.1,1.1,30235,12007247,0.002518063
0.9051325,1.1,1.2,112514,12430666,0.009051325
1.6331084,1.1,1.3,208042,12739020,0.016331084
2.3569986,1.1,1.4,306478,13002893,0.023569986
3.1969276,1.1,1.5,418366,13086502,0.031969276
3.8478174,1.1,1.6,510741,13273525,0.038478174
4.5465681,1.1,1.7,604104,13287033,0.045465681
5.0596793,1.1,1.8,675824,13357052,0.050596793
5.7884345,1.1,1.9,779946,13474213,0.057884345
5.861051,1.1,2,788930,13460555,0.05861051
6.8117063,1.1,2.1,911076,13375151,0.068117063
7.4803005,1.1,2.2,1013158,13544349,0.074803005
8.003287,1.1,2.3,1080096,13495655,0.08003287
8.715492,1.1,2.4,1175168,13483668,0.08715492
8.9070693,1.1,2.5,1211532,13601915,0.089070693
9.4368011,1.1,2.6,1286286,13630530,0.094368011
9.5113824,1.1,2.7,1289978,13562466,0.095113824
9.7582145,1.1,2.8,1328670,13615913,0.097582145
10.1643586,1.1,2.9,1388397,13659465,0.101643586
10.5879651,1.1,3,1449166,13686917,0.105879651
0.1473977,1.2,1.1,20455,13877426,0.001473977
0.6227044,1.2,1.2,88633,14233559,0.006227044
1.0163422,1.2,1.3,146819,14445824,0.010163422
1.6855247,1.2,1.4,246005,14595158,0.016855247
2.2149316,1.2,1.5,327166,14770930,0.022149316
2.7899923,1.2,1.6,413078,14805704,0.027899923
3.0996779,1.2,1.7,461818,14898903,0.030996779
3.7267652,1.2,1.8,557040,14947011,0.037267652
3.8897908,1.2,1.9,584672,15030937,0.038897908
4.3790133,1.2,2,660730,15088559,0.043790133
4.6617964,1.2,2.1,702788,15075476,0.046617964
5.4037571,1.2,2.2,816491,15109691,0.054037571
5.472652,1.2,2.3,830926,15183242,0.05472652
5.7555176,1.2,2.4,869205,15102117,0.057555176
6.0335171,1.2,2.5,913603,15142130,0.060335171
6.2793971,1.2,2.6,949199,15116085,0.062793971
6.7169679,1.2,2.7,1017722,15151509,0.067169679
6.8602965,1.2,2.8,1045519,15240143,0.068602965
7.1143021,1.2,2.9,1077527,15145927,0.071143021
7.1935941,1.2,3,1083580,15063124,0.071935941
0.1096472,1.3,1.1,16349,14910547,0.001096472
0.4300002,1.3,1.2,65607,15257434,0.004300002
0.8538478,1.3,1.3,131769,15432375,0.008538478
1.3421916,1.3,1.4,208417,15528111,0.013421916
1.723409,1.3,1.5,269522,15638888,0.01723409
2.3012628,1.3,1.6,363237,15784247,0.023012628
2.5812047,1.3,1.7,405689,15717041,0.025812047
2.9237884,1.3,1.8,461654,15789583,0.029237884
3.2770727,1.3,1.9,517932,15804715,0.032770727
3.6775819,1.3,2,585528,15921549,0.036775819
3.9039689,1.3,2.1,619881,15878226,0.039039689
4.2040381,1.3,2.2,670719,15954161,0.042040381
4.5289683,1.3,2.3,725451,16018019,0.045289683
4.8268195,1.3,2.4,770639,15965772,0.048268195
4.8925311,1.3,2.5,785663,16058416,0.048925311
5.0586869,1.3,2.6,807614,15964894,0.050586869
5.1142595,1.3,2.7,816385,15962917,0.051142595
5.193316,1.3,2.8,829043,15963654,0.05193316
5.3832628,1.3,2.9,861563,16004476,0.053832628
5.5735436,1.3,3,894031,16040621,0.055735436
0.075541,1.4,1.1,11814,15639182,0.00075541
0.3816673,1.4,1.2,60500,15851504,0.003816673
0.6964319,1.4,1.3,111796,16052683,0.006964319
1.202077,1.4,1.4,194251,16159614,0.01202077
1.6010519,1.4,1.5,259923,16234514,0.016010519
1.9835135,1.4,1.6,324330,16351288,0.019835135
2.1515619,1.4,1.7,352463,16381727,0.021515619
2.3868259,1.4,1.8,391135,16387245,0.023868259
2.8994329,1.4,1.9,476420,16431489,0.028994329
3.1492695,1.4,2,518507,16464358,0.031492695
3.4152598,1.4,2.1,562345,16465658,0.034152598
3.8840633,1.4,2.2,642322,16537372,0.038840633
3.6480142,1.4,2.3,604410,16568192,0.036480142
3.9045099,1.4,2.4,648906,16619397,0.039045099
3.999741,1.4,2.5,663422,16586624,0.03999741
4.0306653,1.4,2.6,669023,16598327,0.040306653
4.4928085,1.4,2.7,745533,16593919,0.044928085
4.5560731,1.4,2.8,754882,16568698,0.045560731
4.6442499,1.4,2.9,766782,16510352,0.046442499
4.6472938,1.4,3,769435,16556625,0.046472938
0.0664312,1.5,1.1,10704,16112916,0.000664312
0.3391808,1.5,1.2,55634,16402460,0.003391808
0.6127325,1.5,1.3,101231,16521240,0.006127325
1.0300079,1.5,1.4,171565,16656668,0.010300079
1.2777341,1.5,1.5,212804,16654796,0.012777341
1.6734117,1.5,1.6,281051,16795090,0.016734117
1.9702042,1.5,1.7,331790,16840386,0.019702042
2.2214936,1.5,1.8,374690,16866580,0.022214936
2.3894117,1.5,1.9,403458,16885244,0.023894117
2.5855932,1.5,2,436512,16882470,0.025855932
2.7410896,1.5,2.1,462974,16890145,0.027410896
3.3211363,1.5,2.2,560566,16878741,0.033211363
3.2349079,1.5,2.3,547988,16939833,0.032349079
3.2575127,1.5,2.4,552720,16967547,0.032575127
3.4619111,1.5,2.5,587230,16962596,0.034619111
3.6370045,1.5,2.6,617979,16991428,0.036370045
3.8668751,1.5,2.7,654004,16912985,0.038668751
3.9557513,1.5,2.8,672428,16998743,0.039557513
3.7484448,1.5,2.9,635220,16946228,0.037484448
3.8058881,1.5,3,645861,16970047,0.038058881
0.3364156,1.1,1.1,31220,9280189,0.003364156
1.3146192,1.1,1.2,126704,9638076,0.013146192
2.2006053,1.1,1.3,221429,10062186,0.022006053
3.5694436,1.1,1.4,362729,10162060,0.035694436
4.3365083,1.1,1.5,447712,10324251,0.043365083
5.3051221,1.1,1.6,554339,10449128,0.053051221
6.0999282,1.1,1.7,643491,10549157,0.060999282
7.0066286,1.1,1.8,743973,10618131,0.070066286
7.8918573,1.1,1.9,846727,10729122,0.078918573
8.4318371,1.1,2,900339,10677851,0.084318371
9.2881188,1.1,2.1,996167,10725175,0.092881188
10.1508142,1.1,2.2,1097255,10809527,0.101508142
10.950446,1.1,2.3,1170687,10690770,0.10950446
11.5045626,1.1,2.4,1244173,10814605,0.115045626
11.8756805,1.1,2.5,1285379,10823624,0.118756805
12.3417667,1.1,2.6,1333695,10806354,0.123417667
12.887367,1.1,2.7,1397075,10840655,0.12887367
13.1029714,1.1,2.8,1422696,10857812,0.131029714
13.783408,1.1,2.9,1484192,10767961,0.13783408
13.7474181,1.1,3,1489873,10837475,0.137474181
0.1785354,1.2,1.1,19777,11077353,0.001785354
0.7507817,1.2,1.2,86173,11477771,0.007507817
1.4284779,1.2,1.3,165971,11618731,0.014284779
2.3895695,1.2,1.4,283691,11872055,0.023895695
2.9395788,1.2,1.5,349208,11879525,0.029395788
3.7737569,1.2,1.6,452200,11982754,0.037737569
4.3260607,1.2,1.7,522745,12083626,0.043260607
5.0237707,1.2,1.8,609894,12140164,0.050237707
5.5145072,1.2,1.9,669245,12136080,0.055145072
6.1798504,1.2,2,756562,12242400,0.061798504
6.3712773,1.2,2.1,779360,12232398,0.063712773
7.2619877,1.2,2.2,892659,12292213,0.072619877
7.78378,1.2,2.3,952475,12236664,0.0778378
7.9403077,1.2,2.4,972902,12252699,0.079403077
8.3977071,1.2,2.5,1038890,12371115,0.083977071
8.5041875,1.2,2.6,1047418,12316497,0.085041875
8.938851,1.2,2.7,1098412,12288067,0.08938851
9.405825,1.2,2.8,1160967,12343064,0.09405825
9.358236,1.2,2.9,1147052,12257139,0.09358236
9.393779,1.2,3,1155982,12305825,0.09393779
0.1517014,1.3,1.1,18395,12125793,0.001517014
0.6322983,1.3,1.2,78505,12415817,0.006322983
1.1564425,1.3,1.3,146182,12640663,0.011564425
1.8086661,1.3,1.4,231325,12789812,0.018086661
2.3890849,1.3,1.5,309885,12970866,0.023890849
3.0138906,1.3,1.6,390241,12948081,0.030138906
3.7463173,1.3,1.7,488852,13048868,0.037463173
4.0908317,1.3,1.8,538115,13154171,0.040908317
4.445979,1.3,1.9,583194,13117336,0.04445979
4.8368846,1.3,2,635529,13139222,0.048368846
5.2802848,1.3,2.1,693812,13139670,0.052802848
5.4965369,1.3,2.2,728951,13262005,0.054965369
6.2079621,1.3,2.3,826446,13312678,0.062079621
6.4355458,1.3,2.4,854667,13280412,0.064355458
6.9024133,1.3,2.5,910187,13186504,0.069024133
6.9612851,1.3,2.6,920820,13227730,0.069612851
6.9791044,1.3,2.7,921184,13199172,0.069791044
7.1016037,1.3,2.8,939068,13223323,0.071016037
7.4245112,1.3,2.9,985248,13270207,0.074245112
7.3446109,1.3,3,975727,13284938,0.073446109
0.1071983,1.4,1.1,13738,12815496,0.001071983
0.5585701,1.4,1.2,73416,13143561,0.005585701
0.9982282,1.4,1.3,132750,13298563,0.009982282
1.4796911,1.4,1.4,199991,13515726,0.014796911
1.9760466,1.4,1.5,267653,13544873,0.019760466
2.7293443,1.4,1.6,371633,13616201,0.027293443
2.8896646,1.4,1.7,397086,13741595,0.028896646
3.4683096,1.4,1.8,476477,13738018,0.034683096
3.9246983,1.4,1.9,539313,13741515,0.039246983
4.1606116,1.4,2,572775,13766606,0.041606116
4.5066879,1.4,2.1,620948,13778367,0.045066879
4.882965,1.4,2.2,676387,13851973,0.04882965
5.3021507,1.4,2.3,735947,13880160,0.053021507
5.4816499,1.4,2.4,761364,13889322,0.054816499
5.6388492,1.4,2.5,779690,13827112,0.056388492
5.5787036,1.4,2.6,776680,13922231,0.055787036
5.9116181,1.4,2.7,819439,13861501,0.059116181
6.0640037,1.4,2.8,840621,13862475,0.060640037
6.1885709,1.4,2.9,862275,13933346,0.061885709
6.2498071,1.4,3,866856,13870124,0.062498071
0.0979756,1.5,1.1,13126,13397213,0.000979756
0.5028015,1.5,1.2,68631,13649720,0.005028015
0.8999377,1.5,1.3,124369,13819734,0.008999377
1.4740792,1.5,1.4,206322,13996670,0.014740792
1.8498841,1.5,1.5,260739,14094883,0.018498841
2.3739501,1.5,1.6,334778,14102150,0.023739501
2.6423424,1.5,1.7,374965,14190629,0.026423424
3.0067597,1.5,1.8,428554,14253018,0.030067597
3.4654253,1.5,1.9,493621,14244168,0.034654253
3.4395407,1.5,2,488475,14201751,0.034395407
3.839186,1.5,2.1,548080,14275943,0.03839186
4.1799957,1.5,2.2,597710,14299297,0.041799957
4.5763905,1.5,2.3,654581,14303434,0.045763905
4.5572206,1.5,2.4,651755,14301590,0.045572206
4.843736,1.5,2.5,696205,14373306,0.04843736
4.8536155,1.5,2.6,696571,14351590,0.048536155
5.0315211,1.5,2.7,719449,14298837,0.050315211
5.1531984,1.5,2.8,738871,14338105,0.051531984
5.3819467,1.5,2.9,773846,14378552,0.053819467
5.5176246,1.5,3,789455,14307878,0.055176246
0.2951211,1.1,1.1,24326,8242717,0.002951211
1.1426044,1.1,1.2,98930,8658290,0.011426044
2.0474173,1.1,1.3,180912,8836108,0.020474173
3.2739949,1.1,1.4,297029,9072372,0.032739949
3.7472621,1.1,1.5,347880,9283578,0.037472621
5.0019913,1.1,1.6,469865,9393559,0.050019913
5.9310864,1.1,1.7,556398,9381047,0.059310864
6.8582163,1.1,1.8,648778,9459865,0.068582163
7.5666478,1.1,1.9,717382,9480843,0.075666478
7.8525126,1.1,2,741547,9443436,0.078525126
8.739551,1.1,2.1,837970,9588250,0.08739551
9.351024,1.1,2.2,898939,9613268,0.09351024
9.87741,1.1,2.3,949308,9610900,0.0987741
10.8912098,1.1,2.4,1057367,9708444,0.108912098
10.8774751,1.1,2.5,1042890,9587611,0.108774751
11.9642639,1.1,2.6,1151586,9625214,0.119642639
12.2083784,1.1,2.7,1172400,9603241,0.122083784
12.5077005,1.1,2.8,1207244,9652006,0.125077005
12.6572778,1.1,2.9,1216966,9614753,0.126572778
13.0405,1.1,3,1263113,9686078,0.130405
0.1703135,1.2,1.1,16915,9931686,0.001703135
0.8663766,1.2,1.2,88579,10224076,0.008663766
1.4493693,1.2,1.3,151413,10446820,0.014493693
2.2804138,1.2,1.4,240261,10535851,0.022804138
2.7128915,1.2,1.5,287701,10604958,0.027128915
3.6197808,1.2,1.6,385960,10662524,0.036197808
4.2267719,1.2,1.7,455724,10781845,0.042267719
4.6095025,1.2,1.8,500417,10856204,0.046095025
5.0650003,1.2,1.9,550816,10874945,0.050650003
5.709152,1.2,2,622076,10896119,0.05709152
6.2000518,1.2,2.1,678042,10936070,0.062000518
6.7851199,1.2,2.2,744233,10968605,0.067851199
7.3781859,1.2,2.3,805560,10918131,0.073781859
8.0260146,1.2,2.4,870705,10848535,0.080260146
7.8132292,1.2,2.5,855351,10947471,0.078132292
8.4443883,1.2,2.6,926541,10972269,0.084443883
8.8204716,1.2,2.7,969723,10994004,0.088204716
8.8887722,1.2,2.8,978666,11010137,0.088887722
9.1340604,1.2,2.9,1003282,10983965,0.091340604
9.488588,1.2,3,1037707,10936369,0.09488588
0.1214285,1.3,1.1,13148,10827774,0.001214285
0.5939497,1.3,1.2,65630,11049757,0.005939497
1.0620873,1.3,1.3,119183,11221582,0.010620873
1.7656462,1.3,1.4,200943,11380706,0.017656462
2.3588073,1.3,1.5,268770,11394318,0.023588073
3.1276981,1.3,1.6,363455,11620527,0.031276981
3.5164095,1.3,1.7,409686,11650691,0.035164095
3.948172,1.3,1.8,463390,11736824,0.03948172
4.5900802,1.3,1.9,535406,11664415,0.045900802
4.8923964,1.3,2,574583,11744408,0.048923964
5.4427335,1.3,2.1,637898,11720177,0.054427335
6.026597,1.3,2.2,711051,11798549,0.06026597
6.1894332,1.3,2.3,732435,11833636,0.061894332
6.6419472,1.3,2.4,787271,11853015,0.066419472
6.6798002,1.3,2.5,795699,11912018,0.066798002
7.1513862,1.3,2.6,843444,11794133,0.071513862
7.0952571,1.3,2.7,842498,11874101,0.070952571
7.2745083,1.3,2.8,857596,11789058,0.072745083
7.1066834,1.3,2.9,841522,11841276,0.071066834
7.677099,1.3,3,907560,11821653,0.07677099
0.0972826,1.4,1.1,11102,11412111,0.000972826
0.5312458,1.4,1.2,62204,11709081,0.005312458
0.9983896,1.4,1.3,118786,11897760,0.009983896
1.5733917,1.4,1.4,189464,12041757,0.015733917
2.0069238,1.4,1.5,241825,12049536,0.020069238
2.5127483,1.4,1.6,307280,12228841,0.025127483
2.8845951,1.4,1.7,352230,12210726,0.028845951
3.3740765,1.4,1.8,414574,12287036,0.033740765
3.9273548,1.4,1.9,481246,12253693,0.039273548
4.3839663,1.4,2,540490,12328790,0.043839663
4.5665,1.4,2.1,566285,12400854,0.045665
5.0427622,1.4,2.2,621185,12318348,0.050427622
5.3139573,1.4,2.3,657426,12371684,0.053139573
5.5864773,1.4,2.4,690069,12352489,0.055864773
5.8416645,1.4,2.5,723182,12379725,0.058416645
5.7841127,1.4,2.6,717021,12396387,0.057841127
6.073909,1.4,2.7,750805,12361150,0.06073909
6.1227786,1.4,2.8,757380,12369874,0.061227786
6.108934,1.4,2.9,758631,12418386,0.06108934
6.1196729,1.4,3,764360,12490210,0.061196729
0.1035538,1.5,1.1,12348,11924234,0.001035538
0.4773212,1.5,1.2,58217,12196609,0.004773212
0.8138542,1.5,1.3,99924,12277875,0.008138542
1.3484435,1.5,1.4,167572,12427069,0.013484435
1.8951208,1.5,1.5,237688,12542103,0.018951208
2.3508936,1.5,1.6,296620,12617330,0.023508936
2.4557127,1.5,1.7,310698,12652050,0.024557127
2.9427858,1.5,1.8,373885,12705138,0.029427858
3.2273184,1.5,1.9,409699,12694719,0.032273184
3.5627321,1.5,2,453685,12734188,0.035627321
3.7897893,1.5,2.1,485007,12797730,0.037897893
4.2587127,1.5,2.2,542905,12748101,0.042587127
4.5652556,1.5,2.3,581787,12743799,0.045652556
4.8604369,1.5,2.4,621900,12795146,0.048604369
4.8361163,1.5,2.5,618897,12797397,0.048361163
4.9568344,1.5,2.6,632805,12766313,0.049568344
5.2057434,1.5,2.7,667370,12819879,0.052057434
5.3687136,1.5,2.8,685093,12760841,0.053687136
5.2049343,1.5,2.9,664859,12773629,0.052049343
5.6242949,1.5,3,718785,12780002,0.056242949
0.2998263,1.1,1.1,22566,7526357,0.002998263
1.0430089,1.1,1.2,82871,7945378,0.010430089
1.9623476,1.1,1.3,160624,8185298,0.019623476
2.9929335,1.1,1.4,246224,8226845,0.029929335
3.4906694,1.1,1.5,293311,8402715,0.034906694
4.418057,1.1,1.6,378072,8557427,0.04418057
4.9629198,1.1,1.7,425139,8566308,0.049629198
5.9562821,1.1,1.8,512371,8602195,0.059562821
6.5019648,1.1,1.9,556815,8563796,0.065019648
6.8776335,1.1,2,599487,8716472,0.068776335
7.8402339,1.1,2.1,678596,8655303,0.078402339
8.0931241,1.1,2.2,701512,8668000,0.080931241
8.7712352,1.1,2.3,764018,8710495,0.087712352
9.2783011,1.1,2.4,808796,8717070,0.092783011
9.8931245,1.1,2.5,866416,8757759,0.098931245
10.1400368,1.1,2.6,892299,8799761,0.101400368
10.5768044,1.1,2.7,930075,8793535,0.105768044
10.9682524,1.1,2.8,951812,8677882,0.109682524
11.5597745,1.1,2.9,1011273,8748207,0.115597745
11.4762748,1.1,3,1007759,8781238,0.114762748
0.1726851,1.2,1.1,15467,8956764,0.001726851
0.7439659,1.2,1.2,68355,9187921,0.007439659
1.4293719,1.2,1.3,135154,9455482,0.014293719
1.973907,1.2,1.4,187826,9515443,0.01973907
2.6673563,1.2,1.5,257167,9641269,0.026673563
3.3803813,1.2,1.6,326758,9666306,0.033803813
3.6169245,1.2,1.7,353996,9787210,0.036169245
4.1589162,1.2,1.8,408490,9822030,0.041589162
4.7743768,1.2,1.9,468648,9815899,0.047743768
5.4227632,1.2,2,534451,9855695,0.054227632
5.7286261,1.2,2.1,565702,9875003,0.057286261
6.1533286,1.2,2.2,608338,9886324,0.061533286
6.4792413,1.2,2.3,639830,9875076,0.064792413
6.7141898,1.2,2.4,668804,9961053,0.067141898
7.0512871,1.2,2.5,701971,9955218,0.070512871
7.4203932,1.2,2.6,736523,9925660,0.074203932
7.6474402,1.2,2.7,758585,9919463,0.076474402
7.913705,1.2,2.8,791603,10002938,0.07913705
8.6169158,1.2,2.9,855427,9927299,0.086169158
8.5362197,1.2,3,848094,9935241,0.085362197
0.1148155,1.3,1.1,11240,9789623,0.001148155
0.5741306,1.3,1.2,57725,10054332,0.005741306
1.1142961,1.3,1.3,113794,10212187,0.011142961
1.6939473,1.3,1.4,175006,10331254,0.016939473
2.2012949,1.3,1.5,229115,10408192,0.022012949
2.5830615,1.3,1.6,269986,10452171,0.025830615
3.0413474,1.3,1.7,320328,10532437,0.030413474
3.5793074,1.3,1.8,377308,10541369,0.035793074
3.8210139,1.3,1.9,403732,10566096,0.038210139
4.2262458,1.3,2,445634,10544441,0.042262458
4.741945,1.3,2.1,500537,10555521,0.04741945
5.2986451,1.3,2.2,562393,10613902,0.052986451
5.4668918,1.3,2.3,580681,10621776,0.054668918
5.8758247,1.3,2.4,624062,10620841,0.058758247
6.0644976,1.3,2.5,643603,10612635,0.060644976
6.2763003,1.3,2.6,664686,10590411,0.062763003
6.0966116,1.3,2.7,648825,10642387,0.060966116
6.241973,1.3,2.8,667397,10692084,0.06241973
7.0475765,1.3,2.9,753090,10685801,0.070475765
6.6842964,1.3,3,710576,10630528,0.066842964
0.1090864,1.4,1.1,11220,10285425,0.001090864
0.5111787,1.4,1.2,53770,10518826,0.005111787
0.975188,1.4,1.3,104317,10697117,0.00975188
1.4693233,1.4,1.4,158369,10778363,0.014693233
1.9074353,1.4,1.5,206396,10820603,0.019074353
2.4853586,1.4,1.6,270464,10882293,0.024853586
2.6250072,1.4,1.7,286123,10899894,0.026250072
3.0411673,1.4,1.8,334465,10997915,0.030411673
3.249775,1.4,1.9,356821,10979868,0.03249775
3.7700032,1.4,2,414619,10997842,0.037700032
3.9834839,1.4,2.1,439667,11037248,0.039834839
4.4288912,1.4,2.2,491471,11096931,0.044288912
4.7033795,1.4,2.3,520436,11065150,0.047033795
4.9712023,1.4,2.4,550734,11078487,0.049712023
5.1811819,1.4,2.5,572801,11055412,0.051811819
5.2926854,1.4,2.6,587654,11103135,0.052926854
5.691775,1.4,2.7,633469,11129551,0.05691775
5.6167422,1.4,2.8,624137,11112082,0.056167422
5.9008443,1.4,2.9,656191,11120290,0.059008443
5.842442,1.4,3,648193,11094556,0.05842442
0.0950224,1.5,1.1,10127,10657491,0.000950224
0.4444084,1.5,1.2,48299,10868157,0.004444084
0.8592057,1.5,1.3,94958,11051835,0.008592057
1.3227931,1.5,1.4,147242,11131144,0.013227931
1.797558,1.5,1.5,202141,11245312,0.01797558
2.1857651,1.5,1.6,246414,11273581,0.021857651
2.333543,1.5,1.7,263025,11271487,0.02333543
2.7870256,1.5,1.8,315519,11320994,0.027870256
3.1321661,1.5,1.9,355744,11357763,0.031321661
3.6869014,1.5,2,418345,11346791,0.036869014
3.5752453,1.5,2.1,405908,11353291,0.035752453
4.0793129,1.5,2.2,465104,11401528,0.040793129
4.218742,1.5,2.3,479853,11374315,0.04218742
4.3014599,1.5,2.4,490245,11397177,0.043014599
4.5737004,1.5,2.5,522449,11422895,0.045737004
4.8244023,1.5,2.6,552283,11447698,0.048244023
4.8838461,1.5,2.7,557652,11418296,0.048838461
5.1229446,1.5,2.8,584733,11414002,0.051229446
5.1497193,1.5,2.9,589044,11438371,0.051497193
5.3267934,1.5,3,608305,11419722,0.053267934
0.2784665,1.1,1.1,22455,8063808,0.002784665
0.8659409,1.1,1.2,73115,8443417,0.008659409
1.6365293,1.1,1.3,140864,8607484,0.016365293
2.411163,1.1,1.4,211106,8755360,0.02411163
2.9912104,1.1,1.5,266111,8896432,0.029912104
3.9353134,1.1,1.6,350448,8905212,0.039353134
4.5690768,1.1,1.7,408368,8937648,0.045690768
4.9628406,1.1,1.8,447224,9011452,0.049628406
5.6190337,1.1,1.9,510795,9090442,0.056190337
6.1171837,1.1,2,553611,9050096,0.061171837
6.5668472,1.1,2.1,599168,9124135,0.065668472
7.4883539,1.1,2.2,684676,9143211,0.074883539
7.6592584,1.1,2.3,702442,9171149,0.076592584
8.6309968,1.1,2.4,792736,9184756,0.086309968
8.9959293,1.1,2.5,830075,9227229,0.089959293
9.544624,1.1,2.6,876871,9187067,0.09544624
9.4164709,1.1,2.7,868073,9218666,0.094164709
10.0897603,1.1,2.8,922486,9142794,0.100897603
10.5920004,1.1,2.9,971980,9176548,0.105920004
10.2648457,1.1,3,949346,9248517,0.102648457
0.135336,1.2,1.1,12788,9449073,0.00135336
0.6434651,1.2,1.2,62767,9754531,0.006434651
1.0433773,1.2,1.3,103506,9920285,0.010433773
1.7911126,1.2,1.4,179055,9996859,0.017911126
2.3059211,1.2,1.5,231290,10030265,0.023059211
2.8084988,1.2,1.6,285439,10163401,0.028084988
3.3041738,1.2,1.7,337441,10212568,0.033041738
3.9769114,1.2,1.8,406775,10228415,0.039769114
4.3310373,1.2,1.9,442512,10217229,0.043310373
4.7634739,1.2,2,490502,10297149,0.047634739
4.8302813,1.2,2.1,500686,10365566,0.048302813
5.5142297,1.2,2.2,569863,10334408,0.055142297
5.7621728,1.2,2.3,598898,10393614,0.057621728
6.2246456,1.2,2.4,643501,10337954,0.062246456
6.4022153,1.2,2.5,667462,10425485,0.064022153
6.8959995,1.2,2.6,714796,10365372,0.068959995
7.0272031,1.2,2.7,726531,10338836,0.070272031
7.3316186,1.2,2.8,756541,10318881,0.073316186
7.0368995,1.2,2.9,732576,10410494,0.070368995
7.476727,1.2,3,779396,10424294,0.07476727
0.0929167,1.3,1.1,9548,10275875,0.000929167
0.4949285,1.3,1.2,51942,10494849,0.004949285
0.9282604,1.3,1.3,99126,10678684,0.009282604
1.603265,1.3,1.4,173411,10816116,0.01603265
1.9003936,1.3,1.5,206526,10867538,0.019003936
2.3576773,1.3,1.6,256595,10883381,0.023576773
2.7776138,1.3,1.7,304466,10961423,0.027776138
3.1748086,1.3,1.8,348507,10977260,0.031748086
3.7394634,1.3,1.9,408660,10928306,0.037394634
3.8820148,1.3,2,428149,11029041,0.038820148
4.3153498,1.3,2.1,476167,11034262,0.043153498
5.1277574,1.3,2.2,568486,11086445,0.051277574
5.0774124,1.3,2.3,562181,11072195,0.050774124
5.3877776,1.3,2.4,598091,11100885,0.053877776
5.4760145,1.3,2.5,604212,11033791,0.054760145
5.6376892,1.3,2.6,623526,11059957,0.056376892
6.0810886,1.3,2.7,672585,11060273,0.060810886
5.9248171,1.3,2.8,656220,11075785,0.059248171
6.0529808,1.3,2.9,670719,11080805,0.060529808
6.0249094,1.3,3,668996,11103835,0.060249094
0.0855879,1.4,1.1,9198,10746841,0.000855879
0.4466444,1.4,1.2,48944,10958159,0.004466444
0.9037595,1.4,1.3,100110,11077062,0.009037595
1.4215506,1.4,1.4,159395,11212756,0.014215506
1.6782378,1.4,1.5,188212,11214859,0.016782378
2.1571357,1.4,1.6,244763,11346667,0.021571357
2.6322536,1.4,1.7,300725,11424621,0.026322536
2.7146783,1.4,1.8,310115,11423637,0.027146783
3.1381208,1.4,1.9,358624,11427986,0.031381208
3.3684205,1.4,2,385152,11434202,0.033684205
3.8642784,1.4,2.1,442592,11453419,0.038642784
4.2336946,1.4,2.2,483769,11426639,0.042336946
4.4742949,1.4,2.3,512312,11450117,0.044742949
4.7341151,1.4,2.4,543530,11481132,0.047341151
4.9046701,1.4,2.5,562893,11476674,0.049046701
4.8143833,1.4,2.6,557662,11583249,0.048143833
4.9909262,1.4,2.7,574873,11518363,0.049909262
5.3604099,1.4,2.8,618505,11538390,0.053604099
5.500545,1.4,2.9,633552,11517986,0.05500545
5.4804961,1.4,3,630658,11507316,0.054804961
0.0691544,1.5,1.1,7710,11148962,0.000691544
0.4124197,1.5,1.2,46744,11334084,0.004124197
0.8171863,1.5,1.3,93843,11483672,0.008171863
1.2609848,1.5,1.4,146189,11593240,0.012609848
1.6628872,1.5,1.5,193542,11638913,0.016628872
1.936358,1.5,1.6,226839,11714724,0.01936358
2.3223012,1.5,1.7,272008,11712865,0.023223012
2.7599376,1.5,1.8,324460,11756063,0.027599376
2.8731031,1.5,1.9,337876,11759968,0.028731031
3.1290577,1.5,2,369278,11801572,0.031290577
3.3890397,1.5,2.1,399567,11789977,0.033890397
3.5791371,1.5,2.2,422089,11793038,0.035791371
3.8637194,1.5,2.3,458565,11868486,0.038637194
4.1853127,1.5,2.4,497463,11885922,0.041853127
4.0965092,1.5,2.5,486347,11872230,0.040965092
4.4820442,1.5,2.6,531637,11861485,0.044820442
4.6379183,1.5,2.7,551324,11887316,0.046379183
4.7624039,1.5,2.8,564766,11858843,0.047624039
4.6846966,1.5,2.9,557351,11897270,0.046846966
4.8044628,1.5,3,570228,11868715,0.048044628
