Car flexibility (param.),Worst case CPU time(s),Max. number of car/s
1.1,0.097759325,401
1.1,0.075951836,385
1.1,0.076851044,381
1.1,0.074542231,376
1.1,0.067163461,352
1.1,0.065749044,360
1.1,0.071249518,376
1.1,0.065303771,352
1.1,0.077285731,338
1.1,0.070885087,374
1.1,0.075208217,355
1.1,0.058323757,338
1.1,0.068313216,360
1.1,0.064546998,346
1.1,0.067773947,345
1.1,0.058335948,328
1.1,0.064978477,352
1.1,0.056076217,333
1.1,0.076712779,329
1.1,0.057797963,333
1.2,0.113589308,453
1.2,0.14662776,438
1.2,0.096790824,433
1.2,0.179124377,435
1.2,0.106830648,436
1.2,0.169414979,416
1.2,0.099917041,414
1.2,0.170782238,407
1.2,0.088767562,398
1.2,0.154116565,409
1.2,0.103975829,415
1.2,0.087921927,391
1.2,0.085516232,374
1.2,0.134063543,394
1.2,0.087754147,386
1.2,0.085499229,399
1.2,0.081046495,389
1.2,0.150709646,393
1.2,0.082031999,390
1.2,0.148237866,396
1.3,0.13290256,507
1.3,0.12998294,493
1.3,0.114352496,484
1.3,0.123246415,492
1.3,0.114197228,479
1.3,0.111223392,472
1.3,0.121562845,479
1.3,0.120062775,477
1.3,0.126790637,478
1.3,0.103448752,450
1.3,0.111731222,453
1.3,0.11208667,459
1.3,0.141947256,450
1.3,0.105520492,460
1.3,0.104665875,462
1.3,0.101654826,451
1.3,0.107296132,454
1.3,0.101516239,449
1.3,0.125697344,448
1.3,0.109537897,480
1.4,0.172001607,561
1.4,0.153468866,557
1.4,0.201605871,543
1.4,0.14695979,528
1.4,0.174236956,530
1.4,0.138555736,527
1.4,0.153098019,538
1.4,0.146390366,536
1.4,0.14081707,516
1.4,0.170924674,523
1.4,0.160204107,556
1.4,0.165939087,525
1.4,0.130666248,502
1.4,0.155937118,513
1.4,0.13902122,520
1.4,0.138216648,502
1.4,0.139606363,506
1.4,0.167261434,530
1.4,0.138313851,517
1.4,0.150412904,508
1.5,0.272597785,644
1.5,0.121133933,610
1.5,0.1950506,625
1.5,0.170193886,597
1.5,0.193310248,603
1.5,0.188919429,598
1.5,0.174539472,591
1.5,0.227643137,596
1.5,0.168829515,571
1.5,0.240384436,588
1.5,0.171853717,588
1.5,0.24987601,579
1.5,0.181206704,587
1.5,0.21101564,586
1.5,0.186037343,603
1.5,0.180238523,580
1.5,0.172791742,589
1.5,0.181602894,583
1.5,0.16588423,577
1.5,0.176633669,585
1.1,0.021885123,232
1.1,0.021500161,226
1.1,0.025394378,227
1.1,0.027875462,224
1.1,0.022527048,205
1.1,0.023632533,209
1.1,0.02447528,215
1.1,0.022850738,208
1.1,0.021234857,201
1.1,0.024378718,216
1.1,0.018987959,204
1.1,0.019955819,198
1.1,0.019650736,190
1.1,0.019746015,196
1.1,0.019561232,194
1.1,0.021794978,199
1.1,0.019694686,185
1.1,0.018371056,183
1.1,0.019285343,206
1.1,0.020681153,195
1.2,0.142232449,253
1.2,0.032726632,245
1.2,0.029053448,237
1.2,0.032435986,235
1.2,0.029649819,234
1.2,0.025586859,237
1.2,0.027576474,226
1.2,0.026256053,225
1.2,0.030802461,227
1.2,0.028124405,226
1.2,0.024217997,220
1.2,0.027389447,215
1.2,0.026532263,227
1.2,0.025309366,219
1.2,0.026899261,219
1.2,0.022591209,209
1.2,0.020874597,216
1.2,0.022900783,214
1.2,0.020600952,202
1.2,0.023574467,211
1.3,0.040742195,264
1.3,0.040270295,273
1.3,0.037757131,260
1.3,0.035720358,256
1.3,0.037671156,264
1.3,0.036635607,259
1.3,0.036658063,273
1.3,0.030097979,246
1.3,0.030100546,245
1.3,0.031111073,247
1.3,0.028375593,243
1.3,0.029468566,233
1.3,0.026761958,244
1.3,0.031480958,238
1.3,0.030399213,245
1.3,0.028144936,242
1.3,0.028339663,228
1.3,0.031205068,236
1.3,0.027211722,228
1.3,0.035227927,254
1.4,0.048021517,292
1.4,0.047290409,300
1.4,0.046886519,295
1.4,0.044576102,288
1.4,0.04219575,276
1.4,0.045228292,282
1.4,0.043677856,288
1.4,0.045236633,289
1.4,0.03606907,261
1.4,0.040157373,269
1.4,0.038345803,267
1.4,0.039678736,264
1.4,0.034196548,263
1.4,0.038953723,264
1.4,0.034671656,261
1.4,0.037918174,257
1.4,0.036686614,264
1.4,0.037135737,261
1.4,0.039710495,266
1.4,0.036870755,263
1.5,0.056960027,321
1.5,0.05287782,309
1.5,0.052525579,318
1.5,0.050548475,314
1.5,0.047904745,303
1.5,0.045331912,296
1.5,0.046491932,304
1.5,0.046995912,300
1.5,0.04775493,295
1.5,0.046748253,302
1.5,0.04249185,293
1.5,0.044874127,287
1.5,0.045086819,290
1.5,0.04826661,297
1.5,0.042166557,294
1.5,0.042442126,290
1.5,0.041469133,282
1.5,0.047119742,293
1.5,0.044317214,292
1.5,0.048864264,302
1.1,0.042928783,287
1.1,0.043077956,278
1.1,0.039149733,275
1.1,0.034773992,262
1.1,0.036310634,257
1.1,0.034928618,253
1.1,0.032529339,250
1.1,0.033584778,252
1.1,0.030848015,243
1.1,0.030900626,249
1.1,0.034189169,259
1.1,0.030402741,241
1.1,0.031657078,233
1.1,0.027004484,231
1.1,0.029196205,241
1.1,0.027111632,246
1.1,0.025423892,227
1.1,0.02565519,232
1.1,0.030187804,233
1.1,0.023280292,216
1.2,0.05089815,312
1.2,0.048902119,307
1.2,0.049437858,314
1.2,0.047359702,311
1.2,0.048511382,309
1.2,0.040705624,293
1.2,0.038555608,280
1.2,0.039041623,272
1.2,0.04541917,292
1.2,0.039364671,281
1.2,0.03548521,288
1.2,0.041193884,280
1.2,0.038459367,281
1.2,0.036728318,267
1.2,0.037699066,273
1.2,0.036250644,262
1.2,0.035311977,262
1.2,0.035291766,275
1.2,0.0346014,261
1.2,0.035220227,261
1.3,0.060271668,350
1.3,0.063906677,351
1.3,0.05856468,355
1.3,0.059975889,343
1.3,0.060245042,348
1.3,0.051945248,316
1.3,0.051487784,322
1.3,0.053299675,312
1.3,0.053360306,323
1.3,0.049293497,312
1.3,0.051470782,323
1.3,0.047850529,320
1.3,0.050780736,319
1.3,0.045575721,294
1.3,0.046235611,305
1.3,0.047732795,316
1.3,0.047326659,306
1.3,0.045205836,309
1.3,0.047545126,307
1.3,0.051635353,318
1.4,0.080323086,403
1.4,0.076596007,391
1.4,0.077231516,395
1.4,0.075188648,396
1.4,0.072921539,371
1.4,0.073923083,361
1.4,0.064043981,363
1.4,0.068339842,368
1.4,0.067952313,363
1.4,0.068362619,368
1.4,0.069356144,368
1.4,0.062469804,358
1.4,0.066958789,357
1.4,0.063849254,350
1.4,0.067278629,357
1.4,0.068406248,368
1.4,0.062772,358
1.4,0.058721873,340
1.4,0.071317849,380
1.4,0.057124278,342
1.5,0.108280674,464
1.5,0.089597477,432
1.5,0.092420215,432
1.5,0.089520163,425
1.5,0.08752734,431
1.5,0.083517634,425
1.5,0.080852731,406
1.5,0.086261776,415
1.5,0.083110857,403
1.5,0.084236552,410
1.5,0.07352208,405
1.5,0.077537561,394
1.5,0.07528136,399
1.5,0.069704856,402
1.5,0.071499423,407
1.5,0.070911713,390
1.5,0.073858923,392
1.5,0.073717449,389
1.5,0.072040937,402
1.5,0.074788287,385
1.1,0.02686269,240
1.1,0.02871853,233
1.1,0.027587382,225
1.1,0.027066399,220
1.1,0.02573892,218
1.1,0.025011982,215
1.1,0.024499019,212
1.1,0.022962056,210
1.1,0.023770157,202
1.1,0.023765345,224
1.1,0.021868762,199
1.1,0.022205925,198
1.1,0.021591589,197
1.1,0.022702206,199
1.1,0.020843158,194
1.1,0.021405845,193
1.1,0.020367087,190
1.1,0.023859019,204
1.1,0.019817553,195
1.1,0.0189562,183
1.2,0.037571066,261
1.2,0.035755005,260
1.2,0.040359478,270
1.2,0.032976537,265
1.2,0.033322041,242
1.2,0.031122301,244
1.2,0.03084609,241
1.2,0.029298861,232
1.2,0.033894994,251
1.2,0.03071007,242
1.2,0.028490119,228
1.2,0.026240654,222
1.2,0.027516164,222
1.2,0.028961057,219
1.2,0.029544275,234
1.2,0.028149106,222
1.2,0.028720455,234
1.2,0.026193817,233
1.2,0.024554197,228
1.2,0.02639881,215
1.3,0.045272563,302
1.3,0.047818449,301
1.3,0.046643672,300
1.3,0.042588091,287
1.3,0.056542022,271
1.3,0.040460531,279
1.3,0.039489783,274
1.3,0.038397452,269
1.3,0.042721865,289
1.3,0.036019666,260
1.3,0.03915647,266
1.3,0.037219146,265
1.3,0.034945621,257
1.3,0.0395363,265
1.3,0.033325891,251
1.3,0.035635987,254
1.3,0.038246675,272
1.3,0.031573349,243
1.3,0.036809161,260
1.3,0.033192116,261
1.4,0.058351346,334
1.4,0.056878544,324
1.4,0.052067474,319
1.4,0.054569089,317
1.4,0.048002269,319
1.4,0.051544887,307
1.4,0.046457606,291
1.4,0.045494558,297
1.4,0.04923447,295
1.4,0.061767889,294
1.4,0.044681004,290
1.4,0.048073808,297
1.4,0.048609226,289
1.4,0.046687942,292
1.4,0.048879342,294
1.4,0.060911668,287
1.4,0.046598118,279
1.4,0.043665024,288
1.4,0.044141415,295
1.4,0.047252875,300
1.5,0.074384076,372
1.5,0.072713338,360
1.5,0.072340566,357
1.5,0.066062147,343
1.5,0.060239588,347
1.5,0.062542627,337
1.5,0.061173764,336
1.5,0.055289931,322
1.5,0.059385613,323
1.5,0.059477362,330
1.5,0.053910803,325
1.5,0.065388142,337
1.5,0.057992048,326
1.5,0.056108298,324
1.5,0.057951306,326
1.5,0.05621705,322
1.5,0.050112826,332
1.5,0.055923195,322
1.5,0.062165363,333
1.5,0.053441149,315
1.1,0.029048315,238
1.1,0.027218459,227
1.1,0.026315401,227
1.1,0.024389947,215
1.1,0.023040332,227
1.1,0.021521654,211
1.1,0.023533726,215
1.1,0.022034296,225
1.1,0.019627318,212
1.1,0.018783608,207
1.1,0.021523579,199
1.1,0.016667276,192
1.1,0.02205964,203
1.1,0.01943612,198
1.1,0.017430144,206
1.1,0.020876201,195
1.1,0.022693545,200
1.1,0.018101583,199
1.1,0.019823969,202
1.1,0.017384911,196
1.2,0.032294512,255
1.2,0.034762764,265
1.2,0.123250906,265
1.2,0.026937757,237
1.2,0.030266721,245
1.2,0.028491402,244
1.2,0.024373265,238
1.2,0.028633197,230
1.2,0.025095391,241
1.2,0.028537598,230
1.2,0.024472393,239
1.2,0.020211178,212
1.2,0.027653467,234
1.2,0.023574147,222
1.2,0.024750528,215
1.2,0.027836966,231
1.2,0.025192594,231
1.2,0.024038989,220
1.2,0.02492729,231
1.2,0.022510367,225
1.3,0.039530204,291
1.3,0.040233403,284
1.3,0.039551698,278
1.3,0.033639956,261
1.3,0.035081962,278
1.3,0.031733429,257
1.3,0.033834041,253
1.3,0.034274182,267
1.3,0.032482502,266
1.3,0.033006693,265
1.3,0.031311895,258
1.3,0.031440216,256
1.3,0.02982626,242
1.3,0.031698782,249
1.3,0.032746522,258
1.3,0.030164706,241
1.3,0.034603325,270
1.3,0.033499445,267
1.3,0.02923823,251
1.3,0.031745298,248
1.4,0.046855722,326
1.4,0.047206038,306
1.4,0.044032021,314
1.4,0.042838316,291
1.4,0.041402085,285
1.4,0.040338947,287
1.4,0.044053836,288
1.4,0.03989239,284
1.4,0.042010005,295
1.4,0.04054009,290
1.4,0.037862675,286
1.4,0.036187125,281
1.4,0.041521744,290
1.4,0.044817024,289
1.4,0.041701714,290
1.4,0.039811548,279
1.4,0.038367297,279
1.4,0.038705743,289
1.4,0.036911176,282
1.4,0.040627027,291
1.5,0.109967772,357
1.5,0.055207485,348
1.5,0.055199465,348
1.5,0.050028455,333
1.5,0.047604795,319
1.5,0.042934236,325
1.5,0.04500726,317
1.5,0.049025628,340
1.5,0.046488083,329
1.5,0.036760078,308
1.5,0.049670119,313
1.5,0.037328218,311
1.5,0.041058185,314
1.5,0.042420632,312
1.5,0.042044331,310
1.5,0.037512038,295
1.5,0.04057634,304
1.5,0.039643448,307
1.5,0.041151218,310
1.5,0.045453175,316
1.1,0.024965145,234
1.1,0.030077448,239
1.1,0.027287752,218
1.1,0.02838265,220
1.1,0.021314416,203
1.1,0.026711271,228
1.1,0.020433173,208
1.1,0.023864473,208
1.1,0.025315461,215
1.1,0.020471669,199
1.1,0.022886668,206
1.1,0.021575228,201
1.1,0.021897955,200
1.1,0.020023188,198
1.1,0.024466618,199
1.1,0.022444281,202
1.1,0.020804982,192
1.1,0.022246667,204
1.1,0.02007612,196
1.1,0.020768732,203
1.2,0.039137543,281
1.2,0.033276808,255
1.2,0.032055514,256
1.2,0.03153389,244
1.2,0.028194339,233
1.2,0.024434217,225
1.2,0.027393938,226
1.2,0.030763644,242
1.2,0.027804565,233
1.2,0.027924224,236
1.2,0.026637166,218
1.2,0.026464253,232
1.2,0.025371601,217
1.2,0.024193295,219
1.2,0.026447572,224
1.2,0.02614281,221
1.2,0.025068443,230
1.2,0.024049255,217
1.2,0.026870068,217
1.2,0.028854871,233
1.3,0.039534696,281
1.3,0.047532614,307
1.3,0.036811406,276
1.3,0.03613291,275
1.3,0.034730363,273
1.3,0.035615135,257
1.3,0.036200278,275
1.3,0.033088818,253
1.3,0.037032118,264
1.3,0.033561039,257
1.3,0.034017861,254
1.3,0.029381628,248
1.3,0.034914503,257
1.3,0.03204974,246
1.3,0.032603123,250
1.3,0.032808116,255
1.3,0.033345139,243
1.3,0.032662793,249
1.3,0.033275525,254
1.3,0.031984617,246
1.4,0.049374019,317
1.4,0.046906409,304
1.4,0.045212894,302
1.4,0.043508151,289
1.4,0.043174517,300
1.4,0.041179128,280
1.4,0.042964071,301
1.4,0.040371348,285
1.4,0.040451548,285
1.4,0.04323579,288
1.4,0.039775297,291
1.4,0.039546245,284
1.4,0.03950422,273
1.4,0.04217586,272
1.4,0.036900268,279
1.4,0.037205993,271
1.4,0.040394766,284
1.4,0.040445453,282
1.4,0.039953984,283
1.4,0.041866286,293
1.5,0.059007066,349
1.5,0.063108842,351
1.5,0.05773284,339
1.5,0.057636599,332
1.5,0.052076777,340
1.5,0.057737652,328
1.5,0.053804617,332
1.5,0.050343804,320
1.5,0.049832766,315
1.5,0.055415365,333
1.5,0.053758101,338
1.5,0.051497087,320
1.5,0.05023024,299
1.5,0.047562128,317
1.5,0.052317379,318
1.5,0.048720866,312
1.5,0.046334097,309
1.5,0.048767703,314
1.5,0.054534121,319
1.5,0.051769128,321
1.1,0.037217863,285
1.1,0.048382419,313
1.1,0.042369304,291
1.1,0.039753162,279
1.1,0.040962265,287
1.1,0.039942756,275
1.1,0.042413895,287
1.1,0.044418588,296
1.1,0.040032581,277
1.1,0.040633443,281
1.1,0.038360239,278
1.1,0.03618488,268
1.1,0.04272764,282
1.1,0.036046293,265
1.1,0.03631288,269
1.1,0.03977626,278
1.1,0.033159715,262
1.1,0.035177561,262
1.1,0.035709451,267
1.1,0.034540448,244
1.2,0.056300137,339
1.2,0.057677341,330
1.2,0.058590344,332
1.2,0.056470804,335
1.2,0.051256165,322
1.2,0.052985609,305
1.2,0.049805498,309
1.2,0.054066071,316
1.2,0.050088124,306
1.2,0.045864764,300
1.2,0.049588956,308
1.2,0.052540015,322
1.2,0.045266789,295
1.2,0.052032827,308
1.2,0.046146107,292
1.2,0.047053657,304
1.2,0.044336142,299
1.2,0.04747487,299
1.2,0.043126717,297
1.2,0.044807721,303
1.3,0.074651946,386
1.3,0.07516555,383
1.3,0.079463336,379
1.3,0.072108947,374
1.3,0.074051404,359
1.3,0.070471894,367
1.3,0.060467037,350
1.3,0.065975851,353
1.3,0.067766248,355
1.3,0.062629885,345
1.3,0.058813943,351
1.3,0.0636279,347
1.3,0.066833676,351
1.3,0.068344334,362
1.3,0.062955178,350
1.3,0.068129717,357
1.3,0.062213484,342
1.3,0.062888451,350
1.3,0.0572449,340
1.3,0.058908901,346
1.4,0.104551349,448
1.4,0.097526744,420
1.4,0.090433487,421
1.4,0.087689345,410
1.4,0.092786892,414
1.4,0.122246154,405
1.4,0.086157836,415
1.4,0.087656944,405
1.4,0.127078076,390
1.4,0.09472999,400
1.4,0.086624603,409
1.4,0.07597333,386
1.4,0.07680517,383
1.4,0.077434584,394
1.4,0.076046152,411
1.4,0.055399325,397
1.4,0.072669709,384
1.4,0.075014131,375
1.4,0.071624857,376
1.4,0.079425161,387
1.5,0.119832118,468
1.5,0.123188671,485
1.5,0.109054769,469
1.5,0.113958551,462
1.5,0.106979179,457
1.5,0.112963423,451
1.5,0.101449192,448
1.5,0.104287649,439
1.5,0.107301265,442
1.5,0.102846927,441
1.5,0.098035536,441
1.5,0.107077345,455
1.5,0.09838906,444
1.5,0.095207023,441
1.5,0.101176831,450
1.5,0.100614464,440
1.5,0.099035155,434
1.5,0.099711727,435
1.5,0.107220102,455
1.5,0.11464988,438
1.1,0.04849855,297
1.1,0.050817308,301
1.1,0.045009505,290
1.1,0.049059633,294
1.1,0.045922188,280
1.1,0.044474087,278
1.1,0.045099651,289
1.1,0.254648904,283
1.1,0.038314685,274
1.1,0.040327398,264
1.1,0.03732886,259
1.1,0.037873903,272
1.1,0.040691829,275
1.1,0.037915607,263
1.1,0.040071719,267
1.1,0.03594909,264
1.1,0.038961743,263
1.1,0.036019666,254
1.1,0.037234544,259
1.1,0.037472259,263
1.2,0.064516522,335
1.2,0.059947016,342
1.2,0.061309142,329
1.2,0.050110581,308
1.2,0.05464961,318
1.2,0.055066974,311
1.2,0.046725797,314
1.2,0.050351824,307
1.2,0.045468252,290
1.2,0.047131291,295
1.2,0.0467752,297
1.2,0.047056865,301
1.2,0.047044033,289
1.2,0.044694798,286
1.2,0.044566478,296
1.2,0.047333717,290
1.2,0.043809064,282
1.2,0.044724312,280
1.2,0.03834869,299
1.2,0.041600662,292
1.3,0.07077056,362
1.3,0.067958409,366
1.3,0.067718449,357
1.3,0.066524423,363
1.3,0.067572163,354
1.3,0.062355599,355
1.3,0.063188401,342
1.3,0.060010214,338
1.3,0.062553855,339
1.3,0.058399788,336
1.3,0.059153673,330
1.3,0.057014885,343
1.3,0.062123017,334
1.3,0.060698335,338
1.3,0.056309441,321
1.3,0.056403756,326
1.3,0.055570954,325
1.3,0.057286925,338
1.3,0.05393358,331
1.3,0.061072069,326
1.4,0.089059171,402
1.4,0.090825187,402
1.4,0.082932491,393
1.4,0.080268871,395
1.4,0.079665121,394
1.4,0.075710593,388
1.4,0.086904663,388
1.4,0.076526072,376
1.4,0.076949531,385
1.4,0.075749731,374
1.4,0.071151673,375
1.4,0.07221032,371
1.4,0.063468141,369
1.4,0.067797687,358
1.4,0.070623633,378
1.4,0.069676946,387
1.4,0.073406271,376
1.4,0.065374026,377
1.4,0.058608309,368
1.4,0.062790927,373
1.5,0.090773217,446
1.5,0.064434397,447
1.5,0.095927224,429
1.5,0.086382718,433
1.5,0.08156844,426
1.5,0.077160939,426
1.5,0.062599409,426
1.5,0.059438866,428
1.5,0.067589807,432
1.5,0.066792293,425
1.5,0.086740413,421
1.5,0.067344073,413
1.5,0.074301951,424
1.5,0.09504983,416
1.5,0.065258858,426
1.5,0.055394513,407
1.5,0.06425186,419
1.5,0.076002844,431
1.5,0.065401615,410
1.5,0.071278711,406
1.1,0.048237417,305
1.1,0.04769494,290
1.1,0.067673216,299
1.1,0.041219228,280
1.1,0.054100718,278
1.1,0.048577146,273
1.1,0.044656944,278
1.1,0.042404592,275
1.1,0.042673424,277
1.1,0.038931908,263
1.1,0.040091929,274
1.1,0.040266445,270
1.1,0.036563105,266
1.1,0.035438373,259
1.1,0.036863697,255
1.1,0.036497982,268
1.1,0.038661472,264
1.1,0.033928036,255
1.1,0.035564448,260
1.1,0.037529041,261
1.2,0.059943487,328
1.2,0.062044421,333
1.2,0.057570193,322
1.2,0.055769531,324
1.2,0.054575505,325
1.2,0.055988638,312
1.2,0.053213058,314
1.2,0.049503623,305
1.2,0.047712905,296
1.2,0.048969487,300
1.2,0.04682717,293
1.2,0.047756534,294
1.2,0.047555071,292
1.2,0.04601907,291
1.2,0.04621508,303
1.2,0.047225607,297
1.2,0.045582458,293
1.2,0.047828715,292
1.2,0.04925853,292
1.2,0.0457512,284
1.3,0.074325048,374
1.3,0.067166669,358
1.3,0.071957528,360
1.3,0.067498699,347
1.3,0.068261567,342
1.3,0.06547155,336
1.3,0.065185395,344
1.3,0.069269206,332
1.3,0.064651901,338
1.3,0.058099837,332
1.3,0.061109924,330
1.3,0.063953194,327
1.3,0.063218557,337
1.3,0.060159387,343
1.3,0.057873993,327
1.3,0.056512508,328
1.3,0.057286925,344
1.3,0.05766483,328
1.3,0.056845501,327
1.3,0.057185551,321
1.4,0.088784885,401
1.4,0.091065788,405
1.4,0.085460091,395
1.4,0.104804461,383
1.4,0.080616299,388
1.4,0.081029172,378
1.4,0.079041802,378
1.4,0.074184858,372
1.4,0.074605429,375
1.4,0.073115624,377
1.4,0.076633541,375
1.4,0.076091706,384
1.4,0.075111334,376
1.4,0.071517388,371
1.4,0.076743576,369
1.4,0.069501146,377
1.4,0.073063013,371
1.4,0.072565769,374
1.4,0.071171884,375
1.4,0.071813488,379
1.5,0.110537517,453
1.5,0.105049554,436
1.5,0.098842674,426
1.5,0.096789861,437
1.5,0.097408368,425
1.5,0.094192005,439
1.5,0.092105187,426
1.5,0.094507675,421
1.5,0.093447103,414
1.5,0.100448931,422
1.5,0.089292073,420
1.5,0.090897688,421
1.5,0.090465888,409
1.5,0.087459651,414
1.5,0.086667591,412
1.5,0.089811452,420
1.5,0.082272922,410
1.5,0.086402929,414
1.5,0.089194228,426
1.5,0.081059648,418
1.1,0.050950441,305
1.1,0.053936788,297
1.1,0.050285738,293
1.1,0.047114288,285
1.1,0.049715031,288
1.1,0.043564292,275
1.1,0.042411008,271
1.1,0.03804874,264
1.1,0.037843106,262
1.1,0.037557592,271
1.1,0.042298727,268
1.1,0.042561785,272
1.1,0.036178143,257
1.1,0.033956267,258
1.1,0.038039437,264
1.1,0.037317953,258
1.1,0.037731788,261
1.1,0.036051426,261
1.1,0.037769321,261
1.1,0.047907953,256
1.2,0.063633675,337
1.2,0.05850084,329
1.2,0.061408912,329
1.2,0.052927865,312
1.2,0.052534562,312
1.2,0.05526138,310
1.2,0.056139095,306
1.2,0.05498549,319
1.2,0.057933983,307
1.2,0.050447102,302
1.2,0.048357397,300
1.2,0.045782318,299
1.2,0.046807922,287
1.2,0.04945454,293
1.2,0.045804453,301
1.2,0.044116071,289
1.2,0.045845195,295
1.2,0.047377988,283
1.2,0.0454551,290
1.2,0.045128523,289
1.3,0.075232918,377
1.3,0.067159932,359
1.3,0.066089415,356
1.3,0.066024934,348
1.3,0.065074076,345
1.3,0.067943331,350
1.3,0.068307762,354
1.3,0.059333322,330
1.3,0.090152464,339
1.3,0.062493223,338
1.3,0.059785974,332
1.3,0.063130657,338
1.3,0.064817435,333
1.3,0.057198383,330
1.3,0.066946919,329
1.3,0.055219034,332
1.3,0.051817569,343
1.3,0.054974904,319
1.3,0.057038303,316
1.3,0.062141624,329
1.4,0.090807863,406
1.4,0.089334419,395
1.4,0.087240222,401
1.4,0.084617986,387
1.4,0.084357494,380
1.4,0.141482093,399
1.4,0.075643866,393
1.4,0.066906178,377
1.4,0.067105717,388
1.4,0.068869808,385
1.4,0.082650827,375
1.4,0.074019324,365
1.4,0.074142191,368
1.4,0.07566953,367
1.4,0.074948046,367
1.4,0.082477594,384
1.4,0.102599909,367
1.4,0.070239954,376
1.4,0.072045107,373
1.4,0.067904514,366
1.5,0.119937983,457
1.5,0.110893286,448
1.5,0.112578139,439
1.5,0.10501587,438
1.5,0.131435532,420
1.5,0.095541299,435
1.5,0.095432547,432
1.5,0.077441,420
1.5,0.071923203,417
1.5,0.055334202,433
1.5,0.09912113,424
1.5,0.098261381,423
1.5,0.094036416,417
1.5,0.091171974,411
1.5,0.092321087,411
1.5,0.103451318,414
1.5,0.083730647,418
1.5,0.081153322,409
1.5,0.088458308,409
1.5,0.073674462,410
1.1,0.044450989,303
1.1,0.036072278,291
1.1,0.039697022,298
1.1,0.034801581,281
1.1,0.034638934,282
1.1,0.035688278,270
1.1,0.037638113,277
1.1,0.034976739,265
1.1,0.027050359,267
1.1,0.02532316,268
1.1,0.028434299,259
1.1,0.022886026,253
1.1,0.024228583,263
1.1,0.023225756,245
1.1,0.021969815,255
1.1,0.025720634,256
1.1,0.026467782,261
1.1,0.022441715,256
1.1,0.02192779,246
1.1,0.025453085,251
1.2,0.051935624,342
1.2,0.037267908,328
1.2,0.045353405,330
1.2,0.041087057,330
1.2,0.036318654,313
1.2,0.033418603,331
1.2,0.042477093,325
1.2,0.039827909,316
1.2,0.040435508,303
1.2,0.029988265,308
1.2,0.039895919,306
1.2,0.034956528,291
1.2,0.037118093,298
1.2,0.037448519,292
1.2,0.041080962,293
1.2,0.035980849,305
1.2,0.028939884,302
1.2,0.036114624,302
1.2,0.026116504,278
1.2,0.037685592,317
1.3,0.054315014,382
1.3,0.056955857,377
1.3,0.04191184,368
1.3,0.050958781,368
1.3,0.041668351,364
1.3,0.047500534,349
1.3,0.054417991,363
1.3,0.037592559,365
1.3,0.035419766,358
1.3,0.061938556,360
1.3,0.052523334,341
1.3,0.049879282,341
1.3,0.052575945,332
1.3,0.048784384,329
1.3,0.042415178,340
1.3,0.042462657,339
1.3,0.033777901,338
1.3,0.036878454,338
1.3,0.052525579,343
1.3,0.042354547,323
1.4,0.09918497,435
1.4,0.073346281,416
1.4,0.07377391,417
1.4,0.073246832,404
1.4,0.080209843,421
1.4,0.053385329,425
1.4,0.052455965,404
1.4,0.051542,411
1.4,0.055488508,401
1.4,0.043890547,398
1.4,0.071740987,385
1.4,0.063138035,391
1.4,0.068571782,385
1.4,0.063719329,387
1.4,0.051828476,408
1.4,0.046014258,399
1.4,0.042010968,383
1.4,0.04686695,387
1.4,0.042394647,384
1.4,0.049876716,385
1.5,0.107760974,474
1.5,0.177290351,467
1.5,0.094316797,470
1.5,0.078739607,455
1.5,0.062327048,459
1.5,0.077641822,451
1.5,0.063837384,424
1.5,0.059269803,458
1.5,0.123885453,436
1.5,0.055772739,442
1.5,0.078978925,447
1.5,0.071752536,456
1.5,0.086802327,434
1.5,0.054918122,448
1.5,0.06523961,420
1.5,0.059697753,444
1.5,0.06557934,425
1.5,0.050288626,413
1.5,0.049547894,416
1.5,0.070634219,437
1.1,0.035993361,274
1.1,0.034586964,256
1.1,0.034983796,260
1.1,0.032118391,250
1.1,0.032080858,248
1.1,0.02949423,247
1.1,0.031496356,254
1.1,0.030458561,238
1.1,0.032439835,240
1.1,0.030855714,241
1.1,0.028565828,235
1.1,0.025660002,225
1.1,0.028560054,235
1.1,0.026305456,228
1.1,0.028424034,227
1.1,0.029294049,237
1.1,0.027859422,236
1.1,0.02710297,226
1.1,0.027784996,234
1.1,0.027707041,231
1.2,0.04239593,295
1.2,0.040107007,304
1.2,0.041334396,295
1.2,0.038812891,285
1.2,0.037975276,280
1.2,0.039801924,286
1.2,0.038366013,272
1.2,0.040282486,278
1.2,0.034470513,273
1.2,0.035929842,266
1.2,0.036178143,282
1.2,0.036301331,264
1.2,0.037354203,273
1.2,0.03364958,264
1.2,0.032959214,259
1.2,0.034816979,267
1.2,0.031768396,259
1.2,0.033362462,256
1.2,0.035988869,260
1.2,0.031028626,253
1.3,0.053209209,333
1.3,0.052174622,336
1.3,0.052178471,318
1.3,0.054344848,328
1.3,0.048815823,315
1.3,0.046197115,313
1.3,0.050915794,314
1.3,0.049613337,315
1.3,0.04770681,314
1.3,0.046740554,306
1.3,0.047539993,309
1.3,0.043692933,319
1.3,0.042972091,309
1.3,0.043830237,303
1.3,0.043958557,292
1.3,0.047648424,315
1.3,0.043530607,288
1.3,0.042895098,295
1.3,0.045713987,300
1.3,0.043515209,288
1.4,0.063602557,377
1.4,0.069042078,368
1.4,0.066590508,363
1.4,0.063321213,357
1.4,0.060405763,364
1.4,0.061734526,355
1.4,0.056258112,350
1.4,0.061607809,350
1.4,0.061154195,357
1.4,0.055710824,344
1.4,0.054557861,349
1.4,0.060841092,344
1.4,0.060308881,343
1.4,0.054714091,342
1.4,0.064994838,341
1.4,0.05847293,340
1.4,0.053587755,344
1.4,0.052462381,338
1.4,0.061005984,346
1.4,0.060915518,355
1.5,0.082953343,419
1.5,0.083153524,412
1.5,0.091173899,408
1.5,0.079348169,400
1.5,0.077036147,399
1.5,0.077169601,405
1.5,0.072886571,390
1.5,0.069128374,400
1.5,0.068449878,388
1.5,0.076724007,402
1.5,0.072784556,381
1.5,0.075332046,411
1.5,0.072890742,389
1.5,0.078305561,408
1.5,0.067745717,399
1.5,0.076373691,397
1.5,0.068162118,396
1.5,0.071469267,390
1.5,0.077496498,398
1.5,0.06876266,383
1.1,0.044396132,278
1.1,0.041335679,271
1.1,0.037785041,265
1.1,0.041922426,261
1.1,0.036561822,261
1.1,0.040937884,257
1.1,0.037476429,259
1.1,0.034451265,252
1.1,0.036676348,252
1.1,0.035148368,256
1.1,0.036089601,247
1.1,0.036834183,249
1.1,0.03497738,251
1.1,0.033458703,242
1.1,0.030930461,240
1.1,0.032440477,246
1.1,0.035375175,254
1.1,0.03107803,244
1.1,0.031664456,245
1.1,0.031329218,248
1.2,0.051873068,305
1.2,0.054726282,306
1.2,0.051107313,298
1.2,0.046284052,285
1.2,0.049260776,294
1.2,0.051622842,293
1.2,0.044944062,282
1.2,0.0451513,289
1.2,0.049259492,295
1.2,0.045908393,285
1.2,0.05053019,290
1.2,0.043096241,276
1.2,0.043828312,282
1.2,0.044506488,273
1.2,0.046196794,285
1.2,0.043804893,280
1.2,0.044505846,276
1.2,0.046938168,277
1.2,0.040681243,269
1.2,0.04436758,275
1.3,0.065014407,341
1.3,0.058379577,337
1.3,0.064040773,331
1.3,0.056682534,328
1.3,0.058333381,319
1.3,0.058126143,334
1.3,0.063721895,332
1.3,0.056916078,322
1.3,0.05796895,322
1.3,0.055145891,315
1.3,0.053358382,310
1.3,0.056808288,310
1.3,0.053906312,331
1.3,0.058452399,318
1.3,0.055577691,314
1.3,0.053720567,315
1.3,0.060253703,320
1.3,0.055514493,322
1.3,0.057763958,305
1.3,0.077807997,309
1.4,0.086535099,392
1.4,0.098302443,375
1.4,0.077782012,368
1.4,0.074068727,379
1.4,0.078941391,365
1.4,0.075367655,368
1.4,0.073679594,361
1.4,0.071912616,364
1.4,0.07984477,361
1.4,0.071557488,355
1.4,0.073083865,364
1.4,0.070795262,347
1.4,0.067701446,354
1.4,0.065658578,346
1.4,0.068556705,355
1.4,0.080715427,359
1.4,0.079507286,340
1.4,0.064438247,351
1.4,0.071347683,354
1.4,0.067215752,350
1.5,0.12665173,416
1.5,0.094582421,413
1.5,0.10178026,412
1.5,0.093475012,403
1.5,0.08622745,397
1.5,0.091817107,415
1.5,0.088433606,400
1.5,0.091455563,398
1.5,0.08789498,398
1.5,0.090246139,400
1.5,0.089473326,399
1.5,0.089923091,417
1.5,0.090435733,399
1.5,0.084398878,394
1.5,0.077593701,396
1.5,0.064317946,393
1.5,0.068784795,399
1.5,0.062942025,399
1.5,0.048041086,385
1.5,0.046841927,390
1.1,0.039320721,285
1.1,0.039371407,276
1.1,0.039785242,278
1.1,0.040037072,277
1.1,0.038376921,260
1.1,0.040646917,264
1.1,0.033119294,268
1.1,0.032401018,261
1.1,0.033040056,258
1.1,0.038409643,267
1.1,0.033356688,255
1.1,0.034762122,264
1.1,0.038791076,252
1.1,0.033035244,246
1.1,0.036562464,254
1.1,0.031542552,248
1.1,0.033135013,264
1.1,0.033460948,256
1.1,0.029634741,246
1.1,0.032490201,250
1.2,0.049618791,304
1.2,0.047864003,298
1.2,0.045973195,300
1.2,0.047550579,292
1.2,0.043680422,289
1.2,0.04273598,289
1.2,0.050669097,306
1.2,0.042205053,287
1.2,0.041853775,282
1.2,0.04112427,287
1.2,0.042840241,277
1.2,0.038705101,271
1.2,0.038739748,292
1.2,0.042586487,287
1.2,0.042180351,279
1.2,0.039879558,278
1.2,0.038842405,277
1.2,0.042488963,278
1.2,0.03835671,272
1.2,0.03858865,284
1.3,0.059832169,352
1.3,0.068043742,358
1.3,0.060983849,336
1.3,0.057923396,335
1.3,0.05835263,318
1.3,0.054643836,323
1.3,0.057760108,315
1.3,0.054464187,324
1.3,0.045626408,322
1.3,0.051115974,321
1.3,0.044002828,313
1.3,0.047188714,312
1.3,0.05058248,321
1.3,0.046756594,300
1.3,0.046733175,329
1.3,0.049027232,320
1.3,0.04237989,321
1.3,0.043146607,302
1.3,0.04389151,308
1.3,0.048572976,307
1.4,0.061929574,385
1.4,0.058861422,378
1.4,0.056976068,379
1.4,0.054387836,369
1.4,0.043677214,367
1.4,0.044732974,365
1.4,0.054969129,365
1.4,0.049297989,363
1.4,0.041760742,361
1.4,0.051261939,354
1.4,0.053334001,353
1.4,0.052536166,356
1.4,0.042734697,361
1.4,0.053730833,363
1.4,0.049392304,357
1.4,0.054293841,370
1.4,0.051830722,354
1.4,0.049586069,372
1.4,0.05752111,356
1.4,0.04744279,344
1.5,0.068471692,424
1.5,0.073821389,412
1.5,0.067299802,411
1.5,0.059983588,410
1.5,0.061167989,412
1.5,0.056650774,402
1.5,0.057060118,407
1.5,0.052766502,415
1.5,0.054517119,400
1.5,0.051941398,412
1.5,0.0463989,397
1.5,0.049037818,387
1.5,0.055890473,395
1.5,0.056488127,387
1.5,0.049708615,394
1.5,0.047828394,405
1.5,0.046365536,391
1.5,0.064966608,395
1.5,0.060063147,403
1.5,0.075476086,398
1.1,0.048045898,300
1.1,0.046669336,293
1.1,0.049484695,303
1.1,0.043937705,283
1.1,0.041963489,281
1.1,0.042452071,293
1.1,0.043323048,288
1.1,0.040493253,271
1.1,0.040226345,271
1.1,0.041858266,281
1.1,0.038202404,274
1.1,0.037413552,265
1.1,0.043020532,272
1.1,0.038003507,269
1.1,0.040433583,278
1.1,0.037671156,270
1.1,0.039810586,275
1.1,0.039453212,266
1.1,0.03748477,264
1.1,0.039436209,272
1.2,0.060587017,345
1.2,0.060917443,337
1.2,0.067030328,355
1.2,0.059230023,336
1.2,0.059708981,331
1.2,0.059989683,328
1.2,0.053379555,317
1.2,0.053915294,315
1.2,0.050051874,311
1.2,0.048435352,305
1.2,0.056612599,318
1.2,0.049894039,311
1.2,0.050185648,308
1.2,0.054810332,316
1.2,0.050880185,308
1.2,0.051595574,304
1.2,0.049718239,306
1.2,0.050345408,309
1.2,0.046890689,320
1.2,0.048932595,298
1.3,0.081010565,392
1.3,0.07343001,362
1.3,0.069711913,370
1.3,0.075121921,368
1.3,0.072306882,372
1.3,0.072907424,364
1.3,0.065678147,354
1.3,0.071758952,368
1.3,0.067559652,364
1.3,0.066852604,361
1.3,0.066573185,350
1.3,0.062045062,353
1.3,0.066938899,352
1.3,0.06735915,353
1.3,0.068739241,356
1.3,0.066582167,360
1.3,0.066611681,351
1.3,0.070945398,361
1.3,0.067226017,353
1.3,0.061196541,350
1.4,0.096213059,430
1.4,0.096036297,418
1.4,0.09047455,417
1.4,0.098750925,431
1.4,0.085657064,407
1.4,0.097470924,430
1.4,0.091215282,413
1.4,0.085818427,409
1.4,0.097833431,422
1.4,0.086272042,400
1.4,0.088287962,414
1.4,0.085824843,408
1.4,0.090273086,408
1.4,0.082492992,403
1.4,0.089232725,409
1.4,0.078360098,392
1.4,0.080902455,390
1.4,0.085744322,401
1.4,0.075179344,395
1.4,0.073034782,395
1.5,0.119231576,479
1.5,0.113957268,480
1.5,0.121207717,472
1.5,0.106204442,458
1.5,0.117891586,463
1.5,0.110713637,455
1.5,0.112986841,461
1.5,0.103453884,448
1.5,0.110060163,464
1.5,0.101523618,459
1.5,0.104799649,441
1.5,0.101362254,453
1.5,0.092185709,438
1.5,0.104398647,446
1.5,0.104110246,447
1.5,0.10158842,445
1.5,0.102978776,447
1.5,0.103084641,440
1.5,0.104331278,439
1.5,0.109901687,454
1.1,0.075056798,357
1.1,0.07850895,370
1.1,0.077443566,347
1.1,0.069377958,341
1.1,0.074130321,342
1.1,0.074388888,352
1.1,0.070673357,332
1.1,0.066805446,329
1.1,0.064584212,329
1.1,0.06360769,336
1.1,0.06347584,325
1.1,0.06661521,331
1.1,0.061561614,325
1.1,0.059883818,328
1.1,0.062349183,324
1.1,0.058707116,317
1.1,0.05652534,319
1.1,0.058206665,318
1.1,0.060449072,330
1.1,0.064061946,328
1.2,0.089924695,387
1.2,0.088960684,391
1.2,0.084635309,379
1.2,0.088958118,391
1.2,0.081421834,375
1.2,0.081932872,376
1.2,0.086027911,381
1.2,0.075757751,371
1.2,0.070034961,358
1.2,0.073133589,361
1.2,0.077119235,368
1.2,0.074786041,369
1.2,0.075587726,361
1.2,0.074228808,369
1.2,0.069436023,355
1.2,0.072510912,361
1.2,0.087112543,347
1.2,0.076021771,357
1.2,0.071831132,346
1.2,0.072843584,356
1.3,0.111200294,427
1.3,0.112770621,450
1.3,0.106860482,421
1.3,0.105184612,426
1.3,0.09786102,415
1.3,0.10030874,407
1.3,0.098955276,409
1.3,0.098548178,416
1.3,0.095238462,411
1.3,0.102263708,404
1.3,0.097408047,402
1.3,0.089928224,402
1.3,0.091420275,407
1.3,0.102521633,406
1.3,0.094856386,398
1.3,0.091523894,401
1.3,0.092709258,407
1.3,0.092678781,397
1.3,0.086153986,391
1.3,0.099964519,400
1.4,0.132861177,480
1.4,0.140588338,484
1.4,0.135434652,467
1.4,0.136026852,495
1.4,0.123314104,463
1.4,0.126886236,464
1.4,0.123726656,464
1.4,0.123702917,454
1.4,0.122713242,450
1.4,0.124570687,460
1.4,0.11882512,449
1.4,0.124558817,456
1.4,0.123180009,454
1.4,0.11439003,444
1.4,0.11652978,443
1.4,0.112606049,445
1.4,0.116341149,440
1.4,0.103622626,447
1.4,0.10311608,441
1.4,0.114820867,440
1.5,0.167051308,545
1.5,0.171630759,528
1.5,0.151486629,521
1.5,0.15962121,519
1.5,0.147944973,514
1.5,0.153685728,523
1.5,0.152921898,506
1.5,0.147421424,508
1.5,0.14468017,510
1.5,0.15456633,495
1.5,0.15370658,511
1.5,0.150992594,499
1.5,0.146494627,499
1.5,0.152329056,501
1.5,0.137530131,488
1.5,0.133356174,503
1.5,0.144566606,497
1.5,0.13937731,498
1.5,0.140434353,492
1.5,0.141627737,489
1.1,0.061706616,344
1.1,0.059953432,351
1.1,0.049866129,342
1.1,0.050862541,331
1.1,0.047360344,335
1.1,0.047322168,335
1.1,0.045688002,317
1.1,0.045914809,308
1.1,0.043623319,304
1.1,0.045789375,316
1.1,0.040336701,301
1.1,0.028681638,308
1.1,0.033885049,308
1.1,0.036942614,310
1.1,0.036266363,301
1.1,0.036429972,309
1.1,0.031869449,314
1.1,0.033953059,289
1.1,0.039719478,293
1.1,0.033024978,291
1.2,0.058553452,398
1.2,0.049577087,390
1.2,0.051249107,401
1.2,0.056531436,377
1.2,0.057552549,392
1.2,0.057945532,370
1.2,0.038804229,374
1.2,0.045142638,359
1.2,0.047526198,354
1.2,0.050184044,355
1.2,0.050631242,367
1.2,0.044411209,358
1.2,0.042718657,353
1.2,0.056875977,353
1.2,0.047460113,350
1.2,0.048940936,354
1.2,0.041773895,354
1.2,0.037394945,360
1.2,0.041990436,353
1.2,0.040355628,357
1.3,0.063808191,440
1.3,0.059954716,444
1.3,0.061111528,444
1.3,0.089616725,446
1.3,0.098606564,423
1.3,0.097289671,423
1.3,0.097003195,434
1.3,0.086717636,413
1.3,0.094551624,428
1.3,0.096264708,413
1.3,0.10453595,409
1.3,0.088022017,410
1.3,0.086341656,413
1.3,0.084420371,399
1.3,0.085656101,408
1.3,0.090389216,418
1.3,0.087565195,400
1.3,0.085290708,397
1.3,0.084889384,410
1.3,0.087817666,405
1.4,0.125098727,494
1.4,0.123155949,496
1.4,0.123511398,485
1.4,0.128481906,507
1.4,0.11905706,484
1.4,0.132208024,494
1.4,0.166073824,485
1.4,0.122947748,496
1.4,0.109961356,471
1.4,0.105377735,479
1.4,0.092787213,456
1.4,0.115738361,469
1.4,0.140033992,484
1.4,0.12050901,486
1.4,0.116947786,467
1.4,0.110166028,471
1.4,0.170345305,465
1.4,0.11041465,463
1.4,0.126144221,480
1.4,0.115914803,464
1.5,0.157844607,565
1.5,0.178312747,566
1.5,0.161770263,549
1.5,0.155246751,547
1.5,0.14814772,546
1.5,0.158788407,558
1.5,0.13866545,522
1.5,0.1456522,550
1.5,0.136372998,543
1.5,0.083902918,550
1.5,0.14113306,527
1.5,0.152291201,536
1.5,0.14164891,533
1.5,0.139231345,531
1.5,0.157850061,531
1.5,0.243799375,557
1.5,0.135490471,523
1.5,0.138255144,523
1.5,0.126948151,526
1.5,0.105137775,521
1.1,0.035455375,264
1.1,0.034000858,254
1.1,0.033128277,250
1.1,0.033512598,250
1.1,0.032698081,255
1.1,0.02985417,243
1.1,0.029681899,237
1.1,0.02668304,242
1.1,0.027851723,235
1.1,0.025776454,226
1.1,0.027340364,228
1.1,0.027453928,239
1.1,0.027284224,222
1.1,0.022194056,210
1.1,0.023310127,210
1.1,0.026064855,224
1.1,0.02215556,220
1.1,0.023916443,215
1.1,0.025218258,223
1.1,0.024278307,213
1.2,0.047667672,309
1.2,0.047011952,303
1.2,0.043748432,298
1.2,0.042677274,281
1.2,0.03958859,280
1.2,0.04373175,288
1.2,0.038339066,270
1.2,0.035486172,267
1.2,0.036315767,270
1.2,0.037649983,272
1.2,0.039079798,274
1.2,0.037953783,279
1.2,0.034018182,259
1.2,0.038510695,261
1.2,0.033024016,262
1.2,0.034392237,253
1.2,0.035362343,266
1.2,0.034006633,260
1.2,0.036715166,277
1.2,0.033435926,260
1.3,0.061137192,350
1.3,0.053652236,329
1.3,0.05414178,332
1.3,0.057262544,333
1.3,0.050430741,311
1.3,0.04708285,312
1.3,0.048264364,321
1.3,0.047979492,306
1.3,0.065378838,310
1.3,0.049780796,309
1.3,0.04946641,315
1.3,0.04811487,299
1.3,0.048256344,310
1.3,0.046355912,301
1.3,0.049808385,301
1.3,0.042667008,299
1.3,0.048892174,304
1.3,0.040403428,299
1.3,0.040658466,303
1.3,0.049825387,303
1.4,0.073435785,382
1.4,0.068901888,363
1.4,0.078198414,391
1.4,0.07114622,366
1.4,0.064797866,357
1.4,0.062868241,353
1.4,0.061799007,356
1.4,0.061714636,355
1.4,0.062738316,358
1.4,0.056792248,350
1.4,0.06314798,352
1.4,0.058355838,341
1.4,0.066784914,360
1.4,0.067715241,350
1.4,0.062764622,351
1.4,0.062926948,355
1.4,0.06076827,340
1.4,0.065320132,358
1.4,0.061291819,346
1.4,0.058821001,351
1.5,0.078736078,420
1.5,0.068220504,410
1.5,0.079691748,419
1.5,0.20104928,412
1.5,0.072284426,406
1.5,0.152946921,408
1.5,0.074472296,410
1.5,0.066662689,405
1.5,0.071784295,394
1.5,0.088577647,396
1.5,0.082897844,395
1.5,0.078519857,396
1.5,0.078278935,397
1.5,0.08114434,395
1.5,0.080070615,399
1.5,0.074703274,401
1.5,0.071604325,392
1.5,0.05788105,396
1.5,0.064007088,399
1.5,0.047952544,398
1.1,0.034990533,270
1.1,0.036856639,265
1.1,0.032990011,263
1.1,0.0310899,252
1.1,0.029399593,245
1.1,0.027869688,242
1.1,0.030687614,247
1.1,0.0276185,248
1.1,0.032884146,242
1.1,0.030345959,252
1.1,0.029713658,241
1.1,0.028897538,245
1.1,0.026731482,245
1.1,0.02526317,236
1.1,0.027153016,231
1.1,0.025236223,227
1.1,0.028378159,242
1.1,0.026707742,227
1.1,0.028833056,248
1.1,0.0270109,233
1.2,0.046180112,302
1.2,0.04293584,313
1.2,0.03810873,297
1.2,0.042138647,295
1.2,0.041595529,296
1.2,0.039467006,285
1.2,0.038740069,287
1.2,0.037589351,288
1.2,0.041566336,290
1.2,0.040415939,279
1.2,0.039438776,280
1.2,0.036491566,286
1.2,0.036239737,279
1.2,0.041583338,289
1.2,0.036627587,276
1.2,0.032551154,265
1.2,0.035660689,278
1.2,0.032323063,268
1.2,0.034792598,269
1.2,0.034166713,273
1.3,0.055726864,334
1.3,0.057524318,353
1.3,0.05401346,338
1.3,0.050661719,327
1.3,0.052674431,339
1.3,0.053924277,343
1.3,0.050832385,321
1.3,0.04941444,322
1.3,0.047791502,312
1.3,0.052984968,326
1.3,0.0490144,331
1.3,0.046217646,309
1.3,0.045643731,309
1.3,0.048894099,327
1.3,0.050982521,321
1.3,0.051127523,326
1.3,0.046477817,318
1.3,0.050425929,326
1.3,0.047955111,322
1.3,0.049044555,329
1.4,0.070986139,387
1.4,0.065181866,377
1.4,0.068266379,385
1.4,0.066893987,391
1.4,0.069176815,375
1.4,0.070436605,378
1.4,0.060814786,360
1.4,0.060297332,364
1.4,0.068171421,364
1.4,0.056894584,350
1.4,0.063468462,371
1.4,0.060461904,352
1.4,0.062915719,357
1.4,0.064092101,371
1.4,0.063065213,364
1.4,0.05982447,353
1.4,0.058358404,357
1.4,0.056780057,353
1.4,0.060733302,360
1.4,0.064323399,364
1.5,0.087982559,431
1.5,0.086217826,428
1.5,0.085121003,432
1.5,0.08479186,426
1.5,0.07814099,417
1.5,0.068812063,413
1.5,0.079085432,410
1.5,0.070455533,407
1.5,0.074175875,416
1.5,0.078897762,424
1.5,0.07261421,410
1.5,0.071888556,412
1.5,0.072395423,400
1.5,0.075532868,410
1.5,0.070664054,411
1.5,0.07648918,402
1.5,0.067227942,403
1.5,0.074998091,389
1.5,0.069044003,397
1.5,0.069697798,393
1.1,0.03515735,256
1.1,0.037007416,268
1.1,0.032286171,247
1.1,0.036898985,260
1.1,0.031916607,248
1.1,0.032292908,240
1.1,0.033407054,242
1.1,0.031019644,240
1.1,0.033188908,236
1.1,0.03142578,233
1.1,0.030109849,249
1.1,0.02838265,237
1.1,0.027747783,237
1.1,0.028635442,225
1.1,0.030200636,234
1.1,0.124124451,228
1.1,0.028159693,228
1.1,0.027327211,234
1.1,0.030863734,232
1.1,0.028776916,224
1.2,0.045477556,289
1.2,0.042587449,281
1.2,0.042674386,279
1.2,0.040806676,280
1.2,0.039756049,275
1.2,0.040057603,270
1.2,0.037308008,267
1.2,0.040284731,267
1.2,0.035883326,264
1.2,0.0355452,258
1.2,0.035275405,263
1.2,0.035307806,275
1.2,0.038807758,271
1.2,0.036428689,272
1.2,0.038729803,268
1.2,0.035572147,259
1.2,0.035166012,259
1.2,0.034135275,257
1.2,0.034249801,251
1.2,0.034389671,251
1.3,0.054563314,313
1.3,0.051239163,307
1.3,0.05084618,311
1.3,0.048667292,309
1.3,0.052757198,318
1.3,0.048568805,296
1.3,0.053349078,296
1.3,0.046609987,299
1.3,0.044317214,287
1.3,0.045537225,291
1.3,0.051724215,309
1.3,0.046402428,285
1.3,0.045261335,284
1.3,0.044102918,293
1.3,0.043465164,290
1.3,0.045190759,288
1.3,0.045636674,294
1.3,0.042146988,276
1.3,0.041698827,296
1.3,0.041649424,284
1.4,0.063499259,342
1.4,0.063450497,342
1.4,0.063705855,336
1.4,0.060815107,344
1.4,0.058430264,337
1.4,0.05972438,329
1.4,0.059561733,333
1.4,0.053309299,332
1.4,0.060426936,325
1.4,0.055675856,328
1.4,0.083962908,324
1.4,0.052972136,325
1.4,0.056760168,327
1.4,0.057182023,310
1.4,0.061608772,328
1.4,0.052643314,315
1.4,0.075444327,315
1.4,0.058247086,320
1.4,0.065407711,319
1.4,0.059415768,319
1.5,0.076339686,379
1.5,0.076868368,376
1.5,0.082435248,379
1.5,0.075496618,369
1.5,0.077246594,355
1.5,0.073519514,364
1.5,0.070881879,372
1.5,0.069342349,361
1.5,0.074164006,365
1.5,0.07513764,368
1.5,0.06732322,368
1.5,0.068719351,370
1.5,0.071171563,359
1.5,0.067818218,359
1.5,0.071715323,364
1.5,0.068033156,366
1.5,0.062789323,347
1.5,0.065472834,349
1.5,0.068546118,363
1.5,0.067091922,363
1.1,0.038431778,276
1.1,0.0385925,272
1.1,0.037155627,264
1.1,0.045384523,267
1.1,0.035284067,253
1.1,0.039066004,266
1.1,0.031786361,263
1.1,0.031908266,266
1.1,0.030141288,255
1.1,0.03093816,245
1.1,0.032739785,246
1.1,0.032336216,246
1.1,0.033304076,255
1.1,0.030500907,243
1.1,0.033487254,239
1.1,0.035116929,240
1.1,0.032106843,251
1.1,0.032048136,246
1.1,0.029210641,250
1.1,0.033286753,243
1.2,0.046609346,307
1.2,0.04598731,306
1.2,0.048445617,304
1.2,0.04705077,301
1.2,0.046330889,312
1.2,0.045085215,295
1.2,0.04159617,299
1.2,0.04634693,289
1.2,0.04772702,280
1.2,0.041013594,277
1.2,0.04580702,300
1.2,0.041314185,290
1.2,0.043713785,279
1.2,0.036115586,277
1.2,0.043022778,278
1.2,0.041806296,276
1.2,0.044374317,274
1.2,0.04158783,282
1.2,0.04033638,279
1.2,0.037081842,275
1.3,0.058281412,349
1.3,0.062915719,335
1.3,0.060761212,346
1.3,0.057932058,339
1.3,0.055330673,341
1.3,0.052372557,325
1.3,0.058634294,337
1.3,0.059051337,333
1.3,0.052077098,327
1.3,0.058133201,327
1.3,0.047688203,323
1.3,0.053352928,320
1.3,0.052613479,342
1.3,0.043902738,333
1.3,0.041566977,325
1.3,0.045959721,326
1.3,0.050247884,303
1.3,0.051107954,319
1.3,0.044448422,309
1.3,0.048427011,317
1.4,0.061872471,385
1.4,0.070057738,383
1.4,0.062529474,375
1.4,0.04819475,377
1.4,0.046293035,374
1.4,0.061116982,370
1.4,0.03796052,351
1.4,0.053416447,364
1.4,0.059563337,360
1.4,0.055774984,355
1.4,0.052483875,359
1.4,0.044008282,355
1.4,0.048672104,355
1.4,0.047356815,360
1.4,0.049729468,352
1.4,0.040312641,348
1.4,0.057801491,346
1.4,0.047862399,364
1.4,0.053402011,347
1.4,0.041994927,358
1.5,0.086338448,425
1.5,0.059217191,413
1.5,0.062934326,414
1.5,0.061185954,406
1.5,0.061800611,396
1.5,0.070455853,399
1.5,0.067695672,403
1.5,0.073703334,403
1.5,0.072585338,391
1.5,0.064521976,397
1.5,0.054029179,390
1.5,0.071791994,396
1.5,0.046987251,386
1.5,0.061043518,394
1.5,0.054403234,383
1.5,0.054163916,391
1.5,0.063780923,380
1.5,0.054397139,391
1.5,0.053888026,385
1.5,0.046554489,380
